96,130,0,642
96,134,0,642
96,141,0,643
96,141,0,645
96,154,0,647
96,157,1,653
96,156,2,653
96,157,2,654
96,156,3,655
96,155,4,656
96,153,6,656
96,156,6,657
96,164,6,659
96,165,6,660
96,166,9,661
96,165,10,661
97,169,11,661
97,169,11,662
97,169,11,661
97,176,11,662
97,176,11,663
97,175,12,664
97,175,12,664
99,175,12,663
99,170,17,668
99,169,18,670
99,169,18,671
99,168,19,673
99,177,19,675
99,177,19,676
99,177,19,677
99,176,20,678
99,181,21,678
99,180,22,681
99,186,22,681
99,185,23,680
99,185,23,680
99,182,26,680
100,187,27,679
100,190,28,679
100,188,30,680
100,188,30,680
100,188,30,679
100,189,31,679
100,189,31,681
100,188,32,682
100,185,35,684
100,185,35,683
100,184,36,683
100,184,36,683
100,191,36,684
100,190,37,686
100,187,40,684
100,187,41,683
100,187,41,683
100,186,42,683
101,182,46,683
101,182,46,683
101,181,47,682
101,179,48,682
101,178,48,683
101,176,50,684
101,181,51,686
101,181,51,686
102,179,53,687
102,183,53,689
102,182,53,689
102,181,54,689
102,179,56,690
102,177,58,689
102,177,58,689
102,178,60,690
102,177,61,692
102,174,64,693
102,173,65,693
102,172,66,694
102,172,66,693
102,172,66,695
102,172,66,695
102,172,65,696
102,172,63,697
102,169,66,697
104,168,67,699
104,165,70,698
104,163,72,697
104,165,73,697
105,165,73,697
106,164,74,697
106,163,75,697
106,163,75,697
106,164,76,697
106,164,76,697
107,171,76,698
107,171,76,698
108,170,76,698
108,170,76,698
108,170,76,700
108,169,77,701
108,168,77,702
108,168,77,703
108,168,77,703
108,168,77,703
109,167,78,703
110,167,77,708
110,166,78,709
111,166,78,710
111,163,81,710
111,161,83,710
111,160,84,710
112,160,84,711
112,159,85,711
112,157,89,712
112,156,90,711
112,153,93,713
112,153,93,713
112,152,94,713
112,151,94,713
112,151,94,712
112,148,97,712
113,147,97,712
114,145,98,712
114,142,101,713
114,140,103,714
114,139,104,715
114,137,106,714
115,135,108,714
115,134,107,715
114,133,108,716
114,133,107,718
114,131,109,718
114,131,109,719
114,131,109,721
114,128,111,722
114,127,112,723
114,126,112,723
114,126,112,725
115,123,115,725
115,122,115,726
114,121,116,727
114,120,117,728
114,122,119,728
114,121,120,728
114,119,122,730
114,118,122,731
114,118,121,732
115,117,122,732
116,115,124,733
115,115,124,734
115,115,124,734
115,115,124,734
115,115,124,734
116,115,124,736
116,117,125,738
116,117,125,738
116,114,128,738
116,113,128,738
116,112,129,738
116,109,131,739
116,108,132,741
116,107,133,741
116,107,133,741
116,106,134,743
116,105,135,743
116,103,137,743
116,102,137,743
117,102,137,746
116,102,137,746
116,101,138,747
115,101,138,748
115,101,138,749
115,101,137,750
115,101,137,751
115,101,136,751
115,101,136,754
115,97,140,754
115,97,139,755
115,97,138,756
115,97,137,757
115,97,136,758
115,96,136,758
115,96,133,760
115,96,131,761
115,96,131,761
115,96,131,761
115,95,130,761
115,94,131,764
115,94,129,766
115,93,130,767
115,92,131,770
115,92,130,770
115,91,131,771
115,91,129,773
115,89,131,777
115,89,131,780
115,88,130,781
115,87,128,783
115,86,128,783
115,86,125,784
114,84,127,785
114,83,128,786
114,81,130,788
114,80,130,789
114,78,132,791
113,77,133,792
113,76,134,796
112,76,133,801
112,76,133,801
112,75,134,801
112,74,135,805
112,70,139,807
112,70,139,809
111,70,138,810
111,70,138,817
111,70,138,818
111,69,136,823
111,69,136,825
111,68,137,826
111,68,137,828
111,68,137,829
112,68,137,832
112,67,137,834
112,67,137,835
112,67,136,838
112,67,135,842
112,67,134,845
112,66,135,847
112,64,137,848
112,62,139,848
112,62,139,849
112,59,142,851
112,58,141,853
112,56,143,853
112,56,142,855
112,55,143,857
112,54,142,857
112,54,141,859
111,54,141,863
111,54,141,866
111,54,140,868
111,59,141,870
110,57,141,872
110,57,140,874
110,57,140,879
110,57,140,880
110,56,139,883
110,56,137,885
111,56,136,893
111,56,135,895
111,56,133,897
111,56,132,901
111,56,132,903
111,56,132,905
111,56,132,910
111,56,132,913
112,54,134,914
112,54,133,916
112,53,132,917
112,53,132,922
112,53,131,923
112,53,131,927
112,52,132,932
112,51,131,933
112,51,130,933
112,51,130,934
112,50,131,936
112,49,132,939
112,47,132,939
112,46,133,941
112,46,133,943
112,46,132,945
111,46,131,945
111,46,131,948
111,46,129,951
111,46,129,952
111,46,128,954
112,46,127,955
112,46,127,962
112,46,127,963
112,46,127,966
112,46,127,973
112,46,126,975
112,46,126,977
112,46,126,979
112,46,124,981
112,46,124,985
112,46,122,986
111,53,122,988
111,57,120,990
111,57,120,992
110,57,120,996
110,57,119,999
110,57,119,1000
110,57,117,1001
111,57,117,1005
111,57,116,1008
111,57,115,1008
111,57,115,1009
111,57,115,1014
111,56,115,1017
111,56,115,1018
110,56,115,1022
110,55,116,1022
110,55,116,1023
110,55,115,1024
110,55,115,1026
110,55,115,1029
110,55,114,1031
110,54,115,1037
109,54,114,1040
110,53,115,1041
110,53,115,1042
110,53,112,1044
110,52,113,1046
110,51,114,1047
110,51,114,1049
109,51,114,1051
109,51,114,1052
109,51,114,1054
109,51,113,1058
109,50,114,1060
109,50,114,1062
108,49,115,1063
108,49,114,1066
108,49,114,1068
108,49,114,1071
108,48,115,1075
108,47,116,1080
108,47,116,1086
107,47,115,1090
107,47,115,1094
107,46,116,1096
106,46,114,1097
106,46,114,1101
106,46,112,1101
106,45,112,1103
106,45,109,1106
106,44,110,1108
106,44,110,1112
105,44,110,1113
105,44,109,1115
105,43,110,1116
105,43,110,1119
105,43,109,1122
105,43,109,1123
106,43,109,1124
106,43,108,1125
106,43,106,1127
106,43,105,1128
106,43,104,1131
106,43,104,1132
106,43,103,1136
106,43,103,1138
106,43,102,1140
107,42,102,1143
107,42,102,1145
106,41,101,1149
107,41,100,1150
107,41,99,1152
107,41,99,1153
107,41,98,1156
107,41,97,1161
108,41,97,1166
109,40,96,1168
109,40,95,1170
109,40,95,1174
109,40,95,1177
109,40,95,1178
109,39,93,1183
109,39,93,1186
109,38,94,1189
109,37,94,1193
109,37,94,1193
109,37,93,1196
110,37,92,1197
110,37,91,1201
111,37,91,1202
111,37,88,1203
111,37,88,1205
111,37,87,1210
112,37,86,1211
112,37,86,1214
111,36,87,1216
111,35,87,1221
111,35,86,1224
111,35,86,1227
111,35,86,1232
111,35,85,1232
110,35,85,1233
110,35,85,1236
111,35,85,1238
111,35,85,1240
111,35,85,1247
111,35,85,1251
111,35,85,1252
111,35,84,1255
111,35,83,1258
112,35,82,1266
112,35,81,1269
113,35,79,1272
113,35,79,1276
113,35,78,1280
113,35,77,1281
114,35,77,1284
114,35,77,1287
114,35,77,1289
114,35,77,1292
114,35,77,1296
114,34,78,1300
114,34,77,1300
114,34,76,1303
114,34,76,1307
113,34,75,1307
113,34,75,1309
113,33,76,1311
113,33,74,1315
113,33,73,1318
113,33,72,1320
113,33,72,1322
113,32,73,1323
113,32,73,1325
113,32,73,1328
113,32,73,1332
111,31,74,1332
111,31,74,1337
111,31,74,1338
112,31,74,1340
112,31,74,1345
112,31,74,1347
112,31,74,1349
112,31,73,1353
112,31,72,1357
112,30,71,1359
111,29,71,1361
111,29,69,1365
111,29,67,1370
111,29,67,1375
111,29,67,1379
111,29,67,1383
111,29,67,1386
110,29,67,1390
110,29,66,1391
110,29,66,1395
110,29,66,1398
110,29,66,1400
110,29,66,1403
110,29,65,1403
110,29,64,1404
110,29,64,1411
110,29,62,1416
110,29,62,1419
110,29,60,1421
109,29,58,1423
109,29,58,1424
107,29,57,1425
106,29,57,1430
106,29,56,1432
106,29,56,1439
106,29,55,1444
106,29,55,1445
106,28,56,1449
104,28,56,1452
104,28,56,1454
104,28,54,1455
104,28,53,1457
104,28,53,1463
104,28,53,1466
104,28,52,1470
104,28,52,1473
104,28,51,1477
105,28,51,1477
105,28,51,1480
105,28,51,1485
105,28,51,1487
105,28,51,1493
105,28,51,1499
105,28,50,1502
105,27,51,1504
105,26,52,1504
105,26,50,1510
105,26,49,1515
105,26,49,1515
105,26,49,1518
105,26,49,1520
104,28,48,1523
103,28,48,1524
103,28,48,1526
103,28,48,1529
103,28,47,1531
103,28,44,1534
103,28,44,1539
103,28,42,1542
103,27,43,1543
103,27,43,1543
103,27,43,1545
104,27,43,1549
104,27,43,1554
104,27,43,1558
104,27,43,1559
104,27,42,1562
104,27,41,1566
104,27,41,1570
104,27,41,1570
104,26,42,1574
104,26,42,1580
104,26,42,1581
104,26,42,1585
104,26,42,1591
104,26,41,1590
104,26,41,1590
103,26,40,1592
103,26,40,1597
103,26,40,1599
102,26,39,1603
101,26,39,1605
101,26,39,1609
101,26,39,1613
101,26,38,1615
101,26,37,1617
101,25,38,1619
101,25,38,1622
101,25,38,1622
101,25,38,1626
101,25,37,1630
101,25,37,1635
101,25,37,1640
101,25,37,1644
101,25,37,1648
101,25,37,1652
101,25,36,1656
101,25,36,1662
101,25,36,1665
101,25,36,1666
100,25,36,1673
100,25,36,1675
100,28,36,1678
100,28,36,1683
100,28,36,1684
100,28,35,1686
100,28,35,1690
100,28,34,1693
100,27,35,1698
100,27,35,1702
100,27,35,1706
100,27,35,1709
100,27,35,1717
100,27,34,1720
100,27,34,1720
100,27,34,1722
100,27,33,1724
100,27,33,1727
100,27,33,1731
100,27,32,1734
100,27,32,1741
100,27,31,1745
100,27,31,1750
100,27,31,1752
100,27,31,1753
100,27,31,1754
99,27,31,1757
99,27,31,1757
97,27,31,1761
96,27,30,1770
95,27,30,1775
95,27,30,1778
95,27,30,1781
95,27,30,1782
95,27,30,1785
95,27,30,1787
95,27,30,1792
96,27,30,1795
96,27,29,1799
96,27,29,1802
96,27,28,1802
96,26,29,1805
96,32,29,1809
96,32,28,1814
96,32,28,1817
95,32,27,1818
95,32,27,1820
95,32,27,1826
95,32,27,1828
95,32,27,1829
95,32,27,1834
94,32,27,1838
95,32,27,1844
95,32,27,1847
96,32,27,1853
96,32,27,1854
95,32,27,1857
95,32,27,1858
95,32,27,1864
95,32,27,1865
95,32,27,1870
96,32,27,1871
96,32,27,1875
96,31,28,1877
96,31,28,1881
96,31,28,1882
96,31,28,1885
95,31,28,1890
95,31,28,1890
95,31,28,1896
95,38,28,1901
95,38,28,1902
95,38,28,1905
95,38,28,1908
94,38,28,1914
94,38,28,1916
94,38,27,1918
92,38,27,1922
92,38,27,1923
92,38,27,1923
92,38,27,1926
92,38,27,1929
92,38,27,1938
92,38,27,1938
92,38,27,1942
92,38,27,1944
92,38,27,1947
92,38,26,1949
92,38,26,1951
92,38,26,1955
92,38,26,1956
92,38,26,1958
92,38,26,1963
92,38,26,1964
92,38,26,1969
92,38,26,1972
93,38,26,1977
93,38,25,1981
94,38,25,1982
93,38,25,1982
93,38,25,1987
93,38,24,1988
93,38,24,1991
93,38,24,1996
93,38,24,1998
93,38,24,1999
93,38,24,1999
92,38,24,2002
92,38,24,2003
92,38,23,2007
93,38,22,2008
94,38,21,2012
94,38,21,2021
94,38,21,2023
94,38,21,2028
94,38,21,2032
94,38,21,2033
94,38,20,2038
94,38,20,2038
94,38,20,2038
94,38,20,2043
93,38,20,2046
93,38,20,2051
93,38,20,2051
93,38,20,2053
93,38,20,2056
93,38,20,2058
93,38,20,2059
93,38,19,2063
93,38,18,2070
94,38,18,2072
94,38,18,2074
94,37,19,2076
94,37,19,2081
97,37,19,2083
97,37,19,2087
97,37,19,2087
97,37,19,2091
97,37,19,2095
97,37,19,2098
97,37,19,2100
97,37,19,2104
97,37,19,2110
98,37,19,2113
98,37,19,2114
98,37,18,2119
98,37,18,2120
98,37,18,2122
98,37,18,2125
98,37,18,2129
98,37,18,2135
98,37,18,2136
98,37,18,2142
98,37,18,2145
98,37,18,2145
98,37,17,2151
98,37,17,2152
97,37,17,2156
97,37,17,2155
97,37,16,2160
97,37,16,2163
98,37,16,2168
98,37,16,2172
98,37,16,2174
98,37,16,2178
98,37,16,2181
98,37,16,2187
98,37,16,2189
98,37,16,2192
98,37,16,2194
98,37,16,2198
98,37,16,2205
98,37,16,2210
98,37,16,2213
98,37,14,2218
98,37,14,2222
98,37,14,2226
98,37,14,2233
98,37,14,2235
98,37,14,2241
98,37,14,2248
98,37,14,2249
98,37,14,2254
98,37,14,2254
98,37,14,2257
98,37,14,2260
99,37,14,2266
98,37,14,2268
98,37,14,2270
98,37,13,2272
98,37,13,2274
98,37,13,2279
98,37,13,2285
98,37,13,2287
98,37,13,2288
98,37,13,2292
98,37,13,2296
98,37,13,2299
98,36,14,2302
98,36,14,2303
98,36,14,2307
98,36,14,2310
98,36,14,2316
98,36,14,2317
98,36,14,2319
98,36,14,2321
98,36,14,2323
98,36,14,2324
98,36,14,2325
98,36,14,2328
98,36,14,2333
99,36,14,2338
99,36,12,2341
99,36,11,2344
100,36,11,2347
99,36,11,2347
99,36,11,2347
100,36,11,2349
99,36,11,2350
99,36,11,2353
99,36,11,2358
99,35,12,2362
99,35,12,2364
99,35,11,2370
99,35,10,2373
98,35,10,2376
98,35,10,2377
98,35,10,2380
98,35,10,2382
98,35,10,2384
98,35,10,2387
98,35,10,2393
98,35,10,2396
98,35,10,2397
98,35,10,2399
98,40,10,2402
98,40,10,2406
98,40,10,2408
98,40,10,2412
98,40,10,2413
98,40,10,2421
98,40,10,2423
98,40,10,2425
98,40,10,2428
98,40,10,2431
98,40,10,2435
98,40,10,2440
98,40,10,2443
98,40,10,2445
98,40,10,2451
98,40,10,2454
98,40,10,2457
99,40,10,2459
99,40,10,2463
99,40,10,2469
100,40,10,2473
101,40,10,2476
101,40,10,2480
101,40,10,2484
101,40,10,2486
101,40,10,2491
101,40,10,2496
102,40,10,2497
102,40,10,2499
102,40,10,2501
102,40,9,2501
102,40,9,2501
102,40,8,2501
102,40,7,2501
102,40,7,2501
102,40,7,2501
102,40,7,2501
102,40,7,2501
102,40,7,2501
102,40,7,2501
102,40,7,2501
102,40,7,2501
102,40,7,2501
101,40,7,2501
100,40,7,2501
100,40,7,2501
100,40,7,2501
101,40,7,2501
101,40,7,2501
101,40,7,2501
101,39,8,2501
101,39,8,2501
101,39,8,2501
101,39,8,2501
101,39,8,2500
100,39,8,2500
100,39,8,2500
99,39,8,2500
99,38,9,2500
99,38,8,2500
99,38,8,2500
99,38,8,2500
99,43,8,2499
99,43,8,2501
98,43,8,2501
98,43,8,2501
98,42,9,2501
98,42,9,2501
99,44,9,2501
99,44,9,2501
99,44,9,2501
98,44,9,2501
98,44,9,2501
98,44,9,2501
98,44,9,2501
98,44,9,2501
98,44,9,2501
98,44,9,2501
98,44,9,2501
97,44,9,2501
97,44,9,2501
98,44,9,2501
98,44,9,2501
98,44,9,2501
98,44,9,2501
98,44,9,2501
98,43,10,2501
98,43,10,2501
98,43,9,2501
98,43,9,2501
98,43,9,2501
98,43,9,2501
98,43,9,2501
98,43,9,2499
98,43,9,2502
98,43,9,2501
97,43,9,2501
96,43,9,2501
96,43,9,2501
96,43,9,2501
96,43,9,2501
96,45,9,2501
96,45,9,2501
96,45,9,2501
96,45,9,2501
96,49,8,2501
97,49,8,2501
96,49,8,2501
96,49,8,2501
96,49,8,2500
96,49,8,2499
96,49,8,2501
96,49,8,2501
96,49,8,2500
96,54,8,2500
96,54,8,2500
96,54,8,2500
97,54,8,2500
97,54,8,2500
97,54,8,2500
97,54,8,2499
97,54,8,2504
97,54,8,2504
97,54,8,2504
97,54,8,2504
97,54,8,2504
97,54,8,2504
97,54,8,2504
97,61,8,2503
97,61,8,2503
97,61,8,2503
97,61,8,2503
97,61,8,2503
97,61,8,2503
98,61,8,2502
98,61,8,2501
98,61,8,2501
98,61,8,2501
98,61,8,2501
98,61,8,2501
98,61,8,2501
98,61,8,2501
98,60,9,2501
99,60,9,2500
99,60,9,2500
99,60,9,2500
99,60,9,2500
99,61,9,2498
99,61,9,2502
99,61,9,2501
99,61,9,2501
99,61,9,2501
99,61,9,2500
99,61,9,2500
99,61,9,2499
99,61,9,2502
98,61,9,2502
98,60,10,2502
98,60,10,2502
98,60,10,2502
98,60,10,2502
97,60,10,2502
97,60,10,2502
97,60,10,2501
97,60,10,2501
96,60,10,2501
96,60,10,2501
96,60,10,2501
96,60,10,2501
96,60,10,2500
96,60,10,2500
96,60,10,2500
96,60,10,2500
97,60,10,2500
97,60,10,2500
97,60,9,2500
97,60,9,2500
97,60,9,2500
96,60,9,2500
96,60,9,2500
96,60,9,2500
96,59,10,2500
96,59,10,2500
96,59,10,2500
95,59,10,2500
95,59,10,2500
95,59,9,2500
95,59,9,2500
95,59,9,2500
95,59,9,2500
95,59,9,2500
95,59,9,2500
95,59,9,2500
94,59,9,2499
94,59,9,2499
94,59,9,2501
94,59,9,2501
94,59,9,2501
94,59,9,2501
94,59,9,2501
95,59,9,2501
95,59,9,2500
95,59,8,2500
95,59,8,2500
95,59,8,2500
95,59,8,2500
95,59,8,2500
95,59,8,2500
95,59,8,2500
95,59,8,2500
96,59,8,2500
95,59,8,2500
95,59,8,2500
95,59,8,2500
95,59,8,2500
95,59,8,2499
95,59,8,2500
95,59,8,2500
95,59,8,2500
95,59,8,2499
95,59,8,2499
95,59,8,2499
95,59,8,2500
95,59,8,2500
95,59,8,2499
95,59,8,2500
94,59,8,2500
94,59,8,2500
94,59,8,2500
94,59,8,2498
94,59,8,2499
94,59,8,2499
94,59,7,2499
94,59,7,2498
94,59,7,2498
94,59,7,2498
94,59,7,2499
94,59,7,2499
94,59,7,2500
94,59,7,2500
94,59,7,2500
94,59,7,2500
94,59,7,2500
94,59,7,2500
94,59,7,2500
94,59,7,2500
94,59,7,2500
93,59,7,2500
93,59,7,2500
93,59,7,2500
93,59,7,2500
93,59,7,2500
93,59,7,2500
93,59,7,2500
93,59,7,2499
92,59,7,2500
92,59,7,2500
92,59,7,2500
92,59,7,2500
93,59,7,2500
93,59,7,2500
93,59,7,2500
93,59,7,2500
93,59,7,2500
93,59,7,2499
93,59,7,2499
93,58,8,2499
93,58,8,2500
93,58,8,2500
93,58,8,2500
93,58,8,2500
93,61,8,2500
93,61,8,2498
93,61,8,2498
93,61,8,2498
93,61,8,2498
93,61,8,2499
93,61,8,2501
93,61,8,2501
93,61,8,2501
92,61,8,2501
93,61,8,2501
92,61,8,2500
93,61,8,2500
93,61,8,2500
93,61,7,2500
93,61,7,2500
93,61,7,2500
92,61,7,2500
93,61,7,2500
93,67,7,2500
93,67,7,2500
93,67,7,2500
93,67,7,2500
93,67,7,2500
93,67,7,2500
93,67,7,2499
93,67,7,2499
93,66,8,2501
93,66,8,2501
93,66,8,2501
93,66,8,2501
93,66,8,2501
94,66,8,2501
94,66,8,2501
94,66,8,2501
93,66,8,2501
93,66,8,2500
93,66,8,2500
93,66,8,2500
93,70,8,2500
94,70,8,2500
93,70,8,2500
93,70,8,2500
93,70,8,2499
93,70,8,2500
93,70,8,2500
93,70,8,2500
92,70,8,2500
92,69,9,2500
92,69,9,2500
92,69,9,2500
92,69,9,2500
92,69,9,2500
92,69,9,2500
92,76,9,2500
92,76,9,2500
92,76,9,2499
93,76,9,2499
93,76,9,2499
93,76,9,2499
93,76,9,2499
93,76,9,2500
93,76,9,2500
93,76,9,2499
93,76,9,2499
93,76,9,2499
93,76,8,2498
93,76,8,2498
93,76,8,2498
93,76,8,2499
94,76,8,2498
94,76,8,2500
94,76,8,2500
94,76,8,2500
94,76,8,2500
94,76,8,2500
93,76,8,2500
93,83,8,2500
93,83,8,2500
92,83,8,2500
92,83,8,2500
93,83,8,2500
93,83,8,2500
93,83,8,2500
93,83,8,2500
93,83,8,2500
93,83,8,2500
92,83,8,2500
92,83,8,2500
92,83,7,2500
92,83,7,2499
92,83,7,2499
92,83,7,2497
92,83,7,2497
91,83,7,2497
91,83,7,2497
91,83,7,2497
90,83,7,2495
90,83,7,2494
90,89,7,2493
90,89,7,2493
90,89,7,2493
90,89,7,2493
90,89,7,2493
90,89,7,2493
90,89,7,2493
90,89,7,2493
90,89,7,2493
90,89,7,2493
90,89,7,2494
90,89,7,2493
90,89,7,2492
90,89,7,2493
90,89,7,2495
90,92,7,2496
90,99,7,2496
90,99,7,2496
90,103,7,2495
90,103,7,2496
90,103,7,2497
90,103,7,2498
90,102,8,2498
90,106,8,2498
90,106,8,2499
89,110,8,2500
89,110,8,2500
89,110,8,2499
89,110,8,2499
88,110,8,2501
88,110,8,2501
88,109,9,2500
88,109,9,2499
87,109,9,2498
88,109,9,2497
87,109,8,2498
87,109,8,2499
87,109,8,2499
87,109,8,2497
88,109,8,2498
88,109,8,2498
88,109,8,2498
88,109,8,2498
88,109,8,2498
88,109,8,2499
88,109,8,2499
88,109,8,2500
88,116,8,2500
88,123,8,2499
88,123,8,2500
88,123,8,2498
88,127,8,2497
88,131,8,2497
88,130,9,2495
88,134,9,2495
88,134,9,2495
88,133,10,2494
88,133,10,2495
87,133,10,2494
87,133,10,2494
87,133,10,2494
87,133,10,2496
87,133,10,2496
87,133,10,2496
87,132,11,2496
86,132,11,2496
86,131,12,2495
86,131,12,2495
86,131,12,2495
86,131,12,2497
86,131,12,2497
87,131,12,2497
87,130,13,2497
87,130,13,2496
87,130,13,2496
87,130,13,2497
87,130,13,2499
87,130,13,2499
88,129,14,2500
88,128,15,2500
88,128,15,2500
88,128,15,2500
88,128,15,2498
88,128,15,2498
88,128,15,2497
88,128,15,2497
87,128,15,2497
86,128,15,2497
86,128,15,2498
86,127,16,2498
86,127,16,2497
86,127,16,2496
86,127,16,2497
86,127,16,2495
86,127,16,2495
86,127,16,2496
85,127,16,2496
85,130,16,2495
85,130,15,2494
85,130,15,2497
85,130,15,2497
85,130,15,2495
85,130,15,2494
84,130,15,2494
84,130,15,2495
84,130,15,2493
84,130,15,2493
84,130,15,2494
84,130,15,2495
84,130,15,2495
84,129,16,2495
85,129,16,2495
85,129,16,2495
85,129,16,2494
84,129,16,2494
84,129,16,2494
84,129,16,2494
84,129,16,2494
84,129,16,2494
84,129,16,2495
83,129,15,2495
83,129,15,2494
83,129,15,2494
83,131,15,2493
83,131,14,2494
83,131,14,2495
83,131,14,2495
83,131,14,2495
83,131,14,2494
83,131,14,2494
83,131,14,2494
83,131,14,2495
83,131,14,2495
83,131,14,2495
83,131,14,2494
83,130,15,2494
83,130,15,2495
83,130,15,2496
84,131,16,2497
83,131,16,2497
83,131,16,2497
83,131,16,2499
83,131,16,2500
83,131,16,2499
83,131,16,2499
83,131,16,2499
83,130,16,2498
83,130,16,2499
83,130,16,2497
83,130,16,2497
83,130,16,2496
82,130,16,2496
82,130,16,2496
82,130,16,2496
82,130,16,2496
82,130,16,2496
82,130,16,2496
82,130,16,2495
82,129,17,2495
82,129,17,2495
82,129,17,2495
82,129,17,2494
82,129,17,2494
82,129,17,2494
82,129,17,2494
82,129,17,2493
82,129,17,2493
82,128,18,2492
83,128,18,2493
83,128,18,2492
83,128,18,2492
83,128,18,2493
83,128,18,2493
83,128,18,2494
83,128,18,2494
83,128,18,2493
83,128,18,2492
83,128,18,2492
83,128,18,2492
83,128,18,2492
83,128,18,2493
83,128,18,2492
83,128,18,2493
83,128,18,2493
83,127,19,2493
83,127,19,2492
83,131,19,2492
83,131,19,2493
83,131,19,2494
83,131,19,2494
83,131,19,2496
83,131,19,2497
83,131,19,2498
83,131,19,2498
83,131,19,2498
83,131,19,2500
83,131,19,2500
82,131,19,2499
82,131,19,2500
82,131,19,2500
82,131,19,2500
82,130,20,2500
82,130,20,2500
81,130,20,2500
81,130,20,2500
81,130,20,2500
81,130,20,2499
81,135,20,2498
81,135,20,2498
81,135,20,2497
81,135,20,2496
81,135,20,2497
81,135,20,2497
81,135,20,2496
80,135,20,2496
80,138,20,2497
80,137,21,2498
80,137,21,2498
80,149,21,2497
80,149,21,2497
80,149,21,2497
80,149,21,2498
80,154,21,2498
80,153,22,2498
80,153,22,2497
80,153,22,2498
80,153,22,2498
80,153,22,2498
80,153,22,2500
80,159,22,2500
81,160,22,2498
81,160,22,2498
80,160,22,2498
80,160,22,2497
80,160,22,2497
80,160,22,2498
80,160,22,2497
80,163,22,2497
80,163,22,2497
80,163,22,2497
80,163,22,2496
81,163,22,2494
81,167,22,2493
81,166,23,2493
81,166,23,2491
80,166,23,2490
80,166,22,2491
80,166,22,2491
80,166,22,2491
80,165,23,2492
80,165,23,2490
80,165,23,2490
80,165,23,2490
79,165,23,2489
80,165,23,2490
80,165,23,2489
80,165,23,2490
81,165,23,2490
81,164,24,2490
80,164,24,2490
80,165,24,2489
80,165,24,2489
80,165,24,2489
80,165,24,2490
80,165,24,2490
80,165,24,2488
80,167,24,2489
80,167,24,2488
80,167,24,2488
80,167,23,2488
80,172,23,2487
80,172,23,2486
80,172,23,2485
80,172,22,2483
80,172,22,2484
80,172,22,2484
80,172,22,2484
80,172,22,2485
80,172,22,2485
80,172,22,2486
80,176,21,2485
80,180,21,2486
80,180,20,2486
80,180,20,2486
80,180,20,2486
80,180,20,2485
80,180,20,2485
80,180,20,2486
80,180,20,2486
80,180,20,2486
80,184,20,2484
80,184,20,2485
80,188,20,2483
80,188,20,2483
80,188,20,2484
80,188,20,2483
80,188,19,2483
80,187,20,2481
80,188,20,2481
80,195,20,2479
80,195,20,2481
79,197,20,2479
79,197,20,2479
79,196,21,2480
79,196,21,2479
79,196,21,2480
79,195,22,2479
78,195,22,2480
79,202,22,2480
78,205,22,2479
78,205,22,2478
78,205,22,2477
78,205,21,2477
78,211,21,2476
78,211,21,2475
78,211,21,2476
77,212,21,2476
77,212,21,2475
77,212,21,2476
77,220,21,2477
77,220,20,2477
77,220,20,2475
77,220,20,2474
77,220,20,2473
77,225,20,2472
77,225,20,2473
77,225,20,2473
77,225,20,2471
77,225,20,2471
77,230,20,2470
77,230,20,2470
77,230,20,2467
77,230,20,2468
77,229,21,2466
77,229,21,2468
77,231,21,2468
77,231,21,2467
77,231,21,2468
76,231,21,2469
76,231,21,2467
76,231,21,2468
76,236,21,2467
76,236,21,2465
76,235,22,2466
76,235,22,2466
76,234,23,2465
76,234,22,2465
76,237,23,2462
76,237,23,2461
76,242,23,2461
76,242,23,2461
76,242,23,2460
76,241,24,2460
76,241,24,2459
76,246,24,2459
76,246,24,2456
76,246,24,2458
76,246,24,2458
76,245,25,2459
76,245,25,2457
76,244,26,2456
76,244,26,2456
76,243,27,2456
76,242,28,2454
76,247,28,2452
76,247,28,2451
76,247,28,2450
76,247,28,2448
76,247,28,2445
76,252,28,2444
76,252,28,2442
76,252,28,2442
76,252,28,2439
75,252,28,2437
75,252,28,2435
75,252,28,2435
75,251,29,2433
75,255,29,2431
75,255,29,2430
75,255,29,2429
75,255,29,2428
75,255,29,2428
75,255,29,2429
75,255,29,2428
75,255,29,2428
75,255,29,2427
75,254,30,2426
75,254,30,2427
75,254,29,2427
75,254,29,2427
74,254,29,2428
74,254,29,2429
74,253,30,2428
74,253,30,2428
74,252,31,2430
74,255,31,2431
74,255,31,2429
75,255,31,2428
75,255,31,2426
75,255,31,2424
75,262,31,2422
75,262,31,2421
76,262,31,2420
76,261,32,2419
76,261,32,2416
76,261,32,2416
76,261,32,2415
76,261,32,2414
76,261,32,2415
76,261,32,2416
76,261,32,2416
76,260,33,2413
76,260,33,2412
76,260,33,2412
76,260,33,2410
76,259,34,2408
76,259,34,2406
76,259,34,2407
76,259,34,2404
76,262,34,2402
76,262,34,2404
76,262,34,2401
76,264,34,2399
76,264,33,2398
75,264,33,2398
74,264,32,2397
74,266,32,2397
74,273,32,2395
74,273,32,2394
74,274,33,2393
74,274,32,2393
74,274,32,2393
74,274,32,2391
74,274,32,2390
74,274,32,2389
73,281,32,2389
73,284,32,2385
74,284,32,2383
74,284,32,2380
74,284,32,2376
74,284,32,2374
74,290,32,2373
74,290,32,2372
75,290,32,2372
75,290,32,2368
74,289,33,2369
74,289,33,2367
74,289,33,2366
74,289,33,2366
74,289,33,2365
74,289,33,2364
74,289,33,2361
74,288,34,2360
74,288,33,2359
74,288,33,2358
73,288,33,2355
72,289,34,2352
72,289,34,2351
73,289,34,2351
73,289,34,2346
73,289,34,2345
73,289,34,2345
72,289,34,2344
72,288,35,2344
72,288,35,2342
72,289,36,2337
72,295,36,2336
73,294,36,2335
73,294,36,2335
73,301,36,2333
73,301,36,2331
73,301,36,2332
73,301,36,2332
73,305,36,2333
73,305,36,2331
73,303,38,2329
73,303,38,2329
73,303,38,2325
73,303,38,2324
73,303,38,2323
73,303,38,2323
73,301,40,2321
73,300,41,2320
73,300,41,2319
73,300,41,2318
73,304,40,2317
74,303,41,2318
74,312,41,2318
74,316,41,2315
73,316,41,2315
72,315,41,2315
72,315,41,2312
72,315,40,2312
72,321,40,2312
72,321,40,2312
72,321,40,2311
72,324,40,2310
72,324,40,2310
72,323,41,2307
71,323,40,2305
71,328,41,2301
71,328,41,2299
71,328,41,2297
71,333,43,2296
71,333,43,2296
71,333,43,2294
71,333,43,2290
71,333,43,2288
71,333,42,2287
71,332,42,2287
71,332,42,2282
71,332,42,2281
71,342,41,2280
70,342,40,2277
70,342,40,2274
70,348,40,2271
70,348,42,2269
69,348,42,2264
68,348,42,2261
68,348,42,2259
67,348,42,2256
66,349,42,2255
66,348,43,2251
66,348,43,2252
66,348,43,2249
66,352,43,2247
66,352,43,2244
66,351,44,2242
66,352,46,2241
66,352,46,2237
66,350,46,2235
66,350,46,2235
66,357,45,2231
66,357,45,2230
65,369,44,2231
65,369,44,2231
65,369,44,2230
65,368,45,2228
65,368,45,2227
65,368,45,2226
64,368,45,2225
64,378,45,2224
64,378,45,2219
64,377,46,2218
64,376,47,2216
64,376,47,2212
64,376,47,2208
64,376,47,2206
64,376,47,2204
64,381,47,2202
64,383,47,2200
63,385,47,2199
63,385,49,2193
63,385,49,2191
63,385,49,2185
63,385,49,2181
63,383,51,2179
63,381,53,2175
63,381,53,2174
63,380,54,2173
63,380,54,2170
63,380,54,2168
63,380,54,2168
63,381,55,2166
61,381,55,2165
61,388,55,2163
62,391,57,2161
62,397,57,2159
61,397,57,2157
61,400,58,2157
59,407,58,2156
58,407,57,2152
58,413,56,2151
58,416,56,2150
59,416,56,2147
59,416,56,2145
59,416,56,2141
59,416,56,2142
59,426,58,2140
59,425,59,2136
59,425,58,2135
59,425,58,2131
58,425,58,2131
58,425,58,2127
58,425,58,2127
58,424,59,2126
58,424,59,2119
57,424,59,2114
57,422,61,2111
57,432,62,2109
57,432,62,2107
57,430,63,2105
57,429,64,2103
57,427,66,2099
57,437,66,2097
57,437,66,2095
57,437,66,2092
56,448,66,2089
56,446,68,2086
56,451,69,2085
56,451,69,2083
55,451,69,2081
55,450,70,2077
54,449,71,2074
54,454,71,2071
54,454,71,2069
54,463,72,2066
52,465,72,2064
52,471,72,2063
52,477,73,2060
51,477,73,2059
50,484,73,2056
49,489,73,2055
49,488,74,2053
49,488,73,2048
49,488,73,2046
49,493,75,2041
49,496,76,2039
50,500,76,2036
50,499,77,2034
48,502,77,2031
48,509,76,2031
48,509,76,2026
49,508,76,2022
49,511,79,2018
49,513,79,2011
48,512,80,2006
48,512,81,2003
48,512,81,2002
48,513,81,2000
48,513,81,1997
48,517,81,1995
48,518,81,1989
48,524,82,1985
46,522,83,1983
46,526,83,1981
45,531,84,1976
45,532,84,1974
45,531,85,1971
45,530,86,1968
45,530,85,1965
45,529,86,1962
45,534,85,1960
45,535,85,1954
45,534,86,1952
45,533,87,1949
45,532,88,1947
45,532,87,1946
45,536,87,1941
45,535,86,1939
45,535,86,1935
45,535,86,1935
44,539,86,1931
43,544,87,1929
43,549,87,1926
42,549,87,1925
42,548,88,1921
42,548,87,1920
41,548,87,1918
41,547,88,1913
41,547,88,1910
41,548,88,1910
41,548,88,1909
41,548,88,1903
41,548,88,1897
41,548,88,1892
41,548,88,1888
41,548,88,1887
41,548,87,1886
41,548,88,1882
41,550,88,1876
41,550,88,1868
40,556,88,1864
40,555,89,1858
40,555,89,1852
40,554,90,1850
39,563,90,1844
39,563,90,1842
39,570,90,1839
39,570,90,1837
38,569,90,1834
38,569,90,1828
38,571,89,1823
38,571,89,1820
38,572,91,1817
38,572,91,1818
38,575,91,1816
38,581,91,1810
38,580,92,1803
38,579,93,1794
38,579,93,1792
38,578,94,1788
38,578,94,1781
38,576,96,1777
38,576,96,1776
38,576,96,1773
38,576,96,1769
37,576,96,1763
36,576,95,1758
36,578,94,1754
36,590,94,1751
35,602,94,1749
35,615,94,1737
35,619,94,1732
35,626,94,1727
34,629,93,1722
34,628,94,1716
34,628,94,1714
34,627,95,1709
34,633,95,1702
33,635,96,1697
32,635,96,1693
31,634,97,1690
31,633,98,1684
31,637,98,1684
31,636,99,1683
31,656,99,1677
31,653,102,1670
31,652,103,1667
31,652,102,1663
31,651,103,1658
31,655,103,1654
31,655,102,1651
31,655,102,1649
31,655,101,1646
31,655,101,1640
31,659,100,1636
31,663,102,1632
31,669,103,1622
31,668,104,1617
31,671,104,1612
31,670,105,1609
31,668,106,1601
31,666,107,1599
31,669,108,1593
31,668,109,1589
30,668,108,1580
31,668,108,1574
31,668,108,1572
31,671,110,1569
31,671,112,1565
31,671,113,1561
31,671,113,1559
31,675,113,1554
30,675,113,1550
29,675,113,1544
29,681,113,1543
29,681,112,1538
29,684,114,1535
29,688,114,1532
29,687,115,1529
28,691,116,1525
28,690,117,1521
28,689,118,1515
28,691,119,1513
28,695,119,1510
28,695,119,1504
28,697,120,1499
28,697,120,1494
28,707,121,1492
28,706,122,1489
28,706,122,1485
28,705,123,1482
28,705,123,1477
28,705,123,1472
28,716,124,1470
27,716,124,1466
27,716,124,1461
27,721,125,1456
26,729,125,1453
26,735,126,1450
26,742,126,1444
26,744,127,1439
26,751,127,1434
26,761,128,1426
25,762,129,1420
25,761,130,1420
25,762,131,1415
25,769,131,1411
25,773,131,1406
25,772,132,1398
25,771,132,1395
25,773,133,1392
25,776,132,1388
25,781,133,1381
25,796,134,1378
25,796,134,1373
25,796,133,1370
25,794,135,1365
25,793,136,1361
25,799,137,1354
24,802,138,1346
24,801,139,1337
24,804,139,1327
24,807,140,1321
24,806,141,1316
24,812,141,1311
24,814,143,1308
24,818,145,1304
24,835,146,1299
24,835,146,1294
24,835,146,1289
24,853,146,1284
24,855,145,1281
24,862,145,1281
24,862,145,1276
24,857,148,1270
23,857,151,1266
23,859,151,1262
23,861,151,1254
23,860,152,1249
23,883,154,1240
23,882,155,1235
23,882,159,1229
23,885,159,1219
23,884,160,1215
23,889,159,1213
23,888,157,1207
23,888,157,1198
23,895,158,1190
23,893,160,1189
23,894,160,1186
23,893,160,1182
23,891,162,1181
23,889,164,1173
23,888,165,1164
23,894,165,1158
23,895,165,1145
24,901,165,1138
24,907,165,1130
23,917,165,1129
23,923,165,1128
22,923,165,1121
22,925,170,1114
22,923,172,1109
21,930,173,1104
20,929,174,1100
20,928,174,1096
19,943,174,1089
19,951,177,1085
19,955,178,1080
18,954,179,1070
18,959,180,1062
18,960,181,1056
18,958,183,1051
18,961,183,1047
18,961,185,1041
16,964,186,1037
16,967,187,1035
16,967,188,1033
16,977,190,1023
16,990,190,1020
16,992,190,1018
16,1002,191,1014
16,1002,190,1007
16,1001,196,1002
16,1004,198,998
16,1005,198,989
16,1018,199,984
15,1025,201,980
14,1030,200,974
14,1035,202,965
14,1044,202,957
14,1051,206,952
14,1055,208,948
13,1058,209,945
13,1056,211,938
13,1055,212,933
13,1068,213,927
13,1074,210,928
13,1073,212,922
13,1084,212,918
13,1088,213,914
13,1094,214,904
13,1095,218,899
13,1094,219,893
13,1094,219,890
13,1094,223,877
13,1113,223,869
13,1112,224,862
13,1109,227,859
13,1114,225,850
13,1118,228,838
13,1119,229,835
13,1118,235,833
13,1117,236,828
13,1127,239,826
13,1127,238,821
13,1134,239,817
13,1132,240,810
13,1138,240,807
12,1144,242,802
12,1143,243,799
12,1142,243,796
12,1147,243,792
12,1145,245,791
12,1144,247,786
12,1149,250,781
12,1144,254,779
12,1144,254,774
12,1147,254,770
12,1153,256,765
12,1162,257,763
12,1173,257,757
12,1171,258,749
12,1176,260,745
12,1197,261,742
12,1199,264,737
12,1204,264,731
12,1202,269,722
12,1200,271,720
12,1208,275,719
11,1207,274,714
11,1212,274,708
11,1211,274,703
11,1212,277,699
11,1220,280,694
11,1220,284,689
11,1231,286,684
11,1234,288,681
11,1232,288,677
11,1235,290,676
11,1239,292,672
11,1243,293,668
11,1248,294,664
11,1243,299,657
11,1239,303,654
11,1244,305,651
11,1244,307,643
11,1236,314,642
11,1235,314,639
11,1242,316,632
11,1244,318,629
11,1249,322,625
11,1244,326,618
11,1247,327,615
11,1258,329,610
11,1253,331,607
11,1249,336,606
11,1246,339,605
11,1247,344,601
11,1244,347,598
11,1247,351,594
11,1248,353,591
11,1251,353,584
11,1263,354,582
11,1261,360,574
11,1255,364,572
11,1253,370,566
11,1249,374,565
12,1243,380,562
12,1246,382,559
12,1241,386,549
12,1247,387,548
12,1248,388,546
12,1252,391,546
12,1251,391,545
12,1261,390,542
12,1263,389,537
12,1262,389,534
12,1265,393,532
12,1267,398,528
12,1276,399,522
12,1276,402,520
12,1283,406,512
12,1281,408,512
12,1285,410,511
12,1294,410,505
12,1289,413,504
12,1286,415,504
12,1283,418,498
12,1283,423,494
12,1278,426,488
12,1276,432,484
12,1273,434,480
12,1270,439,476
12,1268,441,474
12,1265,445,471
12,1262,449,467
12,1264,452,464
12,1263,453,462
12,1265,455,461
12,1265,464,459
12,1272,465,456
12,1289,469,455
12,1302,473,452
12,1306,475,448
12,1303,477,445
12,1302,483,443
12,1311,487,439
12,1311,493,436
12,1305,497,434
12,1304,503,430
12,1298,508,426
12,1293,513,423
12,1294,516,422
12,1295,518,420
12,1284,529,416
12,1278,534,413
12,1277,542,407
12,1279,547,403
12,1272,553,401
12,1266,557,398
12,1272,559,396
12,1272,564,395
12,1284,567,392
12,1288,575,391
12,1283,577,388
12,1276,582,382
12,1278,586,379
12,1279,590,378
12,1296,594,373
12,1295,602,370
12,1312,603,368
12,1310,607,366
12,1315,610,363
12,1312,612,362
12,1312,615,358
12,1310,618,355
12,1314,620,350
12,1320,623,347
12,1324,626,345
12,1315,633,340
12,1308,641,339
12,1320,647,337
12,1313,654,336
11,1327,660,335
11,1322,664,330
11,1323,667,329
11,1319,671,329
11,1309,681,325
11,1320,687,322
11,1320,694,322
11,1315,698,319
11,1306,707,316
11,1302,713,313
11,1300,717,313
11,1288,728,310
11,1300,734,309
11,1296,738,308
11,1296,741,306
11,1290,746,304
11,1285,749,303
11,1277,757,303
11,1277,761,301
11,1278,766,301
11,1275,769,301
11,1277,768,299
11,1280,771,299
11,1275,780,295
11,1269,788,295
11,1279,790,292
11,1281,796,291
11,1283,801,290
11,1288,808,289
11,1285,813,289
11,1287,821,288
11,1294,823,287
11,1312,825,286
11,1314,827,285
11,1313,830,285
11,1309,837,284
11,1303,844,282
11,1315,845,281
11,1317,852,278
11,1321,857,278
11,1321,862,276
11,1312,869,275
11,1316,877,271
11,1314,885,272
11,1313,886,273
11,1311,892,271
11,1318,901,268
11,1315,903,268
11,1313,910,267
11,1317,914,267
11,1320,918,267
11,1316,921,266
11,1309,929,265
11,1307,933,262
11,1303,935,260
11,1302,939,260
11,1298,944,256
11,1291,951,254
11,1291,956,249
11,1288,964,249
11,1287,972,248
11,1282,972,246
11,1284,976,245
11,1280,979,245
11,1282,983,245
11,1278,983,242
11,1278,988,240
11,1274,994,239
11,1272,1000,239
11,1269,1004,238
11,1270,1012,238
11,1265,1016,237
11,1266,1020,234
11,1261,1023,233
11,1261,1031,233
11,1266,1034,231
11,1270,1036,229
11,1269,1042,227
11,1264,1046,227
11,1264,1049,225
11,1265,1055,224
11,1270,1061,223
11,1269,1067,222
11,1287,1069,223
11,1281,1075,221
12,1280,1083,218
12,1277,1088,219
12,1267,1095,218
12,1270,1096,218
12,1278,1098,218
12,1274,1103,217
12,1269,1107,217
12,1265,1116,216
12,1276,1125,215
12,1270,1130,215
12,1267,1134,214
12,1260,1137,214
12,1250,1147,214
12,1248,1154,214
12,1240,1161,214
12,1240,1168,210
13,1242,1174,207
13,1253,1178,206
13,1249,1182,205
13,1247,1181,205
14,1248,1187,204
14,1255,1197,204
14,1260,1204,202
14,1255,1213,202
14,1250,1217,200
14,1243,1223,200
14,1235,1231,200
14,1227,1240,199
14,1228,1241,199
14,1228,1251,198
14,1231,1258,198
14,1222,1268,198
14,1219,1274,197
14,1211,1279,197
14,1219,1282,195
14,1211,1289,195
14,1206,1299,195
14,1203,1299,195
14,1196,1305,194
14,1195,1313,192
14,1193,1315,189
14,1187,1321,187
14,1181,1327,187
14,1187,1335,185
14,1180,1338,185
14,1171,1346,184
14,1166,1353,183
14,1171,1353,182
14,1168,1360,180
14,1167,1361,180
14,1162,1364,180
14,1157,1369,181
14,1164,1375,180
14,1169,1375,179
14,1163,1379,179
14,1160,1384,177
14,1156,1386,177
14,1153,1385,177
14,1147,1390,177
14,1134,1401,176
14,1128,1405,176
14,1124,1408,177
14,1123,1413,176
14,1128,1418,175
14,1121,1425,174
14,1123,1428,173
14,1115,1435,172
14,1107,1442,171
14,1104,1446,171
14,1099,1447,169
14,1097,1454,170
14,1086,1468,170
14,1079,1474,169
14,1077,1478,168
14,1073,1482,169
14,1070,1483,168
14,1069,1488,169
14,1059,1496,167
14,1058,1501,167
14,1062,1505,167
14,1056,1512,167
14,1050,1518,166
14,1041,1524,165
14,1040,1530,166
14,1034,1537,166
14,1039,1538,166
14,1037,1540,166
14,1034,1546,166
14,1036,1545,166
14,1040,1547,166
14,1037,1553,166
14,1031,1558,166
14,1025,1564,166
14,1023,1570,166
14,1014,1577,166
14,1007,1581,166
14,1001,1584,166
14,996,1582,165
14,986,1590,164
14,977,1598,164
14,969,1605,164
14,963,1606,163
14,958,1608,163
14,957,1612,162
14,955,1613,162
14,948,1617,160
14,946,1620,159
14,939,1628,159
14,937,1629,158
14,935,1631,157
14,936,1633,158
14,940,1632,157
14,935,1635,156
14,933,1637,155
14,929,1640,155
14,927,1647,154
14,928,1652,154
14,934,1655,154
14,930,1656,153
14,932,1657,152
14,930,1657,152
14,922,1663,152
14,923,1663,152
14,931,1665,150
14,926,1667,149
14,920,1671,149
14,920,1672,149
14,926,1673,149
14,925,1674,148
14,922,1682,148
14,917,1688,147
14,930,1686,146
14,926,1689,146
14,921,1693,146
14,920,1691,144
14,913,1697,143
14,909,1696,143
14,902,1697,143
14,901,1701,143
14,896,1704,144
14,891,1708,143
14,888,1711,142
14,885,1711,141
14,882,1712,142
14,874,1719,142
14,875,1721,142
14,872,1720,142
14,869,1721,141
14,869,1718,140
14,868,1717,139
14,872,1719,139
14,871,1718,139
14,871,1718,140
14,867,1720,140
14,866,1718,140
14,863,1720,140
14,861,1722,138
14,856,1726,138
14,859,1728,139
14,856,1728,139
14,869,1722,138
14,870,1721,137
14,865,1722,136
14,867,1717,135
14,871,1713,135
14,874,1714,135
14,869,1715,134
14,880,1715,134
14,885,1719,134
14,887,1717,133
14,884,1719,133
14,879,1722,133
14,878,1725,132
14,877,1722,131
14,881,1718,130
14,886,1719,129
14,884,1718,127
14,884,1713,125
14,885,1709,125
14,885,1710,125
14,888,1707,124
14,884,1708,124
14,883,1705,123
14,878,1706,123
14,884,1704,123
14,885,1700,122
14,880,1702,122
14,885,1703,121
14,886,1708,120
14,882,1710,121
14,879,1709,121
14,874,1708,121
14,879,1707,121
14,883,1709,121
14,882,1711,120
14,877,1710,120
14,880,1710,119
14,880,1705,118
14,881,1703,118
14,883,1705,118
14,883,1704,118
14,887,1703,118
14,900,1701,117
14,902,1702,117
14,901,1696,116
14,900,1698,113
14,896,1697,114
14,895,1693,114
14,901,1692,113
14,920,1690,113
14,920,1689,114
14,923,1686,114
14,934,1683,112
14,932,1682,112
14,929,1681,112
14,937,1680,110
14,942,1679,109
14,949,1677,109
14,947,1675,109
14,945,1677,110
14,945,1679,109
14,941,1682,110
14,937,1683,109
14,935,1682,108
14,934,1677,108
14,928,1680,107
14,929,1682,107
14,926,1682,107
14,923,1681,108
14,924,1681,108
14,923,1677,107
14,939,1675,107
14,935,1677,107
14,935,1678,106
14,937,1676,106
14,934,1673,106
14,928,1678,107
14,927,1677,107
14,925,1676,106
14,924,1675,105
14,926,1672,104
14,925,1673,104
14,935,1671,103
14,937,1669,103
14,932,1670,103
14,928,1666,103
14,924,1666,103
14,925,1663,102
14,933,1663,102
14,931,1657,102
14,929,1654,102
14,926,1650,103
14,922,1654,103
14,927,1657,103
14,942,1649,103
14,952,1645,103
14,947,1647,103
14,944,1648,102
14,947,1647,102
14,947,1650,102
14,943,1650,101
14,940,1650,101
14,937,1645,102
14,941,1645,102
14,946,1646,102
14,949,1645,103
14,949,1647,103
14,947,1641,102
14,949,1642,101
14,944,1645,102
14,942,1645,102
14,946,1643,103
14,949,1643,103
14,947,1639,103
14,945,1637,104
14,942,1635,104
14,942,1637,104
14,944,1642,104
14,938,1643,104
14,935,1644,104
14,931,1647,104
14,927,1642,103
14,926,1639,102
14,926,1634,102
14,923,1632,101
14,922,1630,102
14,924,1627,101
14,919,1629,101
14,916,1628,101
14,912,1627,101
14,914,1626,101
14,914,1622,100
14,921,1620,100
14,917,1620,99
14,932,1606,99
14,932,1598,99
14,929,1597,99
14,929,1594,99
14,933,1589,97
14,942,1590,97
14,939,1586,96
14,944,1584,97
14,947,1579,98
14,941,1578,97
14,937,1584,97
14,932,1585,97
14,929,1586,97
14,925,1585,96
14,921,1588,96
14,915,1592,95
14,916,1593,95
14,921,1592,95
14,928,1585,95
14,924,1579,94
14,921,1576,94
14,918,1578,93
14,921,1577,93
14,918,1575,93
14,924,1575,94
14,922,1566,94
14,919,1564,93
14,916,1560,93
14,913,1556,93
14,908,1559,92
14,909,1554,92
14,907,1545,92
14,905,1545,90
14,903,1541,90
14,904,1538,90
14,902,1533,90
14,907,1528,90
14,911,1522,90
14,909,1519,89
14,904,1521,89
14,902,1521,89
14,901,1514,88
14,905,1507,88
14,901,1503,88
14,898,1497,88
14,899,1494,87
14,896,1488,85
14,901,1485,85
14,897,1483,85
14,897,1477,86
14,895,1477,86
14,892,1477,85
14,890,1473,85
14,890,1462,86
14,893,1461,85
14,889,1464,86
14,898,1461,86
14,896,1459,85
14,895,1454,84
14,894,1454,85
14,892,1451,84
14,890,1447,83
14,888,1443,83
14,885,1441,82
14,880,1442,82
14,879,1441,83
14,877,1441,83
14,874,1442,84
14,873,1438,84
14,871,1431,84
14,874,1428,85
14,870,1427,84
14,867,1425,85
14,867,1423,85
14,869,1415,87
14,872,1407,87
14,871,1407,86
14,869,1410,85
14,867,1409,85
14,864,1406,85
14,862,1405,85
14,859,1405,85
14,857,1400,82
14,859,1400,81
14,860,1398,81
14,857,1396,81
14,865,1390,79
14,860,1389,80
14,855,1389,80
14,855,1386,80
14,853,1384,80
14,857,1381,79
14,859,1379,79
14,858,1373,78
14,857,1369,79
14,854,1365,79
14,853,1364,77
14,859,1360,77
14,858,1359,78
14,854,1358,75
14,850,1357,75
14,847,1358,74
14,847,1353,74
14,851,1351,74
14,850,1346,74
14,852,1345,74
14,852,1340,74
14,852,1338,74
14,852,1334,74
14,851,1330,75
14,853,1326,76
14,849,1322,74
14,849,1320,74
14,854,1315,74
14,858,1314,75
14,857,1309,75
14,867,1303,75
14,866,1305,75
14,869,1304,75
14,868,1299,75
14,870,1297,76
14,875,1290,76
14,875,1292,77
14,873,1285,76
14,870,1278,76
14,866,1276,76
14,868,1269,76
14,869,1267,76
14,874,1264,75
14,874,1256,75
14,878,1252,75
14,877,1252,75
14,880,1249,76
14,881,1246,76
14,882,1241,76
14,881,1241,76
14,884,1240,77
14,888,1235,77
14,890,1231,77
14,889,1227,77
14,889,1224,77
14,887,1220,77
14,896,1220,77
14,910,1212,77
14,914,1210,77
14,919,1202,78
14,923,1199,78
14,931,1196,79
14,935,1196,78
14,943,1200,79
14,957,1198,79
14,958,1191,79
14,955,1185,79
14,959,1181,79
14,959,1181,79
14,955,1181,79
14,958,1174,78
14,958,1172,78
14,954,1173,78
14,951,1167,78
14,949,1166,78
14,950,1165,77
14,948,1161,78
14,959,1162,78
14,952,1164,79
14,956,1155,79
14,965,1151,79
14,972,1150,77
14,976,1147,76
14,981,1145,76
14,977,1146,76
14,980,1143,75
14,980,1146,75
14,994,1147,75
14,989,1150,76
14,986,1152,76
14,989,1150,76
14,993,1149,76
14,991,1146,76
14,989,1147,77
14,989,1149,76
14,983,1149,76
14,984,1153,75
14,990,1151,75
14,996,1150,75
14,993,1150,75
14,992,1148,75
14,986,1151,76
14,984,1152,77
14,981,1145,77
14,979,1149,78
14,980,1150,76
14,976,1150,77
14,975,1150,77
14,970,1152,78
14,966,1154,78
14,963,1150,78
14,958,1152,77
14,958,1146,78
14,952,1150,78
14,954,1150,78
14,956,1141,77
14,954,1137,77
14,957,1133,77
14,954,1134,76
14,958,1131,76
14,956,1126,76
14,959,1122,75
14,961,1121,75
14,963,1115,75
14,961,1114,75
14,958,1112,75
14,955,1108,74
14,954,1102,72
14,953,1099,72
14,952,1097,72
14,952,1091,71
14,951,1086,72
14,951,1084,71
14,952,1084,72
14,949,1081,72
14,947,1077,73
14,946,1069,72
14,950,1065,73
14,957,1063,73
14,954,1062,74
14,948,1062,74
14,955,1060,73
14,968,1057,72
14,968,1053,72
14,971,1049,72
14,978,1049,71
14,976,1048,72
14,977,1050,71
14,976,1051,70
14,980,1051,69
14,981,1045,68
15,981,1049,68
15,988,1051,69
15,992,1050,69
15,1002,1050,69
15,1003,1054,69
15,1001,1051,67
15,997,1050,67
15,1004,1051,66
15,1006,1049,66
15,1003,1047,65
15,1002,1046,64
15,1002,1045,63
15,999,1047,64
15,1004,1046,64
15,1001,1050,63
15,998,1052,63
15,992,1058,63
15,987,1059,64
15,983,1059,64
15,981,1059,64
15,981,1058,63
15,975,1058,62
15,988,1052,62
15,995,1045,62
16,991,1047,62
16,991,1048,62
16,988,1044,62
16,984,1047,63
16,990,1045,62
16,996,1043,62
16,999,1043,62
16,1004,1040,62
16,1009,1042,62
16,1012,1041,62
16,1009,1042,63
16,1019,1044,63
16,1025,1044,63
16,1024,1047,64
16,1031,1045,63
16,1026,1047,62
16,1023,1047,62
16,1019,1051,62
16,1016,1049,62
16,1014,1050,61
16,1011,1050,60
16,1007,1054,60
16,1004,1054,60
16,1004,1056,60
16,1001,1055,59
16,997,1056,59
16,993,1059,57
16,992,1059,56
16,991,1055,56
16,994,1055,57
16,998,1054,57
16,997,1049,58
16,991,1054,59
16,986,1056,59
16,981,1056,59
16,981,1052,60
16,976,1056,61
16,984,1054,62
16,983,1053,62
16,982,1051,62
16,982,1047,61
16,978,1049,61
16,974,1052,60
16,978,1052,59
16,979,1055,59
16,974,1058,59
16,973,1059,58
16,970,1061,58
16,968,1062,58
16,969,1063,58
16,965,1063,57
16,971,1066,57
16,967,1066,57
16,961,1070,57
16,955,1075,56
16,951,1073,57
16,949,1071,58
16,952,1071,58
16,950,1066,58
16,948,1066,59
16,948,1063,58
16,947,1064,59
16,947,1063,60
16,942,1067,59
16,937,1066,58
16,930,1071,59
16,927,1074,59
16,922,1076,60
16,922,1073,59
16,923,1075,59
16,917,1077,59
16,913,1081,60
16,909,1076,60
16,907,1075,60
16,904,1073,61
16,902,1070,61
16,900,1067,61
16,899,1066,60
16,903,1066,60
16,898,1066,59
16,901,1066,59
16,905,1062,59
16,900,1065,58
16,900,1065,58
16,899,1066,58
16,896,1069,58
16,897,1067,58
16,903,1069,59
16,900,1066,58
16,894,1068,58
16,894,1063,58
16,891,1063,58
16,887,1065,58
16,887,1066,58
16,893,1062,57
16,888,1060,57
16,887,1056,57
16,883,1054,57
16,885,1055,58
16,879,1060,58
16,875,1062,57
16,873,1058,57
16,873,1056,57
16,867,1060,58
16,865,1061,58
16,858,1066,58
16,855,1067,59
16,859,1066,58
16,859,1062,58
16,857,1061,58
16,850,1067,58
16,847,1067,58
16,844,1066,58
16,843,1063,58
16,841,1060,58
16,834,1064,57
16,831,1066,57
16,830,1065,57
16,827,1064,58
16,838,1059,59
16,842,1058,58
16,841,1055,57
16,845,1050,57
16,845,1053,57
16,842,1051,57
16,845,1051,56
16,843,1048,57
16,860,1046,56
16,867,1044,55
16,868,1040,55
16,869,1038,54
16,869,1038,55
16,867,1035,55
16,864,1036,56
16,870,1034,56
16,868,1032,55
16,866,1032,55
16,870,1030,55
16,869,1029,55
16,867,1024,54
16,864,1028,54
16,865,1030,54
16,863,1030,53
16,860,1033,54
16,859,1029,54
16,860,1028,54
16,862,1026,55
16,865,1025,55
16,880,1022,55
16,880,1026,56
16,887,1023,55
16,885,1024,55
16,882,1028,55
16,877,1030,55
16,884,1032,56
16,880,1031,56
16,879,1024,56
16,874,1025,56
17,881,1025,57
17,888,1022,58
17,887,1023,58
17,891,1020,58
17,891,1020,56
17,889,1021,55
17,884,1022,55
17,886,1016,55
17,882,1019,55
17,880,1019,54
17,877,1019,54
17,873,1019,54
17,871,1019,54
17,868,1021,54
17,874,1020,54
17,870,1022,54
17,870,1019,53
17,874,1015,53
17,871,1016,53
17,871,1012,52
17,868,1012,52
17,864,1014,52
17,859,1018,52
17,856,1018,52
17,867,1017,52
17,865,1017,52
17,872,1015,52
17,880,1012,51
17,875,1016,51
17,879,1013,52
17,880,1014,52
17,879,1014,53
17,876,1014,54
17,875,1014,54
17,875,1012,56
17,874,1010,56
17,873,1007,56
17,873,1002,56
17,872,1001,55
17,868,1004,55
17,867,1001,57
17,866,1000,57
17,863,1001,57
17,859,1001,57
17,858,1000,56
17,855,1000,56
17,854,997,57
17,857,998,57
17,859,1002,56
17,855,1002,55
17,856,1001,55
17,855,1003,56
17,851,1002,56
17,845,1005,56
17,851,1002,56
17,853,1003,57
17,850,1003,57
17,854,1005,57
17,856,1004,57
17,862,1000,57
17,860,999,57
17,857,1000,57
17,854,998,56
17,850,998,56
17,849,996,56
17,852,998,56
18,854,997,56
18,850,997,56
18,849,995,57
18,847,993,58
18,846,994,58
18,841,996,57
18,850,996,57
18,845,999,57
18,845,996,57
18,848,997,56
18,847,995,56
18,849,998,56
18,852,996,56
18,856,995,56
18,857,992,56
18,854,991,56
18,857,989,56
18,858,991,57
18,859,993,57
18,858,991,57
18,857,993,57
18,857,991,57
18,855,989,57
18,858,987,57
18,860,987,55
18,875,985,55
18,874,982,55
18,877,981,55
18,873,986,56
18,874,986,56
18,878,984,56
18,882,985,56
18,886,984,56
18,889,982,56
18,887,982,56
18,885,980,56
18,891,979,56
18,895,978,56
18,893,975,56
18,891,972,57
18,896,970,55
18,889,974,55
18,894,979,55
18,893,978,55
18,891,978,55
18,894,976,54
18,891,976,54
18,890,974,54
18,885,978,54
18,884,975,55
18,885,976,55
18,890,979,54
18,887,980,54
18,878,988,54
18,875,989,54
18,872,990,54
18,871,988,54
18,866,990,54
18,862,994,53
18,861,993,54
18,856,998,54
18,855,994,53
18,859,997,53
18,857,996,53
18,862,991,52
18,859,989,50
18,859,987,49
18,863,987,49
18,862,987,49
18,855,993,49
18,853,994,49
18,857,994,50
18,856,992,50
18,854,991,50
18,855,990,51
18,850,992,51
18,853,994,50
18,850,998,50
18,847,1000,51
18,841,1002,50
18,837,1006,50
19,838,1007,48
19,835,1004,48
19,833,1002,48
19,830,1002,47
19,830,1002,47
19,827,1002,47
19,825,1001,47
19,820,1002,48
19,818,1000,48
19,823,999,48
19,826,1001,48
19,825,1001,48
19,824,999,47
19,824,994,46
19,817,997,46
19,817,995,46
19,815,993,46
19,812,995,46
19,810,995,46
19,805,999,46
19,803,993,45
19,803,992,45
19,801,989,44
19,796,993,42
19,794,993,42
19,796,993,42
19,796,992,42
19,792,994,42
19,789,990,44
19,787,987,43
19,786,984,43
19,782,982,43
19,778,985,43
19,776,985,43
19,776,981,43
19,771,986,43
19,770,984,42
19,770,980,42
19,769,978,42
19,767,978,42
19,766,976,42
19,766,973,42
19,762,977,41
19,761,975,41
19,759,975,41
19,756,974,41
19,752,977,41
19,748,980,41
19,746,978,42
19,745,977,42
19,753,976,42
19,751,976,42
19,750,974,43
19,746,974,43
19,742,974,43
19,742,971,43
19,739,972,43
19,738,970,44
19,732,971,44
19,733,968,45
19,732,968,45
19,730,968,46
19,727,967,48
19,728,969,48
19,730,970,48
19,728,971,48
19,730,975,48
19,727,975,49
19,735,975,49
19,732,976,49
19,728,975,49
19,733,973,49
19,733,972,48
19,731,970,48
19,728,972,49
19,734,974,50
19,729,979,50
19,728,978,50
19,726,983,50
19,721,985,50
19,721,983,50
19,721,983,51
19,715,984,51
19,714,984,52
19,713,981,52
19,710,983,53
19,708,980,53
19,703,984,54
19,700,987,54
19,698,987,54
19,696,986,56
19,695,984,56
19,696,983,56
19,695,980,56
19,695,980,56
19,691,980,55
19,694,981,56
19,693,980,57
19,692,980,56
19,689,978,57
19,687,978,57
19,683,978,57
19,681,976,56
19,681,976,56
19,680,977,55
19,683,980,54
19,681,980,54
19,678,980,54
19,680,981,54
19,678,978,54
19,680,975,54
19,676,972,55
19,674,969,55
19,673,967,56
19,669,969,56
19,668,969,56
19,670,967,57
19,669,967,57
19,671,967,56
19,672,966,56
19,670,966,56
19,668,964,56
19,669,960,56
19,684,963,55
19,682,965,56
19,682,967,56
19,684,970,55
19,688,970,55
19,687,968,55
19,685,967,54
19,684,966,54
19,692,965,54
19,698,964,54
19,695,965,53
19,692,967,53
19,692,968,54
19,690,967,54
19,689,966,54
19,693,964,54
19,692,960,55
19,691,956,55
19,690,956,55
19,687,959,55
19,685,956,55
19,683,958,56
19,682,954,57
19,682,952,58
20,679,952,58
20,691,950,58
20,686,950,58
20,686,949,59
20,687,949,59
20,684,951,59
20,692,949,59
20,690,951,58
20,688,950,58
20,693,950,58
20,692,954,58
20,690,955,58
20,687,955,59
20,690,954,59
20,686,956,59
20,682,958,59
20,682,954,59
20,689,953,59
20,687,953,59
20,683,957,59
20,680,957,58
20,681,957,57
20,677,958,56
20,680,961,57
20,678,961,57
20,673,963,56
20,676,963,56
20,677,959,56
20,680,959,56
20,684,958,56
20,680,960,56
20,678,960,57
20,677,959,57
20,673,957,58
20,671,959,56
20,669,957,56
20,669,955,56
20,668,953,57
21,666,949,57
21,660,953,57
21,657,953,56
21,657,951,56
21,654,949,56
21,654,951,57
21,653,948,58
21,651,945,58
21,650,944,58
21,649,944,57
21,651,943,58
21,651,941,58
21,648,942,58
21,645,939,58
21,648,938,59
21,646,938,59
21,645,937,59
21,644,932,59
21,641,932,59
21,640,928,58
21,638,928,58
21,635,928,59
21,634,928,59
21,633,924,59
22,635,926,60
22,633,924,60
22,632,925,60
22,634,926,61
22,639,926,61
22,637,922,61
22,636,922,61
22,635,922,61
22,632,922,61
22,637,920,61
22,635,917,61
22,635,919,62
22,646,916,62
22,646,914,62
22,643,915,62
22,648,912,62
22,637,920,62
22,635,920,63
22,638,922,63
22,645,919,63
22,642,919,62
22,638,920,62
22,647,919,62
22,644,920,61
22,640,922,61
22,637,918,61
22,640,915,63
22,637,916,63
22,634,915,64
22,629,919,64
22,627,918,64
22,627,920,64
22,624,921,64
22,620,922,64
22,620,919,64
22,623,913,64
22,625,912,64
22,626,908,64
22,628,909,64
22,630,911,63
22,629,910,63
22,625,908,62
22,624,906,62
22,622,905,62
22,621,903,62
22,616,906,62
22,616,905,61
22,616,903,61
22,612,904,61
22,610,903,61
22,608,900,61
22,606,899,61
22,612,899,61
22,609,900,63
22,609,898,63
22,614,896,63
22,612,898,62
22,610,895,61
22,608,897,61
22,605,895,61
22,603,895,61
22,602,896,61
22,605,896,61
22,605,892,61
22,605,887,61
22,606,884,61
22,601,886,62
22,598,886,63
22,596,887,62
22,596,886,62
22,596,882,62
22,591,884,62
22,589,884,63
22,589,882,63
22,587,882,63
22,586,882,63
22,586,881,63
22,583,880,63
22,580,881,63
22,578,880,63
22,577,880,63
22,573,882,64
22,570,882,62
22,568,878,62
22,567,879,62
22,564,877,62
22,562,875,62
22,559,878,63
22,558,877,62
22,556,876,63
22,559,874,63
22,555,873,63
22,557,875,63
22,555,877,64
22,555,877,63
22,559,877,63
22,555,877,63
22,553,876,63
22,553,874,63
22,549,877,63
22,547,875,63
22,547,873,63
22,546,871,63
22,545,870,64
22,545,868,63
22,545,867,63
22,545,865,63
22,544,861,64
22,543,860,65
22,542,856,66
22,539,859,67
22,538,855,68
22,534,855,68
22,531,856,69
22,533,856,69
22,531,854,69
22,527,854,69
22,525,855,68
22,525,854,68
22,521,855,68
22,517,858,68
22,513,857,68
22,510,858,68
22,508,859,67
22,508,854,68
22,508,849,68
22,505,848,68
22,502,847,68
22,502,844,68
22,500,843,68
21,499,841,68
21,498,836,68
21,493,839,68
21,492,837,69
21,490,839,69
21,490,836,69
21,489,835,69
21,487,835,69
21,486,835,70
21,489,833,70
21,489,831,71
21,487,831,71
21,486,830,71
21,486,830,71
21,484,831,73
21,484,830,73
21,483,831,73
21,486,832,73
21,485,833,73
21,485,832,73
21,492,830,73
21,486,834,74
21,489,839,74
21,491,839,74
21,489,837,75
21,490,838,75
21,489,838,75
21,490,838,75
21,487,838,76
21,484,841,76
21,483,843,76
21,483,841,76
21,481,838,76
21,477,840,76
21,481,840,76
21,479,840,76
21,484,840,77
21,481,843,77
21,481,839,77
21,480,837,76
21,487,836,78
21,485,838,79
21,484,836,80
21,484,836,83
21,489,835,83
21,488,830,83
21,487,828,84
21,486,829,84
21,488,829,84
21,491,827,84
21,487,831,85
21,484,829,87
21,481,827,88
21,484,826,89
21,480,826,89
21,479,824,90
21,477,825,90
21,477,821,90
21,476,818,91
21,474,818,91
21,472,819,92
21,467,821,93
21,466,819,93
21,464,820,94
21,461,819,93
21,458,822,92
21,457,818,91
21,456,816,91
21,456,814,91
21,454,815,91
21,453,813,91
21,453,811,91
21,449,811,91
21,449,808,92
21,448,806,92
21,445,806,93
21,441,808,93
21,441,805,93
21,442,805,93
21,441,803,93
21,438,804,93
21,436,801,94
21,436,798,95
21,435,794,97
22,432,793,97
22,431,791,98
22,429,790,98
22,428,788,98
22,426,787,98
22,425,785,98
22,424,782,99
22,424,782,99
22,421,780,99
22,420,779,99
22,420,777,101
22,417,779,101
22,417,777,101
22,415,776,101
22,419,775,101
22,418,771,101
22,416,770,102
22,418,767,102
22,417,766,103
22,416,765,104
22,423,761,105
22,430,758,106
22,426,759,106
22,426,757,106
22,425,756,107
22,423,756,108
22,424,755,109
22,422,756,109
22,422,753,109
22,422,752,110
22,421,752,110
22,420,753,110
22,417,753,110
22,413,755,113
22,411,754,114
22,410,755,114
22,408,755,114
22,408,756,115
22,407,757,115
22,412,759,115
22,411,757,116
22,411,753,116
22,410,753,117
22,413,750,116
22,410,753,116
22,408,753,116
22,408,750,116
22,406,749,117
22,405,748,118
22,405,745,118
22,410,746,119
22,409,742,119
22,409,739,119
22,405,743,120
22,404,741,119
22,403,740,118
22,400,741,118
22,398,741,118
22,396,740,119
22,399,740,119
22,396,742,118
22,395,743,117
22,394,741,118
22,393,740,119
23,388,745,121
23,388,741,120
23,387,740,120
23,388,735,121
23,388,734,121
23,386,735,121
23,389,733,121
23,389,729,123
23,387,730,124
23,387,726,124
23,389,723,124
23,386,721,126
23,383,721,127
23,381,719,127
23,378,720,127
23,377,719,129
23,376,716,129
23,374,715,129
23,374,714,129
23,373,711,129
23,370,711,129
23,368,710,129
23,372,706,129
23,373,702,129
23,383,699,130
23,382,697,131
23,382,695,132
23,381,694,132
23,380,694,132
23,382,694,132
23,380,696,133
23,379,696,133
23,379,692,133
23,377,690,133
23,372,693,133
23,367,695,133
23,365,695,133
23,365,696,135
23,360,698,135
23,360,697,135
23,358,698,135
23,357,698,135
23,354,699,137
23,354,698,137
23,353,696,137
23,351,696,137
23,349,697,137
23,346,699,137
23,346,694,138
23,344,691,138
23,343,692,138
23,343,692,138
23,341,692,138
23,340,689,139
23,338,688,141
23,336,687,140
23,337,685,141
23,339,684,141
23,339,682,142
23,339,680,144
23,339,676,147
23,339,673,148
23,339,668,149
23,338,667,149
23,341,665,149
23,341,664,149
23,341,663,150
23,338,665,150
23,337,666,149
23,337,664,150
23,337,664,150
23,336,663,151
23,341,660,152
23,337,660,152
23,333,664,153
23,330,665,156
23,330,664,156
23,330,663,155
23,329,663,155
23,329,663,156
23,334,662,157
23,333,662,156
23,332,662,156
23,332,662,157
23,329,664,157
23,328,662,157
23,326,658,156
23,323,661,156
23,320,663,156
23,320,659,156
23,320,657,156
23,319,657,156
23,319,654,156
23,324,651,157
23,323,647,157
23,321,648,158
23,321,644,158
23,319,642,160
23,319,642,159
23,329,640,160
23,328,641,160
23,326,641,161
23,325,642,162
23,325,640,162
23,323,641,162
23,323,640,162
23,322,637,161
23,321,635,160
23,320,636,160
23,320,634,160
23,319,633,161
23,318,632,161
23,317,632,162
23,317,631,162
23,315,630,163
23,314,630,164
23,313,631,164
23,310,632,164
23,317,628,166
23,317,628,167
23,316,628,167
23,312,631,166
23,311,627,167
23,310,625,168
23,309,625,168
23,308,625,168
23,307,625,168
23,305,624,168
23,305,621,168
23,303,622,169
23,301,623,170
23,300,624,171
23,299,623,170
23,299,624,170
23,296,624,171
23,296,620,171
23,295,621,171
23,299,618,171
23,299,618,171
23,302,619,172
23,298,622,171
23,298,620,172
23,301,619,171
23,298,621,171
23,296,620,172
23,296,619,172
23,300,619,173
23,298,619,173
23,295,620,173
23,293,619,174
23,294,616,174
23,294,615,175
23,294,611,175
23,292,611,175
23,291,612,177
23,290,613,178
23,290,612,178
23,293,610,179
23,298,605,179
23,297,606,181
23,296,603,182
23,294,604,182
23,294,598,182
23,294,597,182
23,294,594,182
23,291,597,182
22,292,596,182
22,289,595,183
22,289,591,184
22,292,590,184
22,292,588,184
22,291,581,184
22,290,582,184
22,290,579,184
22,290,576,185
22,290,572,187
22,288,572,188
22,287,570,189
22,290,567,190
22,290,565,190
22,289,564,192
22,289,564,194
22,289,561,196
22,287,560,196
22,288,557,196
22,288,556,196
22,287,556,197
22,286,555,197
22,286,553,199
22,286,552,199
22,286,551,200
22,285,547,200
22,282,549,202
22,282,547,203
22,285,543,204
22,281,543,205
22,291,541,205
22,291,538,205
22,291,536,206
22,290,534,207
22,289,535,208
22,290,535,209
22,287,535,210
22,287,531,210
22,286,528,211
22,286,525,214
22,289,523,213
22,287,523,213
22,287,518,212
22,286,518,214
22,286,516,215
22,285,517,215
22,283,514,217
22,283,511,217
22,282,511,217
22,282,509,217
22,280,510,217
22,285,507,215
22,285,507,216
22,284,507,216
22,283,505,216
22,282,506,218
22,282,503,219
22,280,503,219
22,279,503,219
22,283,500,221
22,283,499,221
22,283,496,222
22,289,494,221
22,291,494,221
22,289,494,223
22,288,492,224
22,287,492,226
22,287,491,226
22,286,491,225
22,283,492,226
22,283,492,224
22,283,485,225
22,280,484,225
22,280,483,225
22,280,483,227
22,278,484,227
22,276,483,228
22,275,481,228
22,275,480,228
22,275,478,229
22,274,478,231
22,274,476,232
22,273,474,233
22,273,474,233
22,277,472,233
22,275,474,234
22,275,474,236
22,277,474,236
22,284,472,237
22,284,472,236
22,284,471,237
22,283,471,238
22,283,470,238
22,283,469,237
22,283,468,238
22,283,468,238
22,283,463,240
22,282,462,241
22,286,464,242
22,285,464,242
22,287,463,242
22,285,462,243
22,283,462,242
22,283,459,242
22,287,460,244
22,285,460,244
22,285,458,245
22,285,455,246
22,284,454,245
22,283,454,247
22,283,453,247
22,281,454,248
22,284,450,249
22,282,452,248
22,282,449,249
22,284,450,250
22,284,449,250
22,283,448,250
22,280,451,249
22,277,451,249
22,277,450,248
22,276,451,248
22,274,452,249
22,278,451,253
22,277,450,253
22,279,448,253
22,283,449,254
22,283,449,254
22,282,449,255
22,282,447,256
22,287,446,257
22,287,441,257
22,287,435,257
22,286,435,257
22,286,434,258
22,285,434,259
22,287,431,259
23,287,431,260
23,287,429,261
23,294,425,262
23,292,426,262
23,293,426,263
23,293,424,268
23,292,421,268
23,292,421,268
23,292,420,269
23,292,419,272
23,291,418,272
23,290,417,272
23,290,415,273
23,289,416,273
23,289,413,274
23,289,413,274
23,288,412,274
23,288,412,275
23,293,412,275
23,292,413,275
23,290,414,273
23,290,414,274
23,290,412,276
23,291,410,276
23,291,407,278
23,289,407,280
23,287,407,280
23,287,401,281
23,287,400,282
23,287,398,282
23,286,398,282
23,285,397,283
23,285,395,283
23,284,395,285
23,283,391,286
23,283,391,285
23,283,389,287
23,283,387,288
23,282,385,288
23,281,385,286
23,281,384,286
23,281,384,288
23,281,383,289
23,280,383,289
23,280,383,290
23,285,382,291
23,285,381,291
23,283,383,290
23,282,382,291
23,282,379,291
23,281,380,292
23,281,378,293
23,281,377,294
23,281,375,294
23,281,374,295
23,280,374,295
23,282,373,295
23,282,370,297
23,289,368,297
23,289,367,298
23,290,365,301
23,290,364,302
23,289,363,303
23,288,361,303
23,288,360,301
23,287,358,303
23,285,357,303
23,290,358,303
23,289,358,304
23,289,357,305
23,288,358,307
23,288,357,307
23,287,357,306
23,287,356,307
23,291,359,308
23,291,357,307
23,290,357,307
23,290,359,307
23,290,359,309
23,290,357,310
23,288,359,310
23,288,359,311
23,288,359,311
23,287,356,312
23,287,356,312
23,286,357,312
23,286,357,312
23,286,357,313
23,286,355,314
23,285,354,315
23,288,353,317
23,291,352,319
23,288,354,320
23,288,353,320
23,287,353,320
23,287,352,321
23,286,351,322
23,286,350,323
23,286,351,325
23,285,351,327
23,293,351,329
23,292,349,330
23,292,348,331
23,292,346,332
23,291,344,335
23,291,343,339
23,290,343,339
23,290,341,339
23,290,340,339
23,297,339,340
23,308,336,340
23,307,336,340
23,307,336,340
23,313,333,340
23,313,331,340
23,311,331,342
23,311,330,343
23,310,328,346
23,315,328,349
23,315,328,351
23,315,327,350
23,313,324,350
23,316,324,350
23,322,323,350
23,322,323,349
23,320,325,351
23,320,322,351
23,318,323,351
23,318,323,351
23,318,322,353
23,316,324,354
23,316,322,354
23,316,322,354
23,313,322,355
23,313,322,357
23,313,320,358
23,312,320,359
23,310,321,360
23,310,318,360
23,307,321,360
23,309,321,360
23,308,321,361
23,305,324,360
23,309,324,360
23,307,325,362
23,307,323,362
23,307,322,361
23,307,322,362
23,309,323,362
23,309,323,362
23,308,322,361
23,308,319,361
23,308,318,361
23,307,319,364
23,307,318,364
23,306,315,365
23,306,309,366
23,305,309,366
23,305,308,368
23,305,304,369
23,311,303,371
23,311,302,372
23,313,302,371
23,318,302,374
23,316,301,376
23,319,301,377
23,319,298,377
23,319,296,378
23,317,296,380
23,315,298,380
23,321,297,380
23,318,300,382
23,317,298,382
23,316,298,383
23,315,298,385
23,320,296,386
23,320,295,386
23,322,295,387
23,320,296,386
23,320,296,387
23,319,296,387
23,319,296,387
23,324,296,387
23,322,298,387
23,322,297,390
23,322,295,391
23,321,296,391
23,319,297,392
23,318,298,393
23,317,298,393
23,316,299,394
23,316,298,394
23,313,299,394
23,313,299,394
23,313,296,394
23,313,294,394
23,310,294,393
23,308,295,391
23,309,295,391
23,309,295,392
23,309,293,392
23,319,292,391
23,319,291,392
23,319,290,392
23,321,291,394
23,319,290,395
23,319,290,396
23,319,289,397
23,319,288,399
23,318,287,399
23,317,288,400
23,327,288,399
23,327,286,399
23,326,287,401
23,324,289,401
23,325,288,402
23,325,287,402
23,325,287,404
23,325,286,404
23,325,285,404
23,323,286,405
23,327,286,406
23,329,285,406
23,328,285,408
23,332,285,407
23,329,287,405
23,329,287,405
23,343,286,405
23,343,285,406
23,343,285,407
23,349,285,408
23,349,285,409
23,349,285,409
23,345,289,410
23,344,289,410
23,344,287,409
23,344,285,410
23,344,283,412
23,344,280,413
23,342,282,412
23,340,284,413
23,343,283,412
23,343,278,413
23,343,276,414
23,343,275,414
23,343,275,412
23,343,274,414
23,343,274,417
23,341,273,417
23,341,273,418
23,341,271,418
23,340,271,418
23,337,273,419
23,337,272,420
23,336,273,420
23,336,270,420
23,336,269,418
23,335,270,417
23,341,267,414
23,340,266,414
23,340,265,416
23,347,261,417
23,347,261,418
23,353,261,417
23,352,258,417
23,351,258,417
23,350,258,419
23,350,257,419
23,357,255,419
23,356,254,420
23,358,253,421
23,358,252,421
23,357,253,421
23,357,253,422
23,357,252,422
23,357,251,423
23,357,250,423
23,357,250,424
23,359,250,425
23,359,250,425
23,359,249,426
23,359,248,425
23,358,247,426
23,357,248,425
23,356,249,425
23,357,248,426
23,357,245,425
23,357,244,424
23,357,241,424
23,362,241,426
23,362,239,427
23,361,240,427
23,360,240,429
23,360,240,431
23,360,239,433
23,360,239,434
23,363,239,433
23,363,238,433
23,367,237,434
23,367,236,432
23,367,235,432
23,366,235,432
23,365,236,433
23,365,236,432
23,363,235,433
23,373,236,435
23,373,234,435
23,372,234,435
23,371,235,435
23,371,234,436
23,370,235,435
23,370,234,435
23,372,232,434
23,372,230,434
23,372,230,433
23,371,231,434
23,370,229,434
23,374,229,436
23,380,229,437
23,380,228,437
23,379,228,438
23,378,228,440
22,384,226,442
22,384,222,442
22,388,221,440
22,388,221,440
22,388,221,440
22,388,221,440
22,388,219,440
22,385,221,440
22,391,220,441
22,390,221,441
22,390,219,441
22,389,219,441
22,401,219,442
22,400,218,442
22,399,218,443
22,398,216,442
22,397,216,444
22,396,217,443
22,396,216,443
22,402,216,442
22,406,215,442
22,406,215,444
22,409,214,443
22,408,214,444
22,406,216,444
22,419,216,444
22,425,216,444
22,423,217,444
23,423,214,444
23,429,212,444
23,429,210,445
22,429,209,444
22,432,212,444
22,432,211,442
22,438,210,441
22,438,210,441
22,435,212,440
22,437,212,440
22,436,213,442
22,435,213,444
22,435,213,442
22,435,212,442
22,435,212,440
22,434,213,439
22,436,213,440
22,434,215,439
22,431,218,438
22,431,218,439
22,429,219,440
22,428,218,441
22,435,216,441
21,435,219,442
21,441,219,442
21,440,219,443
21,447,219,442
21,453,218,439
21,452,218,437
21,451,219,440
21,451,219,440
21,455,219,439
21,460,217,438
21,464,220,438
21,464,219,438
21,465,219,438
21,463,221,439
21,463,221,440
21,466,220,439
21,466,218,439
21,466,217,439
21,466,216,437
21,465,217,436
21,469,217,433
21,475,218,435
21,475,217,435
21,475,217,432
21,482,216,432
21,482,214,432
21,484,214,432
21,492,214,432
21,492,213,431
21,495,215,433
21,494,216,433
21,494,217,433
21,494,215,431
21,500,214,431
21,500,213,432
21,499,213,432
21,499,212,431
21,505,213,431
21,510,214,429
21,509,215,428
21,514,217,427
21,513,218,426
21,517,219,426
21,516,218,426
21,516,217,427
21,521,219,427
21,520,220,426
21,517,222,426
21,516,223,425
21,516,221,423
21,514,223,421
21,514,223,420
21,514,222,420
21,518,222,420
21,518,222,420
21,517,223,421
21,516,224,420
21,522,225,417
21,527,225,419
21,531,225,417
21,531,225,418
21,531,224,420
21,530,225,420
21,530,225,419
21,530,225,422
21,534,225,423
21,533,225,421
21,533,224,421
21,533,224,420
21,533,224,420
21,531,226,418
21,536,228,418
21,535,229,419
21,547,229,419
21,546,230,419
21,556,229,419
21,556,227,420
21,562,226,419
21,562,225,418
21,564,226,417
21,564,226,417
21,570,225,415
21,570,225,413
21,569,226,413
21,569,225,413
21,568,226,413
21,573,227,413
21,577,226,414
21,576,226,414
21,581,227,415
21,581,226,414
20,580,227,410
20,579,228,410
20,578,229,410
20,581,230,410
20,581,230,410
20,580,230,410
20,580,231,410
20,583,229,411
20,582,230,410
20,582,229,408
20,582,226,407
20,584,227,408
20,583,228,408
20,583,228,406
20,583,228,407
20,588,228,406
20,591,230,407
20,590,231,408
20,600,231,409
19,598,233,408
19,602,233,407
19,604,233,406
19,603,234,403
19,601,235,405
19,602,236,403
19,604,237,403
19,604,235,402
19,611,233,400
19,609,233,398
19,612,234,398
19,612,232,399
19,613,233,400
19,622,234,398
19,621,235,396
19,619,236,395
19,621,235,395
19,618,236,395
19,620,236,396
20,626,235,395
20,625,235,396
20,630,233,397
20,636,233,397
19,636,233,396
19,635,231,395
19,636,231,395
19,635,231,395
19,634,232,394
19,633,232,393
19,636,234,393
19,634,235,393
19,635,237,392
19,635,237,390
19,633,238,388
19,632,239,388
19,628,243,388
19,630,244,386
19,630,243,387
19,628,248,387
19,626,249,388
19,623,252,386
19,623,251,385
19,622,251,386
19,625,251,386
19,631,250,384
19,631,249,382
19,631,249,380
19,635,248,380
19,637,248,380
19,641,247,377
19,641,247,374
19,639,249,373
19,642,250,373
19,648,250,370
19,655,250,370
19,664,250,370
19,660,252,368
19,657,255,368
19,655,256,367
19,655,253,367
19,658,252,366
19,655,254,364
19,654,253,365
19,654,253,366
19,657,254,364
19,656,254,362
19,655,255,362
19,654,256,361
19,658,253,362
19,657,253,362
19,659,254,361
19,658,254,361
19,656,256,361
19,657,256,362
19,656,253,360
19,656,253,360
19,661,254,361
19,662,253,361
19,660,254,360
19,659,256,357
19,659,252,355
19,664,249,354
19,665,249,355
19,665,245,356
19,671,245,357
19,671,243,357
19,670,244,358
19,670,244,358
19,672,244,359
19,678,244,357
19,678,244,355
19,676,245,354
19,682,246,353
19,684,247,353
19,686,246,350
18,684,247,350
18,705,248,350
18,705,248,350
18,714,246,350
18,714,246,352
18,718,245,351
18,723,245,350
18,723,246,349
18,723,245,349
18,723,244,349
18,728,244,349
18,727,243,347
18,727,243,346
18,732,243,345
18,734,242,343
18,728,245,343
18,728,246,342
18,726,245,340
18,732,244,338
18,730,246,338
18,733,248,337
18,736,248,336
18,735,249,335
18,734,250,337
18,734,250,337
18,730,254,337
18,728,256,335
18,735,258,333
18,735,258,331
18,738,254,331
18,753,256,329
18,752,257,326
18,761,257,325
18,769,256,323
18,767,256,323
18,767,256,320
18,768,257,320
18,769,260,317
18,772,259,318
18,775,259,318
18,774,260,316
18,773,261,314
18,777,262,314
18,775,263,312
18,774,264,312
18,779,264,312
18,782,266,311
18,789,266,310
18,790,264,308
18,798,267,308
18,798,269,306
18,798,271,305
18,802,271,305
18,802,271,304
18,801,270,304
18,800,271,304
18,804,272,303
18,806,273,303
18,805,272,302
18,803,273,301
18,808,273,301
18,812,273,300
18,809,275,299
18,808,276,299
18,808,276,300
18,808,276,300
18,810,276,300
18,808,277,298
18,822,279,297
18,822,278,294
18,820,281,293
18,819,281,292
18,819,280,292
18,819,282,294
18,819,279,294
18,820,278,294
18,818,280,294
18,817,281,295
18,825,281,294
18,825,280,294
18,823,282,294
18,831,283,294
18,831,283,293
18,835,284,293
18,834,285,292
18,833,285,291
18,845,287,292
18,848,287,291
18,852,286,290
18,863,287,289
18,861,289,289
18,867,290,288
18,866,291,286
18,868,292,286
18,873,292,283
18,876,290,282
18,873,292,278
18,872,292,278
18,872,292,277
19,870,294,275
19,876,292,274
19,876,296,274
19,873,299,273
19,870,301,272
19,874,301,272
19,872,301,273
19,876,301,273
19,875,302,273
19,875,302,273
19,881,303,273
19,885,306,271
19,888,307,271
19,893,309,270
19,889,313,268
19,888,314,267
20,892,314,266
20,890,317,266
20,893,317,267
20,888,321,266
20,895,321,265
20,901,321,263
20,901,321,262
20,901,321,262
20,907,322,261
20,904,325,260
20,902,328,260
20,900,330,261
20,902,329,261
20,900,331,260
20,899,331,260
20,908,330,257
20,909,331,256
20,907,332,255
20,915,331,251
20,913,333,251
20,928,335,249
20,933,335,246
20,932,335,244
20,931,336,245
20,928,337,244
20,926,339,243
20,940,342,243
20,947,343,242
19,952,344,243
19,955,344,242
20,958,345,241
20,961,345,241
20,967,349,238
20,966,352,238
20,972,351,237
20,969,354,237
20,970,354,235
20,970,356,234
20,968,358,232
20,969,360,232
20,969,360,230
20,968,361,230
20,969,362,230
20,968,361,229
20,966,362,227
20,970,361,226
20,969,360,225
20,975,360,224
20,972,363,223
20,971,363,223
20,967,367,220
20,972,367,218
20,973,368,216
20,969,374,216
20,968,372,214
20,967,373,213
20,967,374,212
20,965,374,211
20,978,374,210
20,984,373,210
20,993,373,210
20,999,374,208
20,1002,374,207
20,1005,374,207
20,1006,376,208
20,1013,378,208
20,1020,381,208
20,1027,381,207
20,1031,383,207
20,1033,385,206
20,1029,388,206
20,1028,387,207
20,1036,389,206
20,1042,394,205
20,1038,400,206
20,1036,399,204
21,1039,400,200
21,1044,399,198
21,1041,402,196
21,1049,405,195
21,1052,405,195
21,1047,409,194
21,1048,411,193
21,1051,410,193
21,1051,407,191
21,1050,407,190
21,1047,408,191
21,1060,409,189
21,1058,410,188
21,1061,407,184
21,1068,409,183
21,1078,409,182
21,1076,410,181
21,1073,413,180
21,1074,414,177
21,1073,415,177
21,1071,414,176
21,1072,414,176
21,1068,416,175
21,1070,417,174
21,1077,418,173
21,1074,421,171
21,1071,424,172
21,1072,426,172
21,1077,426,171
21,1073,429,172
21,1074,430,171
21,1074,435,171
21,1076,436,170
21,1075,440,168
21,1076,438,167
21,1073,440,167
21,1072,444,167
21,1073,446,167
21,1073,448,165
21,1072,454,165
21,1067,458,165
21,1062,462,164
21,1059,462,164
21,1057,468,165
21,1055,470,165
21,1052,472,165
21,1053,473,166
21,1050,476,165
21,1051,478,165
21,1057,476,165
21,1056,476,165
21,1051,479,165
21,1049,480,165
21,1043,485,165
21,1049,485,165
21,1053,485,165
21,1054,488,165
21,1053,487,165
21,1049,488,164
21,1053,489,164
21,1052,490,163
21,1050,492,162
21,1047,494,160
21,1046,496,159
21,1044,499,158
21,1049,501,157
21,1055,501,155
21,1057,501,153
21,1061,499,152
21,1057,502,153
21,1057,500,152
21,1064,503,150
21,1063,502,148
21,1066,504,148
21,1077,506,148
21,1086,510,148
21,1084,512,148
21,1080,515,149
21,1091,518,148
21,1090,521,148
21,1088,524,148
21,1090,527,148
21,1091,530,146
21,1089,531,144
21,1092,532,143
21,1094,535,144
21,1098,536,143
21,1095,538,143
21,1107,540,143
21,1106,542,141
21,1113,542,142
21,1113,547,142
21,1112,550,141
21,1112,550,139
21,1110,552,139
21,1116,553,137
21,1109,560,138
21,1111,563,138
21,1116,563,137
21,1117,562,136
21,1119,568,135
21,1121,577,134
21,1117,579,134
21,1120,578,133
21,1125,580,132
21,1120,587,131
21,1129,588,131
21,1126,590,131
21,1132,595,127
21,1146,598,125
21,1146,600,124
21,1152,599,121
21,1150,605,122
21,1158,607,120
21,1153,612,118
21,1153,614,118
21,1155,616,118
21,1149,619,117
21,1154,621,116
21,1148,624,114
21,1160,626,113
21,1154,629,114
21,1150,633,113
21,1155,636,113
21,1148,643,113
21,1144,649,112
21,1145,652,111
21,1134,662,109
21,1134,667,109
21,1127,672,108
21,1125,673,108
21,1135,673,107
22,1129,681,108
22,1126,685,106
22,1121,686,106
22,1121,690,107
22,1118,694,106
22,1124,697,106
22,1132,705,106
22,1141,709,107
22,1140,710,105
22,1147,713,104
22,1142,725,103
22,1139,730,104
22,1141,733,104
22,1140,742,102
22,1134,745,102
22,1143,750,103
22,1134,756,102
22,1131,764,102
22,1128,763,102
22,1124,770,102
22,1128,773,101
22,1121,779,102
22,1123,779,102
22,1116,784,103
21,1112,791,103
21,1108,796,103
21,1106,796,103
21,1109,795,102
21,1113,797,102
21,1117,799,102
21,1120,803,102
21,1111,810,101
21,1106,816,100
21,1102,820,100
21,1099,822,100
21,1102,825,100
21,1097,826,100
21,1099,825,101
21,1108,826,100
21,1106,828,99
21,1104,827,98
21,1097,833,98
21,1093,836,98
21,1099,841,97
21,1098,844,96
21,1093,846,95
21,1087,850,96
21,1081,854,96
21,1085,856,97
21,1082,858,94
21,1077,866,93
21,1079,869,92
21,1088,871,92
21,1085,874,91
21,1100,878,90
21,1104,882,90
21,1098,888,91
21,1092,891,91
21,1093,899,91
21,1093,904,90
21,1085,911,90
21,1087,915,90
21,1078,922,90
21,1073,925,90
21,1082,927,90
21,1086,929,89
21,1095,932,90
21,1093,932,90
21,1095,936,89
21,1088,943,89
21,1086,943,88
21,1084,947,88
21,1085,952,88
21,1077,958,88
21,1072,963,89
21,1071,968,89
21,1072,971,89
21,1067,976,88
21,1060,983,88
21,1056,986,87
21,1057,991,88
21,1058,995,88
21,1055,996,88
21,1053,1004,88
21,1059,1007,88
21,1054,1009,88
21,1052,1010,87
21,1049,1013,87
21,1049,1011,87
21,1050,1013,87
21,1042,1020,86
21,1041,1023,85
21,1040,1024,86
21,1034,1028,86
21,1037,1032,82
21,1030,1037,81
21,1028,1043,81
21,1029,1041,82
21,1023,1044,81
21,1019,1047,82
21,1022,1050,82
21,1019,1050,81
21,1013,1054,82
21,1010,1060,81
21,1004,1065,81
21,1000,1069,81
21,997,1071,79
21,999,1072,78
21,993,1076,77
21,993,1075,77
21,987,1080,77
22,981,1082,76
22,979,1082,75
22,974,1086,75
22,966,1093,75
22,972,1093,76
22,969,1091,76
22,972,1091,77
22,972,1091,77
22,973,1091,77
22,970,1091,73
22,968,1091,74
22,968,1092,74
22,965,1094,75
23,958,1100,75
23,950,1105,74
23,948,1103,74
23,944,1105,74
23,939,1108,74
23,938,1109,74
23,938,1108,74
23,937,1110,74
23,934,1113,74
23,942,1114,73
23,944,1115,72
23,940,1117,72
23,937,1117,73
23,939,1119,73
23,938,1118,72
23,938,1117,72
23,935,1119,72
23,932,1120,71
23,932,1117,70
23,930,1116,70
23,926,1118,70
23,937,1118,68
23,943,1121,69
23,941,1117,67
23,940,1116,68
23,944,1115,68
23,956,1116,68
23,953,1117,69
23,951,1118,69
23,956,1118,67
23,952,1122,67
23,945,1127,67
23,943,1125,66
23,941,1125,66
23,941,1124,65
23,939,1124,64
23,939,1128,64
23,937,1128,63
23,933,1132,63
23,934,1132,62
23,930,1135,62
23,927,1135,63
23,934,1136,63
23,936,1134,64
23,931,1137,65
23,928,1135,65
23,925,1134,65
23,928,1131,65
23,934,1132,65
23,928,1136,65
23,933,1133,65
23,934,1131,65
23,932,1131,65
23,931,1131,66
23,928,1132,65
23,931,1130,65
23,931,1128,64
23,932,1127,66
23,930,1124,66
23,928,1124,66
23,930,1125,66
23,938,1122,65
23,936,1121,65
23,934,1121,64
23,934,1121,64
23,931,1120,64
23,927,1120,64
23,925,1118,65
23,935,1118,65
23,934,1115,64
23,938,1113,64
23,941,1112,65
23,939,1111,66
23,938,1114,65
23,942,1113,65
23,942,1110,65
23,941,1112,65
22,942,1113,64
22,943,1112,64
22,942,1108,63
22,940,1105,64
22,941,1104,64
22,939,1107,63
22,935,1109,63
22,938,1110,64
22,940,1112,65
22,940,1117,66
22,938,1117,66
22,938,1118,67
22,950,1120,69
22,951,1123,69
22,956,1120,69
22,959,1116,68
22,956,1114,69
22,958,1114,70
22,960,1112,70
22,962,1110,70
22,964,1110,71
22,976,1109,70
22,974,1108,70
22,981,1107,70
22,982,1109,70
22,980,1110,71
22,997,1107,71
22,1000,1110,71
22,998,1111,71
22,996,1108,71
22,991,1111,72
23,987,1111,72
23,988,1107,73
23,984,1109,74
23,984,1105,74
23,975,1110,74
23,971,1112,74
23,974,1116,75
23,967,1122,76
23,980,1123,76
23,979,1124,77
23,980,1123,78
23,976,1122,78
23,985,1121,77
24,989,1122,77
24,987,1126,78
24,985,1123,78
24,982,1121,78
24,986,1122,78
24,988,1121,78
24,994,1119,78
24,992,1123,78
24,995,1123,78
24,989,1128,78
24,987,1131,78
24,990,1130,78
24,984,1134,78
24,981,1136,79
24,985,1133,79
24,1002,1132,79
24,1001,1127,79
24,1005,1128,80
24,1000,1128,81
24,1000,1127,81
24,996,1131,81
24,995,1130,82
24,992,1135,80
24,990,1134,79
24,989,1132,78
24,983,1133,79
24,984,1133,78
24,997,1132,78
24,992,1134,78
24,991,1134,78
24,993,1136,78
24,1004,1133,79
24,997,1138,79
24,992,1144,79
24,984,1149,79
24,978,1152,78
24,978,1156,78
24,975,1158,79
24,973,1157,79
24,989,1151,78
24,986,1151,77
24,981,1153,78
24,990,1147,78
24,992,1147,75
24,998,1146,76
24,995,1147,76
24,999,1144,76
24,995,1143,76
24,988,1148,76
24,995,1146,76
24,996,1150,76
24,998,1153,76
24,993,1151,75
24,998,1147,76
24,995,1147,75
24,992,1148,75
24,994,1150,74
24,997,1149,74
24,995,1151,75
25,992,1153,75
25,995,1150,75
25,994,1150,75
25,999,1145,76
25,1000,1149,76
25,1005,1147,77
25,1000,1150,78
25,993,1152,78
25,995,1152,79
25,992,1148,77
25,995,1150,77
25,988,1153,78
25,982,1157,77
25,977,1158,76
25,978,1155,76
25,981,1150,76
25,979,1148,76
25,974,1150,75
25,971,1153,75
25,988,1155,75
25,985,1152,76
25,987,1150,75
25,985,1151,75
25,983,1147,74
25,986,1140,74
25,984,1144,74
25,978,1142,75
25,980,1137,75
25,977,1137,75
25,972,1137,74
25,969,1136,75
25,974,1134,75
25,972,1131,75
25,967,1135,75
25,966,1130,74
25,965,1129,74
25,965,1126,73
25,960,1129,73
25,955,1134,73
25,953,1131,72
25,951,1131,72
25,955,1126,72
25,949,1132,73
25,945,1130,73
25,943,1128,72
25,940,1127,72
25,938,1121,73
25,934,1123,73
25,931,1120,73
25,936,1123,73
25,935,1121,73
25,934,1120,72
25,929,1121,70
25,926,1118,70
25,925,1117,69
25,923,1114,70
25,930,1117,69
25,930,1115,69
25,927,1114,69
25,922,1115,69
25,918,1116,68
25,916,1115,67
25,916,1109,68
25,914,1104,67
25,913,1105,67
25,910,1103,66
25,909,1105,66
25,910,1107,65
25,913,1108,65
25,916,1107,65
25,926,1105,66
25,928,1107,67
25,922,1105,67
25,922,1106,67
25,918,1110,66
25,913,1109,66
25,915,1107,64
25,910,1105,64
25,908,1103,64
25,906,1098,64
25,904,1095,64
25,905,1098,63
25,904,1097,63
25,903,1098,63
25,912,1096,63
25,915,1095,63
25,913,1099,63
25,906,1102,64
25,905,1098,64
25,907,1097,65
25,905,1096,65
25,901,1098,66
25,897,1099,65
25,894,1098,64
25,893,1095,63
25,898,1094,63
25,895,1092,63
25,893,1093,63
25,891,1093,63
25,889,1092,62
25,883,1094,62
25,881,1094,62
25,889,1094,62
25,888,1093,62
25,882,1098,63
25,880,1097,63
25,880,1096,62
25,887,1097,62
25,882,1100,62
25,888,1098,62
25,892,1099,62
25,889,1098,62
25,885,1101,61
25,883,1100,61
25,882,1098,61
25,880,1098,61
25,883,1097,61
25,876,1096,61
25,872,1097,61
25,869,1099,61
25,868,1097,61
25,866,1097,60
25,870,1096,60
25,869,1095,61
25,866,1094,61
25,863,1097,61
25,862,1096,61
25,860,1094,62
25,857,1093,62
25,855,1093,62
25,853,1090,62
25,849,1090,60
25,850,1087,59
25,848,1080,60
25,848,1075,60
24,852,1072,60
24,851,1068,60
24,846,1069,59
24,844,1069,59
24,849,1066,58
24,852,1066,58
24,852,1066,58
24,851,1064,57
24,849,1064,56
24,847,1064,56
24,844,1063,56
24,842,1064,56
24,841,1064,55
24,837,1064,55
24,826,1072,55
24,835,1071,55
24,834,1066,55
24,835,1065,55
24,837,1065,54
24,845,1069,55
24,843,1067,55
24,845,1067,55
24,861,1063,56
24,860,1061,57
24,866,1059,57
24,864,1053,57
24,867,1056,58
24,870,1057,58
24,875,1060,58
24,881,1060,58
24,878,1058,58
24,878,1054,58
24,883,1053,58
24,886,1056,58
24,890,1057,59
24,892,1055,59
24,888,1054,59
24,889,1057,59
24,897,1061,59
24,903,1059,59
24,905,1060,59
24,903,1057,59
24,911,1055,59
24,911,1057,59
24,909,1059,59
24,916,1059,59
24,922,1057,59
24,928,1053,59
24,924,1056,59
24,932,1054,58
24,937,1053,58
24,951,1049,57
24,954,1047,58
24,948,1049,58
24,949,1048,57
24,966,1049,57
24,965,1046,57
24,962,1045,57
24,966,1043,57
24,962,1043,57
24,973,1043,58
24,970,1042,59
24,969,1038,60
24,969,1039,60
24,966,1040,60
24,962,1041,60
24,958,1040,60
24,961,1042,61
24,961,1043,61
24,967,1040,61
24,971,1036,61
24,982,1034,62
24,981,1036,63
24,975,1038,63
24,979,1036,62
24,976,1034,62
24,975,1032,60
24,972,1032,60
24,972,1030,59
24,972,1031,60
24,968,1031,61
24,965,1033,61
24,962,1034,61
24,974,1031,62
24,988,1028,62
24,992,1027,61
24,987,1031,61
24,998,1033,60
24,997,1029,60
24,1003,1027,60
24,1019,1028,58
24,1024,1027,59
24,1023,1030,59
24,1021,1031,59
24,1018,1033,59
24,1014,1036,60
24,1024,1040,60
24,1021,1043,60
24,1027,1041,60
24,1025,1039,60
24,1026,1046,60
24,1024,1046,60
24,1022,1045,60
24,1029,1042,61
24,1033,1039,61
24,1037,1038,61
24,1031,1042,60
24,1034,1041,60
24,1030,1039,61
24,1025,1042,61
24,1030,1039,60
23,1029,1037,60
23,1025,1040,59
23,1033,1043,59
23,1036,1044,59
23,1029,1052,59
23,1023,1053,59
23,1018,1055,58
23,1012,1057,57
23,1010,1057,57
23,1011,1060,57
23,1008,1059,58
23,1010,1060,59
23,1007,1063,59
23,1005,1068,60
23,1001,1068,59
23,999,1071,58
23,1005,1072,58
23,1013,1074,58
23,1012,1073,58
23,1008,1075,58
23,1011,1077,59
23,1014,1077,60
23,1009,1080,61
23,1011,1080,60
23,1012,1084,61
23,1011,1084,61
23,1011,1083,62
23,1009,1084,62
23,1013,1083,62
24,1011,1086,61
24,1015,1090,61
25,1011,1092,61
25,1008,1093,61
25,1010,1094,60
25,1006,1090,60
25,1001,1094,60
25,996,1096,61
25,997,1095,61
25,1001,1093,62
25,1003,1094,63
25,1001,1099,63
25,997,1097,64
25,994,1098,63
25,996,1097,62
25,994,1097,62
25,989,1098,62
25,985,1100,62
25,989,1095,62
25,988,1095,62
25,983,1096,62
25,988,1094,62
25,985,1089,62
25,984,1088,62
25,982,1090,61
25,980,1090,60
25,988,1091,60
25,986,1095,60
25,981,1097,59
25,977,1099,59
25,979,1098,58
25,977,1097,59
25,976,1096,59
25,974,1097,59
25,969,1098,58
25,966,1097,58
25,959,1102,58
25,956,1104,58
25,954,1103,56
25,952,1103,56
25,951,1101,56
25,946,1102,56
25,944,1095,56
25,954,1092,56
25,957,1094,56
25,954,1096,56
25,950,1097,56
25,952,1098,56
25,945,1102,57
25,944,1100,57
25,942,1099,57
25,941,1095,57
25,938,1095,58
25,935,1095,58
25,932,1096,58
25,931,1096,59
25,927,1095,59
25,927,1094,59
26,923,1097,58
26,921,1096,58
26,921,1093,58
26,917,1092,59
26,915,1089,59
26,912,1087,59
26,910,1088,59
26,907,1090,58
26,900,1093,57
26,894,1093,58
26,892,1094,57
26,894,1094,58
26,893,1092,59
26,891,1091,59
26,886,1094,59
26,885,1093,59
26,892,1088,59
26,890,1086,59
26,894,1085,59
26,891,1083,59
26,887,1081,60
26,893,1078,60
26,889,1077,60
26,886,1073,61
26,885,1072,62
26,881,1075,62
26,883,1072,63
26,882,1068,63
26,883,1066,63
26,880,1064,62
26,878,1062,63
26,878,1059,63
26,879,1057,63
26,879,1051,64
26,876,1051,64
26,873,1052,64
26,876,1051,63
26,873,1051,64
26,871,1050,64
26,866,1050,64
26,866,1044,64
26,868,1045,64
26,873,1044,64
26,870,1042,64
26,868,1039,63
26,861,1042,62
26,860,1040,62
26,860,1039,62
26,866,1038,62
26,862,1039,62
26,861,1037,62
26,859,1038,62
26,864,1031,62
26,860,1033,62
26,863,1031,62
26,866,1030,62
26,867,1031,62
26,870,1026,62
26,870,1021,62
26,867,1021,63
26,866,1022,63
26,875,1020,64
26,873,1018,64
26,873,1014,65
26,870,1014,65
26,869,1011,65
26,870,1008,65
26,874,1003,65
26,877,1003,65
26,883,999,65
26,886,998,65
26,882,999,64
26,884,997,63
26,880,998,62
26,884,994,60
26,891,995,60
26,903,992,60
26,905,992,61
26,908,994,61
26,906,994,62
26,907,994,63
26,910,991,63
26,912,991,64
26,908,995,64
26,904,998,64
26,902,1000,65
26,905,997,65
26,905,1001,66
26,908,1001,67
26,905,999,66
26,902,998,67
26,899,995,67
26,903,994,68
26,914,993,69
26,921,995,67
26,921,991,67
26,929,994,68
26,935,993,68
26,932,994,68
26,931,990,69
26,930,990,70
26,934,989,69
26,940,989,69
26,948,989,68
26,944,990,68
26,943,990,69
26,947,990,69
26,951,991,69
26,954,991,69
26,954,991,68
26,953,991,68
26,957,989,67
26,958,991,68
26,956,994,69
26,948,1000,69
26,953,998,69
26,953,995,69
26,951,997,69
26,947,1000,70
26,946,994,70
26,957,991,70
26,953,993,70
26,956,994,71
27,968,994,71
27,967,993,71
27,975,994,71
27,977,992,72
27,973,997,72
27,983,991,71
27,982,990,71
27,980,990,70
27,996,990,70
27,998,989,71
27,993,990,71
27,1009,990,72
27,1012,987,73
27,1007,990,72
27,1008,990,72
27,1005,989,72
27,1002,985,73
27,1002,989,73
27,1012,991,73
27,1010,989,73
27,1031,988,73
27,1030,987,73
27,1027,989,74
27,1025,991,73
27,1030,993,74
27,1034,992,73
27,1033,991,71
27,1033,989,71
27,1034,989,71
27,1045,989,71
27,1050,991,71
27,1044,995,71
27,1038,998,71
27,1034,1002,72
27,1030,1002,72
27,1030,1001,72
27,1025,1000,71
27,1031,1004,70
27,1036,1008,70
27,1035,1010,69
27,1037,1009,69
27,1033,1010,70
27,1028,1013,68
27,1029,1014,68
27,1023,1017,69
27,1025,1015,69
27,1034,1014,69
27,1035,1017,68
27,1036,1021,68
27,1038,1021,67
27,1034,1020,67
27,1037,1021,67
27,1036,1021,67
27,1036,1022,68
27,1030,1025,66
27,1033,1026,67
27,1031,1029,67
27,1027,1029,67
27,1029,1034,67
27,1026,1034,67
27,1022,1033,66
27,1030,1034,67
27,1027,1034,66
27,1030,1036,66
27,1032,1036,66
27,1033,1037,65
27,1028,1040,65
27,1025,1041,65
27,1019,1039,66
27,1020,1041,65
27,1015,1044,65
28,1019,1043,65
28,1015,1043,64
28,1015,1048,64
28,1011,1051,63
28,1005,1053,63
28,1005,1052,63
28,1000,1058,63
29,1002,1057,63
29,1009,1058,63
29,1004,1059,63
29,998,1060,63
29,992,1065,63
29,990,1068,63
29,990,1067,63
29,984,1069,63
29,981,1070,64
29,978,1069,63
29,975,1069,63
29,973,1066,61
29,975,1067,61
29,968,1072,62
29,966,1070,62
28,964,1067,62
28,965,1065,62
29,964,1066,61
29,962,1066,60
29,960,1065,61
29,958,1064,61
29,958,1060,61
29,955,1062,59
29,953,1062,59
29,947,1066,60
29,945,1064,60
29,947,1063,60
29,945,1062,60
29,940,1065,60
29,938,1067,61
29,938,1066,62
29,941,1065,62
29,937,1068,62
29,935,1067,62
29,925,1076,63
29,924,1075,63
29,918,1077,63
29,917,1076,63
29,914,1078,64
29,916,1073,64
29,912,1074,65
29,909,1073,63
29,908,1071,61
29,904,1070,62
29,903,1067,61
29,898,1070,60
30,898,1068,60
30,896,1067,58
30,893,1067,58
30,889,1067,58
30,886,1066,58
30,883,1067,58
30,880,1069,57
30,877,1069,58
30,873,1069,58
30,872,1068,58
30,868,1071,58
30,864,1073,58
30,863,1070,58
30,861,1070,58
30,857,1070,57
30,855,1066,57
30,854,1065,57
30,853,1062,58
30,851,1061,58
30,848,1059,58
30,846,1058,58
30,843,1058,58
30,840,1058,58
30,837,1060,57
30,833,1063,58
30,832,1061,56
30,834,1061,56
30,831,1059,56
30,828,1059,56
30,825,1057,56
30,824,1056,56
30,824,1054,56
30,823,1050,55
30,827,1047,55
30,824,1047,55
30,819,1047,57
30,820,1047,57
30,816,1049,57
30,812,1047,57
30,822,1044,57
30,823,1046,57
30,822,1042,56
30,815,1047,56
30,813,1047,56
30,815,1047,56
30,810,1049,55
30,809,1046,55
30,808,1042,56
30,806,1041,56
30,806,1040,56
30,804,1035,56
30,801,1036,55
30,801,1030,55
30,800,1027,56
30,797,1028,57
30,793,1029,57
30,790,1029,55
30,788,1031,55
30,791,1029,55
30,790,1027,55
30,796,1030,55
30,794,1027,55
30,788,1032,55
30,790,1031,55
30,795,1034,55
30,791,1033,55
30,800,1030,54
30,804,1031,55
30,805,1028,55
30,800,1032,55
30,796,1033,56
30,802,1031,56
30,798,1032,56
30,798,1029,56
30,796,1029,57
30,791,1030,57
30,786,1032,57
30,788,1031,57
30,785,1032,57
30,785,1025,57
30,781,1026,57
30,787,1027,58
30,783,1029,58
30,783,1030,58
30,783,1030,57
30,780,1030,57
30,793,1027,57
30,791,1025,57
30,790,1023,57
30,791,1022,57
30,788,1022,57
30,782,1023,56
30,778,1024,57
30,774,1026,57
30,773,1023,58
30,771,1022,58
30,774,1021,58
30,771,1023,58
30,773,1020,57
30,782,1019,58
30,789,1020,58
30,788,1021,58
30,794,1021,58
30,803,1019,59
30,819,1018,59
30,822,1014,60
30,825,1016,61
30,836,1013,61
30,837,1013,61
30,841,1016,61
30,844,1013,60
30,861,1014,61
30,866,1012,61
30,866,1014,61
30,867,1015,60
30,876,1017,60
30,875,1017,60
30,879,1017,61
30,882,1015,61
30,887,1018,61
30,892,1013,61
30,890,1013,61
30,896,1012,61
30,897,1012,62
30,894,1013,63
30,892,1010,64
30,893,1012,64
30,895,1008,64
30,891,1012,64
30,899,1011,64
30,907,1012,64
30,907,1010,64
30,911,1011,64
30,912,1011,63
30,916,1016,63
30,914,1014,63
30,916,1013,63
30,911,1015,63
30,907,1018,64
30,906,1016,65
30,907,1019,65
30,905,1017,66
30,908,1019,66
30,913,1015,66
30,911,1013,66
30,906,1015,67
30,905,1009,68
30,907,1006,69
30,908,1006,70
30,907,1007,70
30,903,1009,70
30,899,1009,68
30,899,1012,68
30,899,1009,68
30,899,1010,68
30,896,1007,68
30,890,1008,69
30,896,1009,69
30,893,1009,69
30,891,1008,69
30,903,1004,68
30,905,1010,68
30,903,1011,67
30,898,1012,67
30,893,1014,67
30,892,1014,67
30,895,1011,66
30,894,1005,66
30,893,1001,66
30,900,998,66
30,896,1001,67
30,903,1001,69
30,901,1000,69
30,905,997,69
30,904,996,69
31,907,995,69
31,912,994,70
31,906,995,70
31,905,995,70
31,903,996,70
31,899,997,70
31,903,997,71
31,901,996,72
31,900,994,73
31,895,997,73
31,898,993,73
31,896,991,73
31,897,992,73
31,893,993,72
31,891,996,72
31,889,996,72
31,886,998,72
32,884,997,73
32,882,999,73
32,877,1002,70
32,874,1002,69
32,873,1000,68
32,872,996,68
32,867,998,68
32,871,998,68
32,869,998,69
32,865,1002,70
32,874,1000,70
32,873,997,70
32,871,995,70
32,870,994,70
32,871,992,71
32,870,991,71
32,870,990,71
32,867,987,71
32,866,983,71
32,862,986,71
32,860,984,71
32,862,986,72
32,861,985,72
32,860,983,73
32,859,981,74
32,850,988,74
32,844,991,75
32,841,992,76
32,839,991,76
32,839,988,76
32,837,984,76
32,831,987,76
32,830,981,74
32,830,979,75
32,828,978,75
32,832,976,75
32,830,977,76
32,831,978,75
32,835,975,76
32,833,975,77
32,833,973,78
32,828,976,78
32,830,978,78
32,832,981,79
32,829,979,80
32,827,977,80
32,826,977,80
32,821,978,81
32,818,981,81
32,815,979,80
32,817,980,80
32,818,979,80
32,818,980,80
32,816,975,79
33,813,976,78
33,813,975,77
33,807,977,77
33,805,974,78
33,800,978,79
33,799,982,79
33,798,982,79
33,792,987,77
33,791,985,78
33,791,983,79
33,785,986,79
33,783,986,78
33,789,988,79
33,785,990,79
33,783,987,79
33,780,987,79
33,778,986,80
33,774,989,82
33,770,987,82
33,773,985,83
33,770,981,83
33,768,983,83
33,766,983,82
33,765,984,82
33,758,989,82
33,757,989,83
33,756,995,83
33,755,994,83
33,752,995,83
33,749,995,83
33,749,993,83
33,745,996,84
33,740,998,84
34,739,1002,84
35,740,1002,84
35,739,998,84
35,738,994,83
35,734,997,84
35,729,999,83
35,728,1000,83
35,726,998,83
35,723,1000,83
35,722,1000,83
35,719,1002,83
35,716,1002,84
35,713,999,84
35,712,997,84
35,709,996,84
35,706,994,84
35,703,994,84
35,698,997,85
35,696,996,85
35,694,995,85
35,693,996,86
35,690,998,86
35,686,1000,87
35,680,1005,87
35,677,1005,88
35,675,1003,88
35,670,1004,89
35,668,1008,89
35,669,1006,89
35,668,1000,89
35,664,1000,89
35,659,1004,88
35,666,1001,89
35,665,996,90
35,665,992,91
35,661,994,91
35,657,996,91
35,660,990,92
35,657,988,92
35,659,989,93
35,655,988,93
35,659,983,92
35,655,985,92
35,653,986,93
35,652,984,93
35,655,985,93
35,653,987,94
35,651,985,94
35,658,986,95
35,662,985,95
35,673,985,93
35,670,986,93
35,666,984,94
35,682,983,95
35,683,985,95
35,685,985,96
35,692,985,96
35,689,984,95
35,687,982,95
35,685,977,96
35,694,976,96
35,694,974,97
35,693,972,97
35,698,970,98
35,696,972,98
35,692,973,98
35,691,971,98
35,688,974,98
35,687,972,98
35,685,970,96
35,686,973,97
35,692,969,97
35,691,967,98
35,687,968,98
35,683,969,98
35,684,970,98
35,684,968,99
35,682,965,98
35,685,966,98
35,685,963,99
35,687,962,100
35,684,961,100
35,682,961,98
35,686,961,98
35,683,961,99
35,682,958,100
35,687,958,99
35,687,959,99
35,685,958,99
35,689,960,99
35,695,961,98
35,695,960,99
35,699,959,100
35,709,959,99
35,709,954,97
35,711,956,98
35,712,955,97
35,709,956,97
35,709,952,97
35,708,951,97
35,709,950,96
35,706,949,97
35,701,950,98
35,710,950,98
35,710,952,97
35,712,949,96
35,709,949,97
35,709,952,98
35,715,951,97
35,720,949,95
35,728,949,95
35,732,949,95
35,732,945,95
36,729,946,95
36,727,945,96
36,735,946,96
36,740,946,96
36,745,942,97
36,750,938,97
36,749,939,97
36,746,942,98
36,750,944,98
36,750,942,99
36,748,937,100
36,748,934,101
36,751,933,102
36,746,935,102
36,745,932,102
36,743,932,102
36,742,932,102
36,739,932,103
36,744,931,104
36,742,929,105
36,744,923,106
36,744,922,106
36,744,921,106
36,747,918,106
36,746,916,108
36,745,915,109
36,744,912,109
36,746,910,110
36,746,910,110
36,743,910,110
36,741,909,110
36,739,909,110
36,736,908,110
36,741,908,111
36,744,909,112
36,740,908,111
36,742,905,111
36,751,901,111
36,750,897,111
36,746,897,111
36,745,895,110
36,743,895,112
36,742,893,112
36,743,889,112
36,742,890,111
36,747,884,112
36,744,885,112
36,740,888,112
36,745,886,113
36,744,884,113
36,743,883,112
36,743,883,114
36,739,885,115
36,743,887,116
36,741,885,116
36,740,884,116
36,746,882,117
36,743,883,118
36,742,880,118
36,738,880,118
36,736,879,117
36,733,880,118
36,728,883,118
36,725,884,117
36,722,885,117
36,717,889,117
36,722,887,117
36,721,883,118
36,723,881,118
36,722,881,117
36,718,882,116
36,717,883,115
36,717,880,115
36,722,881,114
36,719,881,114
36,715,881,113
36,714,880,112
36,711,881,112
36,713,884,111
36,718,885,111
36,722,881,112
36,717,884,113
36,717,879,113
36,714,880,113
36,708,886,112
36,708,886,111
36,703,888,111
36,699,887,111
36,699,882,111
36,698,880,111
36,695,882,111
36,693,882,112
36,692,880,112
36,690,878,112
36,687,875,111
36,685,871,111
36,679,875,111
36,678,870,109
36,675,871,111
36,672,871,111
36,668,873,113
36,666,870,113
36,662,870,115
36,656,876,116
36,655,872,116
36,650,877,116
36,646,876,118
36,644,873,118
36,641,871,117
36,645,868,118
36,643,867,118
36,640,868,118
36,637,861,118
36,636,861,118
36,637,861,119
36,636,854,119
36,636,854,119
36,632,856,121
36,630,856,122
36,625,857,123
36,629,854,123
36,625,853,122
36,622,851,122
36,617,853,122
36,615,851,123
36,611,855,122
36,610,851,123
36,604,853,124
37,601,855,124
37,601,855,123
37,604,855,125
37,603,852,126
38,601,854,126
38,598,855,126
38,600,854,126
38,595,859,125
38,594,857,126
38,594,855,126
38,599,856,126
38,598,856,127
38,595,857,128
39,592,853,128
39,590,854,127
39,589,851,128
39,587,852,129
39,585,850,129
39,585,851,129
39,585,849,129
39,582,849,128
39,581,848,129
39,579,848,129
39,579,846,129
39,580,848,129
39,578,846,129
39,575,847,129
39,574,844,128
39,570,844,128
39,569,843,129
39,567,841,129
39,566,839,129
39,565,838,129
39,564,834,130
39,561,837,129
39,565,839,129
39,565,837,129
39,564,836,130
39,561,834,130
39,560,833,131
39,558,832,132
39,556,830,133
39,553,830,133
39,549,833,133
39,555,833,133
39,554,833,134
39,554,835,134
39,549,835,134
39,548,836,134
39,546,836,134
39,552,837,135
39,550,837,135
39,551,835,135
39,550,835,136
39,548,833,135
39,545,834,135
39,547,833,136
39,549,832,135
39,546,833,135
39,551,833,136
39,551,831,135
39,551,826,135
39,548,827,135
39,547,826,134
39,544,828,132
39,542,827,132
39,540,829,132
39,540,827,132
39,538,827,132
39,536,827,134
39,535,824,134
39,535,819,132
39,542,818,132
39,541,818,132
39,537,818,132
39,541,821,132
39,540,820,132
39,543,819,133
39,543,819,133
39,541,819,135
39,540,819,136
39,555,818,136
39,559,817,136
39,565,817,136
39,571,812,136
39,570,808,136
39,569,808,136
39,572,811,136
39,575,810,136
39,577,811,136
39,580,809,135
39,580,808,136
39,579,808,137
39,578,806,135
39,581,808,135
39,583,803,135
39,582,803,136
39,588,802,136
39,587,798,136
39,589,794,137
39,593,790,138
39,602,790,138
39,600,788,138
39,612,787,138
39,608,789,137
39,606,785,136
39,612,783,136
39,618,780,135
39,614,781,135
39,611,784,135
39,613,784,135
39,612,783,136
39,615,783,137
39,621,781,138
39,622,780,137
39,623,779,136
39,626,775,135
38,621,779,136
38,616,784,135
38,623,779,135
38,620,780,136
38,618,774,136
38,619,772,137
38,623,768,137
38,622,768,138
38,620,768,139
38,618,768,140
38,618,765,139
38,618,762,139
38,622,761,139
38,621,761,139
38,619,761,139
38,626,760,139
38,626,756,140
38,626,755,140
38,631,753,140
38,630,753,139
38,631,750,140
38,630,750,140
38,628,749,140
38,624,751,139
38,623,749,139
38,622,750,141
38,624,748,139
39,624,746,140
38,626,746,139
38,632,744,138
38,629,745,140
38,625,747,140
38,631,747,141
38,630,745,141
38,631,745,140
38,632,743,139
38,635,742,139
38,633,739,139
38,632,737,139
38,632,736,138
38,636,736,138
38,636,736,139
38,649,735,141
38,647,732,141
38,643,733,141
38,648,732,143
38,658,729,143
38,659,731,143
38,655,730,141
38,654,733,142
38,653,731,142
38,652,726,142
38,652,724,142
38,648,727,140
38,642,729,140
38,654,727,139
38,650,729,140
38,654,726,141
38,657,723,142
38,655,721,142
38,659,722,142
38,659,721,142
38,658,721,142
38,657,719,143
38,655,720,143
38,652,722,143
38,660,724,143
38,656,727,143
38,657,725,142
38,651,729,142
38,649,729,143
38,652,728,143
38,650,730,143
38,650,727,144
38,649,725,145
38,647,720,145
38,647,716,146
38,647,713,148
38,643,715,147
38,641,717,147
38,639,716,147
38,637,718,148
38,635,718,149
38,632,719,149
38,632,717,148
37,627,720,148
37,625,716,148
37,624,714,148
37,625,713,148
37,625,708,149
37,620,712,152
37,619,710,153
37,618,706,152
37,617,704,152
37,616,703,152
37,612,705,152
37,620,700,152
37,620,693,152
37,622,693,152
37,621,697,152
37,618,697,152
37,618,695,151
37,616,696,151
37,616,695,151
37,615,696,151
37,615,701,151
37,613,699,151
37,611,701,153
37,611,696,153
37,607,698,153
37,603,699,152
37,601,699,153
37,598,699,154
37,597,699,154
37,596,698,154
37,592,700,157
37,592,697,157
37,589,699,157
37,586,699,157
37,589,698,157
37,585,700,158
37,582,695,158
37,580,695,158
37,577,695,158
37,573,698,158
38,569,701,157
38,567,702,157
38,566,701,155
38,575,702,155
38,573,702,156
38,571,701,156
38,576,699,157
38,575,699,157
38,573,696,157
38,571,696,158
38,569,696,158
38,566,697,158
38,569,696,158
38,571,697,157
38,570,696,156
38,566,695,156
38,565,691,156
38,562,690,156
39,563,692,157
39,560,693,158
39,556,697,158
39,553,699,158
39,551,700,158
39,550,699,158
39,547,701,158
39,551,698,158
39,549,699,158
39,547,699,157
39,545,699,157
39,545,696,157
39,543,697,157
39,541,699,158
39,540,700,158
39,538,702,158
39,536,703,158
39,533,705,159
39,533,708,159
39,528,710,159
39,524,710,160
39,526,713,161
39,524,713,160
39,529,715,159
39,533,712,158
39,533,708,158
39,532,708,159
39,530,707,160
39,529,708,160
39,526,708,162
39,524,707,163
39,524,706,163
39,520,708,164
39,519,705,163
39,519,702,164
39,517,702,165
39,515,699,166
39,515,699,166
39,513,699,164
39,512,697,163
39,510,699,163
39,522,699,164
39,521,697,164
39,520,694,164
40,524,695,165
40,522,697,165
40,523,697,164
40,522,695,166
40,522,693,166
40,522,690,166
40,521,688,166
40,521,684,165
40,518,687,165
40,515,686,163
40,513,687,163
40,512,686,163
40,510,686,163
40,507,688,162
40,507,686,162
40,507,686,162
40,507,685,162
40,504,684,162
40,503,683,163
40,509,681,162
40,506,684,163
40,506,681,163
40,506,678,163
40,505,679,162
40,505,675,162
40,512,674,163
40,517,673,164
40,522,669,165
40,528,669,164
40,526,671,165
40,525,672,164
40,537,670,162
40,537,667,162
40,537,665,162
40,541,667,162
40,538,665,162
40,537,667,161
40,534,666,161
40,532,665,159
40,531,665,159
40,535,667,161
40,534,667,161
40,534,667,163
40,531,669,164
40,531,666,163
40,529,663,162
40,527,662,161
40,532,662,161
40,530,666,161
40,539,664,161
40,539,662,161
40,537,662,161
39,534,664,160
39,539,665,160
39,536,665,160
39,534,665,161
39,534,662,160
39,532,661,160
39,530,661,159
39,529,661,159
39,531,658,161
39,529,658,161
39,530,655,162
39,527,655,163
39,526,656,163
39,526,653,163
39,530,650,164
39,534,647,164
39,533,646,164
39,531,646,165
39,542,642,166
39,554,642,167
39,549,645,167
39,558,639,168
39,558,635,170
39,555,635,170
40,555,634,169
40,556,635,169
40,558,635,170
40,563,635,170
40,572,635,169
40,572,633,170
40,574,631,168
40,572,629,168
40,572,630,169
40,572,627,170
40,576,627,170
40,582,624,170
40,582,621,171
40,582,620,171
40,581,619,171
41,593,617,171
41,591,616,170
41,603,618,168
41,608,615,168
41,612,611,169
41,608,614,168
41,610,616,169
41,609,616,169
41,608,615,170
41,605,618,170
41,602,618,171
41,609,614,168
41,609,613,169
41,608,612,169
41,607,611,170
41,603,613,170
41,605,612,170
41,604,612,170
41,604,609,171
41,603,609,171
41,611,609,173
41,608,612,174
41,607,611,174
41,605,609,174
41,610,606,173
41,610,605,173
41,609,603,173
41,607,605,174
41,609,605,174
41,609,605,174
41,608,603,174
41,607,603,173
41,609,603,174
41,606,603,174
41,617,603,173
41,617,603,174
40,614,604,174
40,617,603,172
40,620,604,173
40,619,603,174
40,617,605,174
40,614,605,174
40,611,605,174
40,613,604,176
40,610,605,176
40,609,603,176
40,608,602,177
40,605,601,177
40,607,602,177
40,607,601,178
40,607,600,178
40,609,600,177
40,609,600,178
40,605,599,177
40,604,597,178
40,603,595,176
40,609,594,177
40,608,591,177
40,605,593,178
40,602,592,178
40,600,595,179
40,598,592,179
40,600,594,180
40,606,592,180
40,605,591,180
40,602,592,181
40,599,594,182
40,596,594,183
40,594,595,183
40,592,596,182
40,590,597,182
40,589,594,180
40,588,594,181
40,588,591,182
40,587,591,184
40,583,594,187
40,582,597,187
40,585,597,188
40,584,597,188
40,589,597,187
40,586,598,188
40,583,600,187
40,582,600,185
40,581,599,185
40,581,596,185
40,580,596,182
40,580,593,182
40,578,594,182
40,575,597,182
40,575,597,182
40,574,597,183
40,572,596,183
40,572,594,183
40,572,593,183
40,571,591,184
40,569,587,183
40,567,589,184
40,569,590,184
40,566,592,184
40,565,592,184
40,562,593,186
40,559,596,187
40,557,598,185
40,555,599,184
40,555,596,184
40,559,598,184
40,557,599,184
40,556,597,183
40,556,594,183
40,559,595,182
39,555,595,183
39,546,601,183
39,545,599,183
39,543,601,182
39,541,602,182
39,550,604,183
39,548,605,183
39,544,606,183
39,550,603,184
39,549,601,186
39,547,602,184
39,546,601,186
39,555,600,185
39,560,599,186
39,558,601,187
39,558,599,186
39,562,600,186
39,559,603,186
39,562,602,186
39,565,602,188
39,566,604,188
39,565,603,190
39,562,604,190
39,562,600,189
39,560,598,189
39,554,603,187
39,553,604,189
38,552,600,191
38,549,599,191
38,549,599,191
38,548,598,192
38,548,597,193
38,546,599,193
38,543,601,193
38,549,601,193
38,546,603,194
38,547,605,194
38,544,604,195
38,540,608,194
38,541,606,195
38,539,606,195
38,543,606,192
39,541,606,190
39,541,606,190
39,541,604,189
39,542,602,189
39,542,598,188
39,539,601,189
39,537,602,190
39,535,600,190
39,534,599,190
39,539,601,190
39,539,601,190
39,539,598,191
39,536,601,191
39,535,600,192
39,534,601,192
39,531,603,192
39,530,601,192
39,528,599,192
39,528,595,192
39,530,594,193
39,530,593,195
39,532,593,197
39,532,591,198
39,532,589,198
39,531,587,199
39,529,585,199
39,530,585,201
39,529,584,202
39,530,584,203
39,526,584,203
39,533,582,203
39,531,584,202
39,530,583,201
39,525,587,201
39,523,586,201
39,522,586,200
39,533,588,202
39,531,586,202
39,531,587,202
39,532,586,202
39,532,591,202
39,530,593,199
39,527,593,199
39,532,593,199
39,529,594,199
39,529,594,199
39,527,595,199
40,528,593,198
40,527,590,199
40,526,590,199
40,525,587,199
40,523,586,199
40,522,586,201
40,526,586,202
40,531,588,203
40,543,587,203
40,548,587,204
40,545,589,204
40,549,585,204
40,548,583,203
40,546,584,203
40,546,581,203
40,544,578,203
40,545,575,203
40,543,574,204
40,547,575,204
40,546,574,205
40,546,572,207
40,543,572,207
40,543,571,209
40,542,571,207
40,547,573,206
40,544,573,206
40,541,576,206
40,539,577,206
41,538,576,204
41,538,575,204
41,536,575,205
41,540,577,205
41,539,575,206
41,545,573,207
41,553,572,207
41,552,569,206
41,551,568,205
41,555,569,206
41,553,569,207
41,557,569,206
41,556,566,207
41,555,566,207
41,553,564,207
41,558,563,207
41,557,563,206
41,562,563,207
41,560,562,204
41,558,561,203
41,557,560,203
41,556,558,203
41,552,561,203
41,551,560,203
41,549,558,203
41,549,556,203
41,549,551,204
41,556,549,205
41,554,550,204
41,553,548,204
41,553,548,204
41,558,545,204
41,555,547,203
41,555,547,202
41,554,545,202
41,555,544,201
41,554,543,201
41,556,544,201
41,554,546,200
41,557,548,200
41,556,546,199
41,552,548,200
41,551,547,200
41,550,546,201
41,551,547,200
41,550,547,201
41,549,545,202
41,546,545,202
41,552,542,202
41,558,541,201
41,559,539,202
41,559,537,201
41,557,536,201
41,556,532,202
41,556,532,202
41,557,531,201
41,561,531,201
41,560,530,202
41,559,529,202
41,557,528,202
41,554,529,202
41,560,529,201
41,558,530,201
41,565,530,201
41,565,529,199
40,563,527,199
40,563,524,200
41,563,528,201
41,562,527,201
41,559,529,202
42,559,528,202
42,558,528,202
42,559,528,202
42,558,529,202
42,564,528,202
42,559,529,203
42,564,530,203
42,562,531,204
42,565,531,205
42,564,529,204
42,562,527,204
42,562,528,205
42,561,528,206
42,558,530,206
42,557,530,206
42,559,529,205
42,557,531,205
42,557,530,205
42,557,529,205
42,556,524,206
42,563,519,206
42,563,518,208
42,565,517,208
42,562,518,207
42,561,516,211
42,560,516,213
42,558,517,213
42,563,515,213
42,569,516,212
42,568,515,212
42,563,518,212
42,562,517,212
42,560,518,213
42,557,521,213
42,556,522,213
42,553,525,212
42,552,527,213
42,551,529,215
42,550,529,216
42,547,532,217
42,547,530,217
42,546,529,218
42,544,532,219
42,542,534,217
42,539,536,216
42,535,536,217
42,533,537,217
42,533,541,216
42,531,543,216
42,533,543,216
42,531,545,216
43,530,545,217
44,530,545,219
44,529,544,219
44,525,545,222
44,525,545,222
44,523,546,222
44,522,544,220
44,522,543,218
44,523,543,216
44,529,541,216
44,527,542,218
44,524,545,219
44,526,545,220
44,525,545,220
44,523,544,221
44,522,545,222
44,521,545,222
44,527,545,222
44,523,547,221
44,523,546,220
44,523,543,220
44,520,546,220
44,520,543,220
44,521,542,220
44,522,544,219
44,521,544,219
45,526,543,220
45,524,544,219
45,522,544,220
45,522,541,220
45,523,545,220
45,520,547,220
45,518,548,221
45,523,546,221
45,522,546,221
45,519,547,221
45,519,544,221
45,518,543,221
45,518,541,222
45,524,539,223
45,528,539,224
45,527,537,224
45,527,535,225
45,536,535,225
45,540,538,226
45,538,539,226
45,538,538,226
45,536,539,225
45,535,539,226
45,532,541,226
45,529,544,226
45,529,545,226
45,525,548,226
45,531,546,226
45,530,546,227
45,527,547,228
45,539,547,229
45,540,546,229
45,547,546,228
45,549,545,228
45,547,545,229
45,550,546,229
45,550,544,228
45,547,542,229
45,547,538,229
45,551,538,230
45,549,539,230
45,550,537,229
45,550,537,228
45,549,538,229
45,548,536,229
45,545,537,229
45,545,536,230
45,543,538,229
45,543,537,228
45,542,539,228
45,541,540,228
45,539,541,227
45,536,544,227
45,541,545,227
45,541,545,228
45,540,544,230
45,543,544,229
45,542,544,230
45,542,544,229
45,541,543,229
45,543,542,230
45,544,542,230
45,549,542,230
45,548,541,230
45,554,541,231
45,553,539,230
45,551,538,230
45,549,539,229
45,547,541,231
45,546,540,230
44,546,540,231
44,545,539,232
44,550,536,234
44,549,536,234
44,552,535,233
44,554,538,234
44,549,541,235
44,548,547,234
44,547,546,234
44,545,546,234
44,556,546,233
44,555,543,233
44,553,545,234
44,551,546,234
44,550,545,232
44,549,544,232
44,547,543,233
44,554,544,234
44,560,543,234
44,563,541,233
44,561,540,234
44,560,539,233
44,561,537,234
44,559,536,234
44,556,537,234
44,560,536,234
44,563,536,234
44,568,533,235
44,567,533,235
44,566,534,234
44,564,534,234
44,568,533,234
44,569,533,234
44,567,530,234
44,565,530,233
44,563,531,233
44,562,531,234
44,568,533,234
44,570,531,233
44,566,530,235
44,565,529,235
44,569,526,236
45,565,528,237
45,570,528,238
45,574,527,239
45,583,524,239
45,582,524,238
45,583,522,238
45,583,522,238
45,582,523,238
45,580,523,239
45,578,524,241
45,575,526,242
45,575,526,241
45,574,524,240
45,574,522,240
45,573,519,240
45,573,515,241
45,573,515,240
45,571,516,239
45,577,515,239
45,576,514,239
45,573,516,238
45,575,514,237
45,572,516,235
45,571,516,235
45,576,515,236
45,574,516,236
45,572,517,235
45,578,516,235
45,576,517,234
45,572,517,235
45,570,518,233
45,570,515,232
45,568,517,234
45,566,514,234
45,564,515,233
45,566,512,232
45,566,510,232
45,571,509,232
45,568,512,233
45,566,510,233
44,564,511,233
44,566,513,234
44,566,515,234
44,564,515,235
44,564,513,235
44,563,514,234
44,560,516,234
44,557,518,235
44,555,518,234
44,554,515,235
44,553,514,236
44,557,514,236
44,557,513,233
44,557,511,234
43,557,509,235
44,557,507,234
44,557,505,234
44,552,509,235
44,550,510,233
44,549,508,235
45,547,510,236
45,545,510,237
45,540,513,236
45,544,514,236
45,545,511,236
45,543,512,237
45,548,510,238
45,545,510,239
45,543,507,239
46,549,505,239
46,556,502,239
46,565,500,239
46,563,499,239
46,569,497,239
46,575,496,241
46,573,495,241
46,573,494,240
46,577,495,239
46,576,495,239
46,573,497,241
46,573,495,241
46,572,494,241
46,568,497,241
45,566,496,241
45,564,495,241
45,562,496,242
45,560,494,241
45,560,492,239
45,559,489,239
45,561,488,239
45,567,489,240
45,566,488,241
46,572,489,242
46,572,489,242
46,571,488,243
46,576,485,244
46,576,488,245
46,573,488,245
46,577,488,245
46,582,486,246
46,581,486,246
46,580,485,245
46,579,486,246
46,577,487,247
46,576,485,249
46,576,483,247
47,572,486,247
46,578,484,246
46,579,485,246
46,577,487,246
46,577,486,247
46,573,490,246
46,575,490,246
46,572,491,246
46,571,490,247
46,571,489,246
46,571,491,246
46,569,491,246
46,573,492,247
46,570,491,245
46,572,492,245
46,568,494,245
46,565,496,246
46,569,495,247
46,566,496,248
46,566,495,248
46,565,495,248
46,564,493,249
46,560,494,249
46,559,492,248
46,557,492,247
46,557,491,247
46,556,488,247
46,554,489,247
46,555,491,247
46,554,492,246
46,552,494,246
46,550,493,246
46,556,493,245
46,560,495,246
46,558,495,247
46,557,496,247
46,556,494,247
46,555,494,249
46,555,494,249
46,553,495,251
46,557,495,251
46,556,494,253
46,553,496,253
46,552,495,251
46,550,494,252
46,550,489,252
46,547,491,252
46,545,492,252
46,543,493,252
46,542,494,253
46,538,496,253
46,535,498,253
46,534,496,253
47,533,496,252
47,530,497,252
47,534,493,251
47,539,491,251
47,538,488,252
47,536,487,252
47,535,487,251
47,532,486,253
47,537,482,253
47,544,481,253
47,548,482,253
47,546,480,253
46,545,481,253
46,542,483,254
46,538,484,255
46,538,485,255
46,539,486,255
45,545,486,255
45,543,482,254
45,547,484,255
45,545,486,255
45,544,487,256
45,543,486,255
45,540,489,257
45,549,492,257
45,551,495,257
45,549,496,256
45,548,495,257
45,549,493,258
45,552,496,258
45,551,495,258
45,550,495,259
45,547,497,258
45,545,498,258
45,548,497,258
45,549,498,258
45,548,498,260
45,546,500,260
45,548,500,260
45,543,505,260
45,540,507,262
45,539,508,260
45,540,505,259
45,539,505,256
45,539,502,256
45,538,500,257
45,537,500,257
45,541,497,256
45,541,497,255
45,541,495,255
45,540,495,256
44,540,495,256
44,538,496,256
44,535,498,256
44,535,498,256
44,533,499,256
44,536,500,257
44,533,503,257
44,538,500,257
44,532,505,258
44,538,504,259
44,535,507,259
45,541,503,259
46,547,501,259
46,544,502,259
46,546,504,260
46,545,503,261
46,543,505,261
46,550,504,261
46,555,505,261
46,552,508,261
46,553,506,259
45,559,508,258
45,558,507,260
45,556,507,261
45,561,505,260
45,560,505,260
45,559,502,262
45,559,498,262
45,559,496,262
45,559,492,263
45,557,491,262
45,568,490,259
45,566,490,261
45,564,493,262
45,561,495,261
45,565,495,260
46,564,495,261
46,569,494,261
46,566,493,261
46,565,492,261
46,564,493,261
46,564,492,261
46,564,491,262
46,561,491,262
46,557,494,263
46,555,496,262
47,552,497,263
47,551,498,263
47,565,495,263
47,568,495,263
47,570,495,264
47,570,493,265
47,568,494,265
47,566,496,266
47,565,498,265
47,575,497,265
47,579,498,265
47,576,501,264
47,575,499,266
47,574,500,266
47,573,497,267
47,570,499,267
47,579,498,268
47,577,497,268
47,577,497,268
47,576,498,268
47,583,497,268
47,583,499,268
47,582,498,268
47,583,500,268
47,580,502,268
47,580,498,267
47,578,500,266
47,574,502,266
47,579,500,266
47,578,501,266
47,578,499,265
47,576,501,264
47,575,500,264
47,574,494,263
47,571,497,260
47,568,499,259
47,570,497,259
47,570,495,260
47,567,494,260
47,566,495,260
47,563,495,260
47,563,493,260
47,561,493,259
47,565,491,259
47,564,490,259
47,562,490,259
47,559,492,259
47,558,491,258
47,563,492,258
47,560,495,260
47,559,496,260
47,553,499,261
47,552,498,261
47,552,498,262
47,550,498,264
47,548,499,264
47,546,499,263
47,548,493,262
47,551,487,262
47,549,488,261
47,549,487,262
47,547,487,262
47,547,485,262
47,546,488,263
47,546,487,263
47,544,488,262
47,546,487,263
47,546,485,263
47,552,483,264
47,551,486,265
47,551,487,264
47,548,488,264
47,546,489,263
47,552,489,263
47,551,488,262
47,549,490,262
47,552,493,260
47,549,494,260
47,545,495,260
47,544,493,260
47,542,492,259
47,541,491,260
47,536,495,260
47,535,492,258
47,533,492,259
47,533,488,258
47,532,489,257
47,529,491,256
47,528,489,255
47,532,489,254
47,532,486,255
47,538,485,254
47,537,483,254
47,537,483,254
47,536,484,253
47,535,483,254
47,536,480,253
47,533,482,253
47,536,483,253
47,546,485,253
47,544,486,252
47,555,483,255
47,555,483,254
47,554,484,253
47,553,485,254
47,552,484,255
47,554,488,256
48,555,488,256
48,554,489,257
48,554,492,257
48,562,493,256
48,561,494,256
48,561,494,256
49,559,497,256
49,557,498,256
49,562,498,255
49,568,494,255
49,567,493,255
49,565,494,255
49,563,495,255
49,561,496,255
49,566,496,256
49,565,495,254
49,564,494,254
49,562,495,254
49,567,494,254
49,567,492,254
49,572,490,255
49,572,489,255
49,571,491,254
49,569,492,255
49,568,491,255
49,573,490,255
49,573,489,255
49,570,490,254
49,570,489,254
49,569,486,254
49,570,485,254
49,569,485,255
49,570,486,255
49,568,487,255
49,565,490,255
49,564,485,256
49,560,489,257
49,559,489,257
49,560,488,257
49,564,488,257
49,566,487,256
49,576,486,256
49,576,485,255
49,575,486,256
49,580,487,257
49,577,489,257
50,576,487,256
50,590,488,257
50,589,489,259
50,587,488,260
50,585,489,259
50,582,491,258
50,579,491,256
50,590,490,257
50,587,492,256
50,587,490,255
50,588,492,255
50,586,493,254
50,585,491,256
50,583,492,256
51,583,491,256
51,583,488,254
51,580,489,255
51,578,490,254
51,577,490,254
51,577,488,253
51,575,490,253
51,578,490,253
51,575,489,254
51,577,489,253
51,575,490,254
51,577,489,254
51,576,487,254
51,575,486,255
51,580,490,254
51,577,493,254
51,577,493,255
51,584,493,256
51,583,491,256
51,580,493,256
51,580,492,257
52,576,495,256
52,572,501,257
52,573,500,259
52,571,498,259
52,571,497,259
52,570,493,258
53,573,493,259
53,580,491,260
53,579,492,260
53,580,490,262
53,582,493,262
53,582,492,264
53,581,492,265
53,579,491,263
53,579,490,263
53,578,490,264
53,576,491,262
53,579,492,262
53,577,492,263
53,581,493,263
53,589,492,263
52,590,490,263
52,589,494,262
52,591,494,262
52,596,493,261
52,599,494,262
52,598,494,264
52,597,493,264
52,594,492,265
52,592,493,265
52,589,495,266
52,588,496,266
52,587,497,265
52,598,498,267
52,596,498,267
52,593,500,267
52,593,503,267
52,595,503,267
52,600,501,266
53,599,501,266
53,598,501,266
53,594,504,267
53,589,506,267
53,591,507,267
54,588,506,267
54,587,505,268
54,592,503,270
54,589,503,271
54,595,501,272
54,593,501,272
54,588,503,274
54,586,500,275
54,584,502,275
54,581,505,276
54,585,506,276
54,590,504,277
54,594,503,277
54,594,502,276
54,590,504,276
54,588,506,276
54,587,507,274
54,587,506,275
54,585,506,274
54,584,504,274
54,584,501,275
54,584,500,275
54,584,497,274
54,581,500,274
54,577,501,274
54,585,499,274
54,587,501,273
54,593,501,273
54,597,502,273
54,597,501,273
54,601,502,273
54,603,505,274
55,603,504,273
55,603,503,271
55,602,501,271
55,600,500,271
55,608,499,272
55,608,497,272
55,611,494,273
55,610,495,274
55,611,494,274
55,617,496,275
55,614,495,275
55,611,495,273
55,605,500,274
56,606,499,274
56,603,501,273
56,603,501,273
56,602,500,273
56,599,501,273
56,601,503,272
56,599,503,274
56,598,503,275
56,601,500,275
56,605,501,275
56,610,498,274
56,608,499,276
56,607,498,276
56,605,497,277
56,603,498,277
56,603,498,277
56,604,498,278
56,603,497,278
56,601,498,276
56,612,498,277
56,618,496,277
56,619,496,277
56,617,496,273
56,616,497,273
56,616,494,273
56,609,500,276
56,607,501,276
56,606,502,274
56,601,506,274
56,598,507,274
56,603,507,274
56,603,505,272
56,600,506,272
55,607,506,272
55,606,506,272
55,604,509,271
55,606,510,269
55,611,510,268
55,609,512,268
55,608,511,268
55,604,513,267
55,601,515,267
55,597,517,267
55,596,516,266
55,603,517,266
55,604,517,266
55,600,522,267
55,598,521,267
55,596,523,267
55,592,526,267
55,590,528,266
55,596,530,265
55,594,531,266
55,596,531,268
55,601,533,268
55,599,534,268
55,600,532,269
54,597,531,269
54,594,533,267
54,591,536,268
54,591,535,268
54,594,535,267
54,595,537,268
54,605,537,268
54,616,534,270
54,617,538,271
54,620,541,270
55,616,543,270
55,618,546,270
55,617,545,269
55,612,549,269
55,612,547,268
55,608,551,268
55,610,549,269
55,615,549,269
55,612,552,269
55,609,553,269
55,608,554,270
55,623,554,269
55,622,552,269
55,618,554,270
55,620,555,270
55,617,557,270
55,620,557,270
55,626,557,271
55,624,556,271
55,622,556,271
55,619,557,271
55,620,559,272
55,617,561,272
55,616,559,272
55,612,561,273
55,615,561,274
55,615,562,274
55,615,561,275
55,611,562,275
55,611,562,275
55,610,562,275
55,606,565,275
55,605,566,273
55,607,568,274
55,603,569,275
55,605,569,274
55,603,568,274
55,604,569,274
55,601,570,275
55,601,574,273
55,600,572,272
55,598,572,271
55,604,570,272
55,602,570,272
55,600,573,272
55,596,577,271
55,594,580,271
55,595,580,271
55,593,581,271
55,591,582,271
55,590,583,271
55,590,581,270
55,590,580,270
55,586,582,269
55,586,578,268
55,583,579,271
55,582,581,271
55,578,583,270
55,576,583,270
55,570,585,272
55,569,586,272
55,574,587,272
56,574,586,274
56,575,584,274
56,579,585,274
58,579,585,274
58,578,586,272
58,576,588,270
58,574,587,271
58,574,586,270
58,575,588,271
58,574,587,271
58,572,587,272
58,572,585,272
58,571,585,272
59,565,587,271
59,562,590,273
59,560,586,272
59,560,583,272
59,559,583,272
59,559,580,274
59,559,576,275
59,556,578,276
59,566,578,276
59,565,576,275
59,569,574,274
59,568,572,275
59,567,573,275
59,566,572,276
59,565,571,276
59,567,571,277
59,563,573,279
59,559,577,281
59,562,578,282
59,557,583,280
59,559,583,280
59,559,581,279
59,555,582,279
59,553,584,279
59,558,584,281
59,560,583,281
59,559,583,281
59,559,582,282
59,558,582,282
59,558,585,283
59,557,586,280
59,558,583,281
59,567,581,281
59,570,583,281
59,575,580,280
59,572,580,280
59,572,579,280
59,577,575,280
59,573,579,280
59,568,581,280
59,566,582,280
59,564,582,282
59,565,581,282
59,564,580,282
59,563,578,282
59,563,575,283
59,560,577,283
59,560,576,284
59,564,576,283
59,563,576,283
59,563,575,283
59,561,574,284
59,556,578,284
59,555,578,285
59,553,578,285
59,550,579,285
59,546,580,284
59,541,581,284
60,539,583,284
60,537,584,285
60,535,583,286
60,539,581,287
60,538,581,287
61,536,583,287
61,534,582,287
61,531,584,287
61,528,587,288
61,524,590,288
61,522,589,289
61,522,590,289
61,521,589,290
61,528,585,290
61,528,584,289
61,531,582,291
61,530,582,291
61,532,583,291
61,535,582,291
61,535,586,291
61,533,588,292
60,531,592,292
60,530,593,294
60,528,593,293
60,525,595,293
60,521,595,293
61,520,599,292
61,517,597,291
61,517,598,291
61,511,601,291
61,509,602,292
61,508,599,293
61,506,599,291
61,505,601,291
61,504,600,291
61,500,601,290
61,499,599,291
61,512,597,291
61,510,597,292
61,509,596,292
61,512,596,295
61,508,594,295
61,508,596,295
61,507,596,297
61,505,595,298
61,511,595,299
61,506,597,299
61,507,596,301
61,520,596,301
61,517,597,302
61,522,598,303
61,520,596,302
61,520,595,304
61,518,595,303
61,518,593,304
61,517,590,303
61,514,592,302
61,510,594,301
62,510,594,302
62,510,596,303
62,510,596,304
62,516,592,303
62,512,595,305
62,509,597,307
62,513,598,307
62,514,600,308
62,511,600,309
62,515,598,308
62,511,601,307
62,509,603,306
62,506,605,306
62,515,604,306
62,514,604,307
62,510,606,307
64,508,607,307
64,509,608,307
64,512,610,307
64,511,607,309
64,508,606,309
64,507,603,308
64,511,604,307
64,510,601,306
64,507,604,307
64,506,607,307
64,504,607,307
64,501,607,308
64,496,609,308
64,496,608,308
64,499,609,308
64,497,609,308
64,493,608,309
64,490,609,309
64,488,609,308
64,487,608,308
64,487,605,308
64,489,606,308
64,491,605,307
64,491,604,307
64,490,604,308
63,489,602,308
63,487,601,308
63,484,604,308
63,481,606,308
63,478,606,309
63,473,611,310
63,472,609,310
63,475,609,310
63,477,607,308
63,476,603,310
63,476,602,310
63,474,600,309
63,471,603,308
63,475,604,308
63,474,604,307
63,472,604,307
63,472,601,307
63,480,600,307
63,483,596,307
62,482,596,307
62,481,595,307
62,481,591,308
62,480,589,307
62,476,588,307
62,474,590,308
62,471,593,309
62,468,593,309
62,467,589,309
62,466,587,310
62,465,584,311
62,461,587,311
62,458,589,311
62,458,587,311
62,456,589,311
62,454,587,311
62,451,590,311
62,450,589,311
62,446,588,313
62,444,589,313
62,442,587,313
62,441,588,312
62,441,588,314
62,438,591,314
62,440,590,315
62,440,587,313
62,439,586,313
62,434,590,313
62,432,589,314
62,431,588,315
62,429,588,317
62,428,588,317
62,426,590,317
62,425,591,317
62,422,592,317
62,421,591,317
62,425,592,318
62,428,588,320
62,427,588,321
62,426,588,322
62,421,591,321
62,423,592,321
62,421,593,323
62,426,593,325
62,426,590,326
62,423,591,326
62,423,588,329
62,422,586,329
62,425,582,330
62,420,586,330
62,422,585,330
62,431,586,331
62,428,589,331
62,433,590,332
62,432,588,333
62,428,587,333
62,426,588,332
62,425,588,332
62,424,588,333
62,422,586,334
62,421,582,334
62,426,581,336
62,425,580,336
62,423,581,336
62,421,581,336
62,421,578,336
62,421,576,335
62,421,572,335
62,421,569,335
62,422,569,335
62,418,572,335
62,418,571,335
62,415,570,336
62,420,569,337
62,419,569,337
62,419,565,337
63,418,564,337
63,418,563,338
63,414,566,339
63,414,569,341
63,414,568,343
63,413,566,345
63,412,562,345
63,409,564,345
63,406,567,344
63,402,568,344
63,399,570,344
63,398,568,344
63,400,565,345
63,398,563,345
63,406,562,344
63,405,559,343
63,406,559,343
63,412,558,343
64,411,557,342
64,408,560,342
65,411,557,343
65,409,559,343
65,406,559,344
65,406,560,343
65,404,561,344
65,401,563,345
65,401,562,345
65,400,562,345
65,399,561,345
65,398,561,346
65,396,561,347
65,396,559,347
65,394,560,346
65,393,559,347
65,391,560,348
65,390,561,350
65,389,557,349
65,386,559,350
66,386,558,351
66,385,556,351
66,392,554,350
66,388,555,351
66,388,554,351
66,385,555,351
66,383,554,351
66,382,553,351
66,382,551,352
66,382,549,354
66,380,549,354
66,379,549,354
66,380,547,355
66,390,547,355
66,388,547,355
67,386,548,355
67,385,549,355
67,384,548,354
67,395,547,354
67,394,545,354
68,390,545,355
68,391,544,357
68,387,546,359
68,391,545,360
68,389,545,359
68,387,545,359
68,387,544,361
68,385,545,361
68,385,544,363
68,384,545,364
68,381,548,365
68,385,547,366
68,385,548,366
68,385,546,366
68,390,544,365
68,389,543,367
68,386,543,368
68,384,544,368
68,383,542,369
68,381,543,369
68,380,542,369
68,380,541,369
68,377,542,368
68,374,544,368
68,372,545,368
68,370,547,368
68,369,547,368
68,365,549,368
68,364,549,370
68,365,547,371
68,362,546,372
68,369,546,373
68,367,548,373
68,365,547,374
69,366,548,375
69,364,551,375
69,363,552,375
69,362,550,376
69,358,552,378
69,356,552,378
69,356,552,378
69,356,547,379
69,352,550,379
69,350,550,381
69,350,552,381
69,350,551,383
69,350,548,385
69,349,547,386
69,347,547,386
69,345,548,388
69,345,547,388
69,343,548,388
70,341,548,388
69,337,551,386
69,337,549,388
69,335,549,389
69,334,549,390
69,336,549,389
69,335,547,389
69,333,547,390
69,332,546,390
69,331,545,390
69,328,545,390
69,328,543,391
69,335,543,391
69,333,540,391
69,333,538,390
69,331,537,390
69,341,537,390
69,341,537,389
69,351,537,389
69,350,536,389
69,347,538,389
69,348,540,388
69,346,542,388
69,342,545,389
69,344,545,389
69,341,547,390
69,340,543,390
69,347,541,390
69,347,539,388
69,347,538,389
69,346,537,389
69,345,534,389
69,346,531,390
69,344,530,391
69,344,528,391
69,341,529,390
69,341,526,390
69,347,527,392
69,344,530,393
69,343,529,393
69,340,529,394
69,339,527,393
69,340,527,394
69,339,527,394
69,336,528,393
69,335,527,393
69,334,525,392
69,332,525,392
68,329,527,392
68,329,527,393
68,335,524,395
68,334,524,397
68,332,521,397
68,330,521,397
68,330,519,396
68,331,516,397
68,329,517,398
68,327,518,398
68,326,517,398
68,326,516,398
68,326,515,399
68,325,514,398
68,325,510,397
68,323,511,397
68,321,512,396
68,326,510,397
68,326,510,397
68,325,508,397
69,324,507,397
69,323,506,397
69,321,506,400
69,320,506,401
69,318,507,403
69,316,505,403
69,315,502,405
69,315,501,407
69,314,501,407
69,312,503,407
69,310,503,407
69,310,501,407
69,308,500,408
69,313,497,407
69,315,494,407
69,313,494,408
69,313,491,409
69,311,491,411
69,310,491,411
69,309,490,412
70,309,489,412
70,307,489,414
70,308,489,414
70,307,488,415
70,307,486,415
70,310,481,417
70,308,483,417
70,307,479,416
70,309,478,415
70,304,481,415
70,304,479,416
70,301,478,417
70,300,475,418
70,300,473,418
70,300,470,418
70,297,470,420
70,297,470,422
70,296,469,422
70,296,467,421
70,294,467,423
70,293,466,423
70,293,465,423
70,291,465,424
70,288,465,427
70,287,465,427
70,286,466,429
71,287,466,430
71,285,467,430
71,292,467,431
71,290,466,431
71,296,466,432
71,296,464,432
71,295,463,433
71,294,464,434
71,294,459,435
71,293,458,435
72,292,457,435
72,292,456,437
72,289,458,436
72,289,455,437
72,288,455,437
72,286,455,437
72,285,455,438
72,287,452,438
72,287,447,440
72,287,445,440
72,285,446,440
72,285,445,441
72,284,445,440
72,283,444,440
72,283,443,440
72,282,444,441
72,279,445,441
72,278,445,441
73,278,442,440
73,276,443,440
73,274,440,441
73,274,440,442
73,273,438,442
73,273,436,443
73,271,438,443
73,268,436,443
73,264,439,444
73,264,437,445
73,263,436,445
73,262,432,443
73,261,429,443
73,261,427,443
73,260,425,443
73,264,422,443
73,264,418,444
73,260,421,444
73,259,419,445
73,258,417,445
73,255,418,446
73,261,418,446
73,262,416,445
73,262,413,445
73,267,407,448
73,266,402,449
73,269,402,450
73,265,405,452
73,263,406,453
73,261,406,456
74,260,406,457
74,259,403,457
74,256,403,456
74,256,400,456
74,255,400,458
74,252,403,458
74,250,404,458
74,248,405,457
74,245,408,458
75,242,410,458
75,241,410,459
75,238,411,459
75,238,410,459
75,237,408,460
75,236,408,460
75,236,406,459
76,234,404,459
77,233,405,459
77,232,403,460
77,231,404,459
77,229,403,458
77,229,401,458
77,229,396,458
77,224,398,460
77,224,398,460
77,221,401,460
77,221,397,459
77,221,395,460
77,221,394,461
77,221,390,460
77,221,388,459
78,221,385,460
78,219,383,460
78,218,383,458
78,216,384,459
78,216,383,459
78,215,382,461
78,215,379,463
78,212,382,464
78,211,383,464
78,209,382,465
78,204,385,465
78,204,384,466
78,202,385,467
78,202,382,468
78,204,382,469
79,203,383,469
79,202,384,468
80,200,385,467
80,199,383,467
80,198,383,466
80,196,383,467
79,196,381,467
79,195,381,467
79,195,380,470
79,195,376,471
79,194,376,472
79,192,375,474
79,191,374,475
79,191,372,477
79,189,373,478
79,187,375,480
79,187,373,481
79,199,373,483
79,199,371,484
79,199,370,484
79,198,371,486
79,197,370,486
79,197,369,488
79,194,370,488
79,194,369,488
79,194,367,489
79,194,366,489
79,193,366,492
78,192,367,492
78,192,367,493
78,192,365,492
78,190,363,492
78,189,363,491
78,189,363,491
78,187,364,491
78,186,365,492
78,186,362,493
78,186,360,494
78,185,359,495
78,184,360,496
78,182,361,497
78,181,361,499
78,187,359,499
78,185,359,500
78,183,360,500
78,183,359,501
78,182,359,500
78,180,360,500
78,184,358,499
78,184,355,499
78,180,358,500
78,180,357,502
78,179,355,504
78,178,354,503
78,177,355,503
78,175,355,505
78,175,354,509
78,174,354,509
78,178,354,507
78,178,352,508
78,178,351,509
78,178,350,512
78,178,348,512
78,177,348,513
78,176,346,513
78,173,349,514
78,173,345,515
78,172,344,516
78,171,345,518
78,171,342,518
78,171,342,521
78,168,344,521
78,166,344,521
78,166,344,522
78,165,344,523
78,163,344,524
78,162,342,525
78,161,342,525
78,162,342,524
78,161,340,526
79,161,339,525
79,161,339,527
79,160,338,527
79,158,340,528
79,157,339,530
79,157,339,531
79,157,339,531
79,157,337,533
78,157,337,533
78,156,333,533
78,155,333,533
78,153,335,534
78,152,335,536
78,150,337,537
78,152,334,540
78,158,331,540
78,157,330,541
78,156,329,542
78,156,323,544
78,155,322,544
78,154,322,546
78,154,321,547
78,153,321,549
78,153,319,550
78,153,315,550
78,153,313,553
78,153,310,553
78,151,312,553
78,151,311,553
79,151,310,557
79,151,309,557
79,149,311,560
79,149,310,560
79,152,311,560
79,149,314,562
79,148,314,564
79,148,312,564
79,150,310,564
79,149,310,564
79,148,310,564
79,148,310,564
79,148,309,565
79,148,310,565
80,148,308,565
80,148,308,564
80,148,307,565
80,148,304,566
80,154,303,567
80,153,301,567
80,153,299,568
80,152,297,568
80,152,297,569
80,152,296,571
80,150,297,571
81,148,298,572
81,148,297,575
81,147,297,575
80,147,295,577
80,146,295,577
81,144,293,580
82,143,294,580
82,142,291,580
82,142,290,581
82,141,290,582
82,141,290,582
82,141,289,582
82,139,287,583
82,137,288,583
82,137,288,586
82,135,289,586
82,135,289,587
82,135,287,589
82,134,286,589
82,133,285,591
82,140,285,591
82,140,283,591
82,139,283,592
82,138,283,593
82,137,282,595
82,135,282,596
82,135,281,597
82,135,279,596
82,135,279,599
82,132,281,599
82,132,281,602
82,131,282,605
82,131,279,606
82,131,279,605
83,131,279,605
83,131,278,607
83,128,275,607
83,130,274,608
83,135,274,609
83,139,273,611
84,137,274,614
84,137,272,616
84,137,270,618
84,137,268,619
84,136,268,620
84,135,268,621
84,135,267,621
84,134,267,622
84,134,265,622
84,133,266,624
84,133,266,625
84,132,267,625
84,131,266,627
84,131,264,627
84,131,263,627
84,130,260,628
84,129,260,629
84,128,261,629
84,128,259,629
84,128,257,629
84,127,258,631
84,127,258,631
84,127,255,631
84,127,253,633
84,124,255,633
84,124,255,633
84,124,251,634
84,124,249,636
84,124,248,638
84,124,245,640
84,124,245,643
84,124,241,643
84,124,239,643
84,124,239,644
84,124,239,644
84,124,236,645
84,127,236,647
84,127,235,647
84,126,235,647
84,125,235,648
84,125,234,648
84,124,234,648
84,124,233,648
84,123,233,648
84,123,229,650
84,123,229,650
84,123,228,652
84,123,225,652
84,125,226,652
84,124,227,653
83,123,227,653
83,123,227,654
83,123,226,656
83,122,225,658
83,121,224,659
83,119,224,661
83,118,225,662
83,118,225,662
83,118,225,664
83,118,223,664
83,117,221,665
83,115,220,665
83,114,220,666
83,113,221,668
84,114,222,669
84,114,219,671
84,113,220,671
85,113,219,672
85,111,220,673
85,111,220,673
85,110,221,674
85,108,221,674
85,108,220,676
85,108,219,676
85,108,218,677
85,108,218,677
85,107,216,679
85,106,216,681
85,106,214,682
85,106,212,685
85,106,211,686
86,106,211,686
86,106,209,686
86,105,207,686
86,105,207,690
86,103,207,691
86,103,204,691
86,103,204,693
86,103,203,696
86,103,201,698
86,102,198,699
86,102,198,701
86,100,198,703
86,100,197,705
86,99,196,705
86,99,192,708
87,99,191,710
87,98,192,713
87,98,192,714
87,98,191,716
87,98,190,717
87,101,188,718
87,104,186,719
87,104,186,719
87,103,186,720
88,103,184,721
88,105,184,722
88,105,182,721
88,104,183,722
88,104,183,723
88,104,182,724
88,104,182,724
88,104,182,727
88,104,182,729
88,103,182,731
88,102,182,733
89,101,183,735
89,99,185,736
89,98,184,737
89,98,183,737
89,98,183,741
89,98,183,741
89,98,183,744
89,98,181,745
89,98,180,745
89,98,179,747
89,97,178,747
90,97,177,754
90,96,177,756
90,95,176,756
90,95,176,757
90,95,174,759
91,95,171,759
91,93,171,762
91,93,171,766
91,93,171,767
91,92,172,768
91,91,172,768
91,91,171,770
91,91,171,774
91,94,172,776
91,93,172,776
91,90,173,779
91,90,172,781
91,89,173,784
91,89,173,786
91,89,173,787
91,88,173,786
91,88,173,784
91,88,171,785
91,88,168,786
91,88,168,787
91,87,166,790
91,87,163,791
91,87,163,793
91,87,163,794
91,87,163,795
91,87,163,795
91,87,162,795
91,87,162,794
91,87,162,794
91,87,160,796
91,87,159,796
91,86,160,798
91,85,160,800
91,85,157,801
91,85,156,804
91,85,156,804
91,84,155,806
91,84,155,808
91,84,155,810
91,84,152,810
91,84,152,811
91,88,151,812
91,88,151,813
91,88,151,813
91,91,151,814
92,91,151,814
92,91,151,815
92,91,150,816
92,91,148,817
92,91,146,818
92,90,147,818
92,90,146,823
92,90,146,824
92,90,146,825
92,90,146,826
92,89,147,827
92,89,147,828
92,89,145,829
92,88,145,831
93,88,144,832
93,88,142,834
93,87,141,834
93,87,141,835
93,87,139,838
93,87,139,840
93,85,141,842
93,85,141,843
93,85,140,845
92,85,140,845
92,84,141,847
92,84,141,850
92,84,140,848
92,84,138,849
92,84,137,849
93,84,136,849
93,83,136,852
93,83,135,856
93,83,135,856
93,83,135,859
93,83,133,863
93,83,133,863
93,82,129,865
93,80,129,867
93,80,129,868
93,80,129,867
93,79,128,868
93,79,128,869
93,79,128,872
93,79,126,875
93,79,126,878
93,79,124,878
93,79,123,881
93,79,123,881
93,85,124,881
93,85,124,881
93,83,126,881
93,83,126,883
93,83,124,884
93,82,125,885
93,82,123,888
93,81,124,889
93,81,124,892
93,80,125,895
93,80,125,895
94,80,124,898
95,87,124,899
95,87,122,900
95,86,121,902
95,86,121,902
95,85,121,904
95,85,120,906
95,85,120,907
95,85,119,911
95,85,117,912
96,87,118,913
96,87,117,913
96,87,116,913
97,87,116,917
97,86,115,918
97,86,115,919
97,86,115,920
97,86,115,921
97,86,114,922
98,86,114,921
99,86,114,924
99,85,114,925
99,84,115,925
99,84,114,925
99,83,115,927
99,83,115,930
99,83,115,930
99,82,114,930
99,82,113,931
99,81,114,931
99,81,114,933
99,81,114,934
99,81,114,936
99,80,114,937
99,79,112,936
98,79,111,937
98,78,111,937
98,78,111,938
98,78,111,941
98,77,112,942
98,76,112,944
98,76,112,944
98,76,111,945
98,76,110,948
98,76,110,950
99,76,110,954
99,76,109,955
99,76,108,957
99,76,108,958
100,76,108,958
100,76,107,958
100,76,106,959
100,76,105,961
100,76,105,962
100,75,106,963
100,75,106,964
100,75,104,963
100,75,103,964
100,75,103,967
100,75,103,969
100,74,103,971
100,74,103,976
100,74,101,978
101,74,101,980
101,74,99,981
101,73,100,983
101,73,100,983
101,73,99,985
101,73,99,991
101,73,99,993
101,72,100,996
101,71,100,997
101,70,99,998
101,70,99,999
101,70,99,1000
102,70,99,1003
102,70,99,1005
102,70,99,1005
102,70,98,1007
102,70,98,1008
102,69,99,1009
102,69,99,1009
102,69,98,1011
102,69,97,1012
102,69,96,1013
102,69,95,1016
102,69,95,1019
102,69,94,1021
102,68,94,1026
102,68,93,1026
102,66,94,1026
102,66,94,1028
102,66,94,1031
103,66,94,1033
103,64,95,1034
104,64,95,1035
104,64,95,1039
103,64,95,1039
103,64,95,1043
103,64,95,1043
104,64,94,1044
104,64,94,1048
104,64,94,1050
104,63,95,1052
104,63,95,1054
103,63,95,1054
103,62,94,1055
103,62,93,1057
103,62,92,1061
103,62,91,1062
104,62,91,1065
104,62,90,1066
104,62,90,1067
104,62,89,1068
104,61,89,1070
104,61,88,1070
104,61,88,1072
104,60,89,1073
104,59,90,1075
104,59,90,1076
104,59,90,1077
104,58,90,1078
104,58,90,1082
105,58,89,1083
105,58,89,1084
105,64,89,1084
105,63,90,1088
105,63,90,1091
105,63,90,1094
105,63,89,1097
105,63,87,1097
105,63,87,1098
105,63,86,1099
105,63,86,1103
105,63,85,1109
105,63,83,1110
105,63,82,1112
105,63,81,1113
106,63,80,1115
106,63,80,1120
106,63,80,1121
107,63,80,1126
107,63,77,1129
107,63,77,1131
107,62,77,1135
107,62,77,1136
107,62,76,1139
107,62,76,1140
107,62,76,1141
107,62,75,1141
107,62,75,1143
107,61,76,1145
107,61,75,1145
107,61,75,1149
106,61,74,1152
106,61,74,1154
106,61,74,1158
106,61,74,1158
107,60,75,1160
107,60,74,1161
107,60,73,1162
107,60,73,1164
107,60,73,1167
107,58,75,1167
107,58,74,1167
107,58,73,1169
107,58,73,1170
107,58,73,1171
107,57,74,1171
107,57,74,1171
107,57,74,1171
107,57,74,1175
107,57,73,1176
107,57,72,1177
106,57,71,1177
106,57,71,1178
106,57,70,1181
106,57,68,1183
106,57,68,1187
106,57,66,1187
106,57,66,1188
106,57,66,1189
106,57,66,1189
106,57,66,1191
106,57,65,1193
106,56,66,1196
106,56,66,1200
106,56,66,1201
106,56,65,1202
106,56,65,1205
106,56,65,1207
106,56,65,1206
106,56,65,1206
106,55,66,1206
106,55,66,1207
106,55,66,1209
106,55,66,1213
106,55,66,1213
106,55,65,1215
106,55,65,1215
106,55,65,1215
106,55,64,1217
107,57,63,1216
107,56,64,1218
107,56,63,1220
107,56,62,1222
107,56,62,1221
107,56,62,1223
107,56,59,1226
107,56,59,1229
107,56,58,1233
107,56,58,1235
108,56,58,1236
108,56,58,1238
109,56,57,1240
109,56,57,1243
109,56,57,1244
109,56,57,1244
109,56,57,1248
109,56,57,1249
109,56,57,1252
109,56,57,1254
109,56,57,1255
109,55,58,1256
109,55,58,1261
109,55,57,1260
109,55,57,1260
109,55,57,1263
109,54,57,1264
109,54,57,1266
109,54,54,1267
109,54,54,1268
109,54,54,1272
109,54,54,1275
109,54,52,1276
109,54,51,1278
109,54,50,1282
109,54,50,1284
109,53,51,1288
109,53,51,1295
109,52,52,1299
109,52,52,1299
109,52,52,1300
109,52,52,1302
109,52,52,1304
109,52,51,1306
109,52,50,1308
109,52,50,1310
109,52,50,1312
109,52,49,1315
109,52,49,1316
109,51,50,1316
109,51,49,1319
109,51,49,1321
109,51,49,1324
109,50,48,1324
109,49,48,1325
109,49,48,1326
109,49,48,1328
109,48,49,1331
109,53,49,1331
109,53,49,1334
109,53,49,1334
109,52,50,1334
109,51,51,1337
109,51,51,1339
109,51,50,1339
109,51,50,1340
109,51,49,1340
109,51,49,1344
109,51,48,1346
109,50,49,1346
109,50,49,1346
109,50,49,1350
109,50,49,1358
109,50,49,1357
108,50,49,1358
107,49,50,1360
107,48,51,1362
107,48,51,1364
108,48,51,1364
108,48,51,1365
108,48,50,1366
107,47,51,1366
107,47,50,1368
107,47,50,1373
107,47,50,1375
107,47,50,1378
108,47,50,1380
108,47,50,1382
108,47,50,1384
108,47,50,1389
108,47,49,1390
109,47,49,1392
110,47,48,1393
110,50,47,1395
111,50,46,1396
111,50,46,1400
111,50,46,1400
111,50,46,1402
111,50,46,1405
111,48,48,1408
112,47,49,1411
113,47,49,1413
113,53,49,1415
113,53,49,1416
113,53,49,1418
113,53,48,1421
113,53,48,1423
113,53,48,1426
113,53,48,1426
114,53,47,1428
114,53,47,1430
114,53,46,1431
115,53,46,1433
115,53,46,1434
115,53,46,1434
115,53,46,1437
115,53,45,1437
115,53,45,1442
115,53,44,1444
114,53,44,1446
113,53,44,1447
114,53,44,1448
114,53,44,1452
114,53,44,1453
114,53,44,1456
114,53,41,1462
114,53,41,1465
113,53,41,1468
113,53,41,1472
113,53,40,1473
114,53,40,1476
114,53,40,1478
114,52,41,1479
114,52,40,1483
114,52,40,1486
114,51,41,1488
114,51,41,1493
114,51,41,1497
114,51,41,1499
114,51,41,1500
114,51,41,1503
114,51,41,1502
114,51,41,1502
114,51,39,1505
115,51,39,1507
115,51,39,1513
115,51,39,1516
115,51,39,1516
115,50,40,1517
115,50,38,1518
115,50,38,1518
115,50,38,1518
116,50,37,1520
116,49,38,1525
116,49,37,1526
116,49,37,1527
116,49,36,1529
116,49,36,1529
115,48,37,1531
115,48,37,1534
115,47,38,1536
115,47,38,1539
115,47,38,1542
115,47,38,1543
115,47,38,1543
115,47,38,1546
115,47,38,1547
115,47,38,1549
115,47,38,1553
115,47,38,1559
114,47,38,1560
114,46,39,1561
114,46,39,1566
114,46,39,1567
113,46,39,1569
114,46,39,1570
114,46,39,1572
114,46,39,1572
114,46,39,1574
115,46,39,1579
115,46,39,1582
115,46,39,1585
115,46,39,1589
115,46,39,1592
115,46,39,1598
115,46,39,1598
115,46,38,1600
115,46,36,1601
115,46,35,1603
116,46,35,1603
116,45,36,1605
116,44,37,1605
116,44,37,1607
116,44,37,1607
116,44,37,1610
116,44,37,1611
116,43,37,1611
116,43,37,1617
116,43,37,1620
116,43,37,1622
116,43,37,1624
118,42,38,1626
118,42,38,1626
118,42,38,1629
118,42,38,1634
118,42,38,1635
118,42,38,1637
118,42,38,1638
118,42,38,1641
119,42,38,1645
119,42,37,1650
119,41,38,1651
118,41,37,1652
118,40,38,1658
118,40,38,1660
118,39,39,1662
118,39,38,1665
118,39,38,1667
118,39,38,1666
118,39,38,1666
118,38,39,1669
118,38,39,1670
118,38,39,1672
118,38,39,1676
118,38,39,1679
118,38,39,1684
118,38,38,1685
118,37,39,1685
119,39,39,1686
119,39,39,1689
119,39,39,1690
119,39,38,1694
119,38,39,1695
119,38,39,1697
118,38,39,1698
118,38,39,1702
118,38,39,1702
118,38,39,1703
118,38,39,1705
118,38,39,1706
118,38,39,1708
118,38,39,1707
118,38,39,1709
118,38,39,1711
118,37,40,1712
119,37,40,1713
119,37,40,1715
119,37,40,1716
119,37,40,1716
119,37,38,1718
119,37,38,1719
119,36,39,1719
119,36,39,1720
119,36,39,1723
119,36,39,1724
119,36,39,1728
119,36,39,1728
119,36,39,1729
119,36,39,1730
120,36,39,1732
120,36,39,1735
121,36,39,1738
121,36,38,1741
121,36,38,1745
121,36,38,1745
121,36,38,1747
121,36,38,1750
121,36,38,1750
121,36,38,1750
121,36,38,1754
121,36,38,1757
121,36,38,1759
121,36,38,1762
121,36,37,1765
121,36,37,1766
121,36,36,1770
121,39,37,1776
121,39,37,1777
121,39,37,1778
121,39,37,1780
120,38,38,1782
121,38,38,1787
121,43,38,1788
121,43,38,1791
121,43,38,1794
121,43,38,1795
121,43,38,1799
121,43,38,1800
121,43,38,1803
121,42,39,1803
121,42,39,1807
121,42,39,1813
121,42,39,1814
121,42,39,1816
121,42,39,1819
122,42,38,1820
122,42,38,1821
122,42,38,1825
122,42,38,1829
122,47,38,1829
122,47,38,1831
122,47,38,1832
122,47,38,1835
122,47,38,1836
122,47,38,1839
122,47,38,1840
122,47,37,1842
122,47,37,1841
122,47,37,1843
123,47,37,1846
123,47,36,1849
123,47,36,1851
123,47,35,1852
122,47,35,1852
122,47,35,1859
122,47,35,1864
122,47,35,1864
122,47,35,1867
122,47,34,1870
122,47,34,1871
122,47,34,1876
122,47,34,1878
122,46,34,1878
122,46,34,1882
122,46,34,1883
122,46,33,1884
122,46,33,1885
122,46,33,1887
122,46,33,1888
122,46,33,1888
122,45,34,1891
122,45,34,1896
122,45,34,1898
122,45,34,1902
122,45,34,1908
122,45,33,1911
122,45,33,1912
122,45,33,1916
122,45,33,1917
122,45,33,1917
122,45,31,1922
122,45,31,1923
122,45,31,1925
122,45,30,1927
122,45,30,1927
122,45,30,1928
122,45,30,1931
122,45,30,1932
122,45,30,1933
122,45,30,1938
122,45,29,1939
122,45,29,1941
122,45,29,1944
122,45,29,1946
122,45,29,1949
122,44,30,1952
122,44,30,1955
122,44,30,1959
122,44,30,1965
122,44,29,1968
122,44,29,1971
123,44,29,1972
124,44,29,1976
124,44,29,1979
124,44,29,1981
124,44,29,1982
124,44,29,1984
124,44,29,1985
124,44,29,1987
124,44,29,1989
124,44,29,1991
124,44,29,1991
124,44,29,1992
124,44,29,1995
124,44,28,2002
124,44,28,2006
124,44,28,2008
124,44,28,2013
124,43,29,2017
124,43,29,2020
124,43,29,2026
124,43,29,2027
124,43,29,2029
124,43,29,2029
124,43,29,2029
124,43,28,2033
125,43,28,2034
125,43,28,2034
125,43,28,2038
125,43,28,2039
125,43,28,2040
124,43,28,2045
124,43,28,2050
124,43,28,2054
124,43,28,2056
124,43,27,2058
124,43,27,2060
125,43,27,2063
125,43,27,2064
125,43,27,2067
125,43,27,2070
125,43,27,2073
125,43,26,2074
125,43,26,2078
125,43,26,2080
125,43,25,2084
125,43,25,2089
125,43,24,2092
125,43,24,2095
125,43,24,2097
125,43,24,2098
125,43,24,2098
125,43,24,2099
125,43,24,2101
125,43,24,2106
125,43,24,2108
125,43,24,2108
125,43,24,2110
125,43,24,2113
125,43,24,2116
125,43,24,2121
125,43,24,2126
125,43,24,2129
125,43,24,2132
125,43,24,2133
125,50,24,2135
125,50,24,2138
125,50,24,2142
125,50,24,2146
126,50,24,2148
126,50,24,2150
126,50,24,2151
126,50,24,2153
126,50,23,2156
126,50,23,2159
126,50,23,2161
126,50,22,2164
126,50,22,2165
126,50,22,2169
126,50,22,2171
126,50,22,2175
127,50,22,2177
126,50,22,2178
125,50,21,2180
125,50,21,2180
125,50,21,2181
125,50,21,2184
125,50,21,2189
125,50,21,2195
126,50,20,2197
126,50,20,2198
126,50,20,2199
126,50,20,2201
126,50,20,2201
126,50,20,2203
126,50,20,2203
126,50,20,2206
127,50,20,2208
127,50,20,2212
127,50,20,2216
127,50,20,2218
127,50,19,2218
128,50,18,2221
128,50,17,2225
128,50,17,2225
128,50,16,2230
128,50,16,2234
128,50,16,2239
128,49,17,2243
128,48,18,2244
128,48,18,2245
128,48,18,2246
128,48,18,2249
128,48,17,2253
128,48,17,2257
128,48,16,2259
128,48,16,2262
128,48,16,2264
128,48,15,2267
128,48,15,2267
128,48,15,2270
127,48,15,2271
127,48,15,2273
127,48,15,2275
127,48,15,2276
127,48,15,2283
127,48,15,2289
127,48,15,2290
127,48,15,2292
127,48,15,2294
127,48,15,2295
127,48,15,2296
127,48,15,2298
127,48,15,2297
127,48,14,2300
127,48,14,2304
127,48,14,2310
128,48,14,2313
128,48,14,2314
128,48,14,2318
128,48,14,2321
128,48,14,2323
128,48,14,2327
128,48,14,2330
128,48,14,2333
128,48,14,2335
129,48,14,2339
129,48,14,2344
129,48,14,2344
129,48,14,2347
129,48,14,2351
129,48,14,2356
129,48,14,2358
129,48,14,2359
129,48,14,2363
129,48,14,2361
129,48,14,2362
129,48,14,2367
129,48,14,2369
129,48,14,2370
129,48,14,2376
130,48,14,2378
130,48,13,2381
130,48,12,2383
130,47,13,2384
130,47,12,2384
130,47,12,2385
130,47,12,2388
130,53,12,2389
130,53,12,2392
130,53,12,2394
130,53,12,2394
131,53,11,2395
132,53,11,2396
132,53,11,2397
132,53,11,2399
132,53,11,2402
132,53,11,2409
132,53,11,2410
132,53,11,2412
132,53,11,2414
132,53,10,2416
133,53,10,2418
133,57,10,2422
133,57,10,2422
134,57,10,2425
134,57,10,2430
134,57,10,2431
134,60,10,2436
134,60,10,2438
134,60,9,2441
136,60,9,2445
136,60,9,2446
136,60,9,2446
136,60,9,2448
136,60,9,2450
136,60,8,2453
136,60,8,2456
136,60,8,2460
136,60,8,2463
136,60,8,2465
136,60,8,2468
137,60,8,2470
137,60,8,2474
137,60,8,2476
137,60,8,2478
137,60,8,2480
137,60,8,2484
137,60,8,2487
137,60,8,2488
137,60,8,2492
137,60,8,2496
137,60,8,2498
137,60,8,2498
137,60,8,2497
137,66,8,2499
137,66,8,2501
137,66,8,2501
137,66,8,2501
137,66,8,2501
137,66,8,2500
137,65,7,2500
137,65,7,2500
137,65,7,2500
137,65,7,2500
137,65,7,2499
137,65,7,2504
137,65,7,2504
137,65,7,2504
137,65,7,2504
137,65,7,2503
137,65,7,2503
137,65,7,2502
137,65,7,2502
137,65,7,2501
136,65,7,2500
136,65,6,2499
136,65,6,2500
136,65,6,2499
137,65,6,2503
137,65,6,2503
137,65,6,2503
137,65,6,2503
137,65,6,2503
137,65,5,2502
137,65,5,2501
137,65,5,2501
137,65,5,2500
137,65,5,2500
136,65,5,2499
136,65,5,2504
137,65,5,2503
137,65,5,2503
137,65,5,2503
137,65,5,2503
137,65,5,2502
137,65,5,2502
137,65,5,2501
137,65,5,2501
137,65,5,2501
137,65,5,2501
137,65,5,2501
137,65,5,2501
138,64,6,2501
138,64,6,2501
138,64,6,2501
138,64,6,2499
138,64,6,2501
138,64,6,2501
138,64,5,2501
138,64,5,2501
139,64,5,2501
139,64,5,2501
140,64,5,2501
140,68,5,2501
140,68,5,2501
140,75,5,2500
140,79,5,2500
140,78,6,2500
140,78,6,2499
140,78,6,2502
140,78,6,2501
140,78,6,2500
140,78,6,2500
140,78,6,2500
140,77,7,2500
140,77,7,2499
140,77,7,2501
140,77,7,2501
140,77,7,2501
140,77,7,2501
140,77,7,2501
140,76,8,2501
140,76,8,2500
141,76,8,2500
141,76,8,2500
141,76,8,2500
141,76,8,2499
141,76,8,2504
141,76,8,2504
140,76,8,2504
140,76,8,2504
140,76,8,2502
140,76,8,2501
140,76,8,2501
140,76,8,2500
140,76,7,2500
138,76,7,2500
138,76,7,2500
138,76,7,2499
138,76,7,2502
139,76,7,2501
140,76,7,2501
140,76,7,2501
140,76,7,2501
140,81,7,2500
140,80,8,2499
141,80,8,2500
141,80,8,2499
141,78,10,2498
141,78,10,2499
141,78,10,2501
141,78,10,2501
141,78,10,2501
141,78,10,2501
140,78,10,2500
140,78,10,2500
140,78,10,2500
140,78,10,2498
140,77,11,2500
141,77,11,2500
141,77,11,2499
141,77,11,2499
141,77,11,2500
141,77,11,2498
141,77,11,2499
141,84,11,2499
141,84,11,2501
141,84,11,2500
141,84,11,2498
142,84,11,2498
142,83,12,2497
142,83,12,2498
141,83,12,2503
141,83,12,2501
141,83,12,2501
141,83,12,2500
141,83,12,2500
141,82,13,2500
141,82,13,2499
141,82,13,2502
141,82,13,2502
141,82,13,2502
141,82,13,2502
141,81,14,2501
141,81,14,2500
141,81,14,2500
141,81,14,2500
141,81,14,2499
141,81,14,2501
142,81,14,2501
142,81,14,2500
142,81,14,2500
142,81,14,2499
142,81,14,2499
142,81,14,2499
142,81,14,2501
142,81,14,2499
142,85,14,2500
142,85,14,2499
142,85,14,2499
142,85,14,2499
142,85,14,2501
142,85,14,2501
142,85,14,2501
142,85,14,2501
142,85,14,2501
142,88,13,2500
142,88,13,2498
142,88,13,2499
142,88,13,2503
141,88,13,2503
141,88,13,2503
141,88,13,2501
141,88,13,2501
141,86,15,2499
141,86,15,2501
141,86,15,2501
141,86,15,2501
141,86,15,2501
141,86,15,2501
141,86,15,2501
142,86,15,2501
142,86,15,2501
142,86,15,2500
142,86,15,2500
142,86,15,2500
142,86,15,2499
142,86,15,2501
142,86,15,2501
142,86,15,2501
142,86,15,2501
142,86,15,2501
143,86,15,2500
143,86,15,2500
143,85,16,2499
143,85,16,2499
143,85,16,2500
143,85,16,2500
143,85,15,2499
143,85,15,2499
143,85,15,2500
143,85,15,2500
143,85,15,2500
143,84,16,2500
143,84,16,2500
143,84,16,2500
143,84,16,2500
143,84,16,2500
143,84,16,2499
143,84,16,2499
143,84,16,2498
143,84,16,2498
143,84,16,2500
143,84,16,2500
143,84,16,2499
143,84,16,2498
143,84,16,2498
144,84,16,2498
144,84,16,2498
144,84,16,2499
144,84,16,2499
144,84,15,2500
144,84,15,2500
144,83,16,2499
144,89,16,2501
144,89,16,2501
145,89,16,2501
145,89,15,2499
145,89,15,2502
145,89,15,2502
145,88,16,2501
145,88,16,2501
145,88,16,2501
145,88,16,2500
145,88,16,2500
145,88,16,2500
145,90,16,2500
145,90,16,2499
145,90,16,2500
145,90,16,2500
145,90,16,2500
146,90,16,2500
146,90,16,2500
146,90,16,2499
146,90,16,2499
146,90,16,2500
146,90,16,2500
146,90,16,2499
146,90,16,2500
146,90,16,2500
146,90,16,2500
146,90,16,2499
146,90,16,2500
146,90,16,2499
146,89,17,2501
146,89,17,2500
146,95,17,2500
146,95,17,2500
146,95,17,2500
146,95,17,2500
146,95,17,2499
146,95,17,2499
146,94,18,2499
146,94,18,2500
145,94,18,2498
145,94,18,2498
145,94,18,2498
145,94,18,2498
145,94,18,2497
145,94,18,2497
145,93,19,2499
145,93,19,2500
145,93,19,2499
144,93,19,2499
144,93,19,2498
144,93,19,2499
144,93,19,2500
144,93,19,2500
144,93,19,2499
144,93,19,2499
144,93,19,2497
143,93,19,2495
143,93,19,2496
143,93,19,2497
143,93,19,2497
143,93,19,2496
143,93,19,2496
143,93,19,2496
143,93,19,2495
143,93,19,2495
143,93,19,2495
143,93,18,2495
143,93,18,2495
143,93,18,2495
143,93,18,2495
143,93,17,2496
143,92,18,2497
143,92,18,2497
143,92,18,2499
143,91,19,2500
143,90,20,2499
143,95,20,2501
143,95,20,2500
143,95,20,2500
143,95,20,2500
142,95,20,2500
142,95,20,2499
142,95,20,2498
142,95,20,2498
142,95,20,2499
142,95,20,2499
142,95,19,2500
142,96,19,2500
142,96,18,2500
142,96,18,2500
142,96,18,2500
142,95,19,2500
142,95,19,2500
142,95,19,2500
142,95,19,2500
142,95,19,2500
142,97,19,2498
143,96,20,2499
143,96,20,2499
143,96,20,2500
143,96,20,2500
143,95,21,2500
143,95,21,2500
143,95,21,2500
143,95,20,2499
143,95,20,2497
143,95,20,2497
143,95,20,2497
143,97,20,2496
143,97,20,2495
143,97,20,2493
143,97,20,2494
143,97,20,2495
142,97,20,2495
142,97,20,2495
142,98,20,2496
143,98,20,2499
143,103,19,2500
142,103,19,2500
142,103,19,2500
142,103,19,2499
140,103,18,2501
140,103,18,2501
140,103,18,2499
139,103,18,2499
140,103,18,2499
140,103,17,2498
140,103,17,2499
140,108,17,2498
140,108,17,2499
140,111,17,2498
140,111,17,2498
140,111,17,2498
140,111,17,2499
140,111,17,2499
140,111,17,2500
140,112,17,2500
140,112,17,2500
140,112,17,2500
140,112,17,2500
140,112,17,2500
140,112,17,2498
140,112,17,2500
140,112,17,2500
140,112,17,2499
140,112,17,2499
141,112,17,2500
141,112,17,2500
141,112,17,2500
142,112,17,2500
142,112,17,2499
142,117,17,2497
142,117,17,2497
142,117,17,2497
142,117,17,2498
142,117,17,2499
142,117,17,2499
142,117,16,2500
142,117,16,2500
142,117,16,2500
142,117,16,2499
142,117,16,2500
142,117,16,2500
142,117,16,2500
142,117,16,2500
142,117,16,2499
142,117,16,2499
142,117,16,2499
141,117,16,2497
142,117,16,2495
142,117,16,2497
142,117,16,2497
142,117,16,2497
143,117,15,2496
143,122,15,2495
143,121,16,2495
143,121,16,2497
143,121,16,2497
143,121,16,2497
143,121,16,2498
143,121,15,2497
143,120,16,2498
143,120,16,2499
143,120,16,2499
143,120,16,2500
143,123,16,2499
143,123,16,2500
143,123,16,2500
143,123,16,2500
143,123,16,2499
142,123,16,2500
142,124,16,2498
142,124,16,2498
142,124,16,2498
142,124,16,2498
142,123,17,2499
142,123,17,2498
142,123,17,2497
142,123,17,2497
142,123,17,2493
142,122,18,2492
142,128,18,2493
142,128,18,2494
142,128,18,2496
142,128,18,2496
143,127,19,2495
144,127,19,2494
145,128,20,2494
146,128,20,2495
146,133,20,2494
146,133,20,2495
147,132,21,2496
147,132,21,2493
147,132,21,2491
147,132,21,2491
147,132,21,2491
147,132,21,2492
147,132,19,2493
147,135,19,2493
147,135,19,2493
147,135,19,2493
148,135,19,2493
148,135,18,2493
148,135,18,2494
148,135,18,2494
148,135,18,2494
148,135,17,2495
147,135,17,2495
148,135,17,2495
148,135,17,2494
148,134,18,2492
148,134,18,2494
148,134,18,2494
148,134,18,2493
148,134,18,2494
148,134,18,2495
148,133,19,2496
148,133,19,2496
148,133,19,2494
147,132,20,2494
147,132,20,2494
147,132,20,2495
147,132,20,2495
147,132,20,2495
147,132,20,2493
146,132,20,2493
146,132,20,2492
146,138,20,2492
146,140,20,2492
146,139,21,2494
146,139,21,2492
146,139,21,2493
146,138,22,2493
146,138,22,2492
145,138,22,2492
145,138,22,2492
145,138,22,2493
145,138,22,2494
145,138,22,2495
145,138,22,2496
145,138,22,2496
145,138,22,2496
145,138,22,2497
145,138,22,2498
145,138,22,2498
145,138,22,2496
145,145,21,2495
145,149,22,2493
145,148,23,2491
145,148,23,2492
145,147,24,2493
145,147,24,2495
145,147,24,2496
145,147,23,2497
145,147,23,2496
145,147,23,2498
145,147,23,2496
145,147,23,2496
145,147,23,2495
145,147,23,2496
145,150,23,2496
145,150,23,2496
145,150,23,2495
145,150,23,2494
145,149,24,2495
145,149,24,2495
145,149,24,2496
144,149,24,2494
144,149,24,2493
144,148,25,2494
144,148,25,2494
144,148,25,2495
144,148,25,2493
143,148,24,2493
143,148,24,2493
143,148,24,2493
143,148,24,2493
144,150,24,2491
144,150,24,2492
144,155,24,2493
144,155,24,2493
144,155,24,2493
144,155,24,2493
144,155,24,2495
144,154,25,2496
144,154,25,2495
143,153,26,2498
143,156,26,2497
143,156,26,2496
143,155,27,2496
144,155,27,2494
144,155,27,2494
144,153,29,2495
144,153,29,2496
144,153,29,2497
144,153,29,2498
144,153,29,2498
144,153,29,2497
144,153,29,2497
144,153,29,2498
144,153,29,2497
144,153,29,2497
145,153,29,2497
145,153,29,2501
145,153,29,2501
145,153,29,2500
145,153,29,2499
145,153,29,2500
144,152,30,2499
144,152,28,2500
144,152,28,2499
144,152,28,2498
144,152,28,2494
144,157,28,2492
145,157,28,2493
145,157,28,2493
145,157,28,2494
145,157,28,2495
145,156,29,2494
144,156,29,2496
145,156,29,2497
145,156,29,2497
145,156,28,2498
145,156,28,2498
145,156,28,2496
145,155,28,2495
146,155,28,2494
146,155,28,2494
146,161,28,2496
146,161,28,2496
146,160,29,2499
146,160,29,2497
146,158,30,2497
146,157,30,2499
146,158,30,2500
146,158,30,2498
146,158,30,2497
146,158,30,2499
146,163,30,2499
146,163,30,2499
147,163,30,2500
147,163,30,2499
146,163,30,2498
147,163,29,2499
147,169,29,2499
147,170,29,2499
148,170,29,2498
148,170,29,2498
149,169,30,2497
149,169,30,2498
149,169,30,2498
149,169,30,2497
149,167,32,2498
149,167,32,2499
149,170,32,2497
149,170,32,2497
149,170,32,2498
149,170,32,2497
149,170,32,2495
149,170,32,2495
149,172,32,2497
149,172,32,2501
149,175,33,2501
149,175,33,2500
149,174,34,2500
149,174,34,2499
149,174,34,2498
149,174,34,2498
149,174,34,2499
149,174,34,2500
149,174,34,2496
149,174,34,2497
149,173,35,2497
149,172,36,2496
149,172,36,2495
149,172,36,2495
149,172,36,2495
148,172,36,2495
148,174,36,2494
148,173,37,2493
147,173,37,2493
147,172,38,2494
147,172,38,2494
147,172,38,2493
147,172,37,2492
147,171,38,2494
147,177,38,2496
146,177,38,2496
146,177,38,2497
146,177,38,2499
146,177,37,2499
147,178,38,2501
146,178,38,2499
145,180,38,2500
145,180,38,2499
145,180,37,2500
145,179,38,2500
145,179,38,2498
144,179,38,2497
144,179,37,2498
145,178,38,2499
145,178,37,2499
145,178,37,2498
145,183,36,2498
146,183,36,2498
146,182,37,2500
146,182,37,2497
146,182,37,2497
147,182,37,2498
147,182,37,2496
148,182,37,2495
148,182,37,2495
148,181,38,2499
148,181,38,2499
147,181,38,2498
147,181,38,2497
147,181,38,2498
147,181,38,2499
147,181,38,2497
147,181,38,2496
147,181,38,2496
147,181,38,2494
147,181,38,2495
147,180,39,2496
147,180,39,2496
147,180,39,2497
147,180,39,2496
147,180,39,2495
147,180,39,2496
147,179,40,2496
147,182,40,2495
147,182,40,2496
147,181,41,2496
147,180,42,2497
147,182,42,2494
147,182,42,2494
146,188,43,2496
146,189,43,2495
146,192,43,2494
146,191,44,2492
146,191,43,2493
146,191,43,2491
146,195,42,2492
146,194,43,2490
146,194,43,2491
146,196,43,2490
146,196,43,2489
146,196,43,2489
146,195,44,2489
146,195,44,2489
145,195,44,2490
145,195,44,2488
145,195,44,2489
145,202,43,2489
145,202,42,2490
145,201,43,2490
144,201,44,2490
144,201,44,2490
144,200,45,2495
144,200,45,2495
143,200,45,2495
142,200,45,2495
142,200,45,2495
142,200,45,2495
142,200,45,2493
142,200,45,2493
142,200,45,2492
142,200,45,2492
142,201,45,2491
142,201,45,2490
142,201,45,2490
142,201,45,2487
142,201,45,2484
142,204,45,2483
142,204,45,2485
142,211,45,2486
142,211,45,2484
142,211,45,2484
142,211,45,2482
143,215,44,2484
143,215,44,2483
142,215,44,2482
142,215,44,2481
142,215,44,2481
142,214,45,2481
143,219,45,2477
143,218,46,2477
143,218,46,2475
143,218,46,2476
142,218,46,2475
142,217,47,2476
142,217,47,2474
141,216,48,2475
141,216,48,2474
142,216,48,2472
142,216,48,2472
142,216,48,2473
142,216,48,2473
142,216,48,2472
142,216,48,2470
142,214,50,2469
142,214,50,2468
142,214,50,2469
143,220,51,2467
143,220,51,2467
143,220,51,2468
143,219,52,2469
143,219,51,2465
143,219,51,2462
143,219,51,2462
142,218,52,2461
142,217,53,2459
142,216,54,2460
142,219,54,2459
142,219,54,2460
142,225,55,2459
142,225,55,2458
142,225,55,2459
142,230,55,2459
142,230,55,2458
142,228,57,2460
142,227,58,2459
142,227,58,2455
142,227,58,2454
142,227,58,2453
142,227,58,2452
142,231,58,2453
142,233,59,2452
143,232,60,2450
142,232,60,2451
142,236,60,2450
142,242,60,2449
143,242,60,2448
143,242,60,2447
143,242,60,2446
142,242,60,2446
142,241,61,2445
142,241,61,2444
141,241,61,2443
141,246,61,2444
141,246,61,2443
141,246,61,2441
141,246,61,2441
141,246,61,2443
141,246,61,2441
140,246,61,2438
140,245,62,2440
139,245,61,2440
139,248,61,2437
139,247,62,2437
139,247,62,2437
139,251,64,2438
138,251,64,2440
137,251,64,2439
137,251,64,2441
137,257,64,2441
136,256,65,2439
136,255,66,2440
136,255,66,2439
136,255,66,2434
136,260,66,2433
136,260,66,2432
137,259,67,2427
137,259,67,2425
137,258,68,2425
137,258,67,2424
137,257,66,2422
137,257,66,2418
137,257,66,2416
135,257,66,2416
135,259,67,2416
135,258,68,2415
135,257,68,2416
134,257,68,2416
135,256,68,2415
135,260,68,2414
135,267,67,2412
135,267,67,2411
135,267,67,2407
135,268,67,2407
135,268,67,2407
135,268,67,2406
135,268,67,2405
135,269,66,2405
135,268,67,2404
135,268,66,2402
135,267,67,2401
135,274,67,2399
135,276,67,2398
134,276,66,2400
133,276,66,2398
133,276,66,2395
132,276,66,2395
132,276,66,2394
132,275,67,2391
132,273,69,2390
132,272,70,2387
132,272,69,2388
132,271,70,2387
132,271,70,2387
132,270,71,2389
132,273,71,2388
132,272,71,2386
132,271,72,2388
133,271,72,2386
133,271,71,2386
133,274,71,2389
133,274,71,2389
133,273,72,2388
133,273,72,2386
133,273,72,2385
133,280,72,2385
132,280,72,2385
132,279,73,2382
132,279,73,2380
131,279,73,2380
131,278,75,2379
131,277,76,2377
131,276,77,2375
131,276,77,2377
131,275,77,2378
132,275,75,2374
132,275,75,2373
132,275,75,2372
131,275,75,2367
130,274,76,2368
130,274,75,2370
130,273,76,2372
130,273,75,2370
130,272,76,2370
130,272,76,2367
130,272,76,2366
130,275,77,2363
130,275,77,2362
130,277,75,2358
130,277,73,2358
130,276,74,2356
130,274,76,2358
130,273,77,2357
129,275,77,2357
129,274,77,2355
129,274,77,2356
129,273,78,2356
129,272,79,2352
129,272,78,2353
129,271,78,2352
129,271,77,2350
129,270,78,2350
129,272,78,2351
129,272,78,2348
129,272,78,2348
129,272,77,2346
129,275,77,2345
128,275,76,2344
128,275,75,2342
128,275,74,2341
128,285,74,2338
128,285,74,2335
128,286,74,2334
128,286,73,2334
128,286,73,2333
130,285,74,2334
130,290,74,2334
130,292,76,2331
130,292,76,2331
130,295,76,2331
130,295,75,2332
130,295,75,2332
130,301,76,2331
130,302,75,2328
130,302,75,2328
130,301,76,2327
130,304,76,2327
130,303,77,2325
131,302,77,2325
131,308,77,2324
131,307,77,2325
131,307,77,2323
130,306,78,2320
130,303,81,2318
131,303,81,2317
131,310,81,2317
131,310,81,2315
132,313,81,2313
132,313,81,2315
132,312,82,2315
132,312,82,2313
132,310,84,2313
132,307,86,2313
132,307,85,2312
132,310,85,2310
132,310,85,2307
132,315,85,2307
132,315,84,2306
132,315,84,2304
132,315,84,2302
132,314,82,2301
132,315,81,2302
132,313,83,2300
131,313,82,2301
131,313,82,2301
131,313,81,2300
131,312,82,2297
131,311,83,2293
131,310,84,2293
131,310,84,2295
131,308,85,2295
130,308,85,2292
130,308,84,2289
131,308,84,2287
131,308,83,2285
131,308,83,2285
131,309,84,2287
131,309,83,2287
132,308,84,2286
132,309,84,2285
132,315,84,2284
132,315,84,2284
131,315,84,2283
130,321,84,2281
130,320,85,2281
130,320,85,2277
130,319,86,2275
129,319,86,2274
129,321,87,2273
129,326,89,2271
129,331,90,2267
130,331,90,2264
131,332,90,2264
131,331,90,2261
131,331,90,2261
131,330,91,2261
131,330,90,2261
131,329,91,2258
131,328,92,2257
131,328,92,2257
131,333,92,2256
131,331,94,2253
131,331,94,2251
131,331,94,2249
131,331,94,2249
131,329,95,2249
131,328,96,2248
131,328,96,2245
131,332,94,2243
132,338,92,2244
132,337,93,2242
132,335,94,2239
132,339,94,2238
132,339,94,2235
132,338,95,2234
134,338,95,2233
134,337,95,2234
134,336,96,2233
134,335,96,2232
134,342,96,2231
134,345,95,2232
134,345,95,2233
134,346,95,2229
134,346,97,2229
134,349,97,2225
135,348,97,2221
135,346,99,2219
135,352,99,2217
134,350,100,2214
134,355,100,2213
133,361,98,2210
133,365,98,2209
133,369,98,2207
133,372,96,2206
132,378,96,2205
132,378,96,2203
132,377,97,2202
132,377,97,2200
132,377,97,2195
132,377,96,2194
132,377,96,2193
132,376,95,2191
132,379,95,2191
132,379,95,2187
132,385,95,2184
132,384,96,2182
132,384,95,2182
132,384,95,2176
132,384,95,2174
132,382,97,2174
132,388,95,2172
132,386,96,2169
132,386,96,2166
132,387,96,2163
131,387,95,2161
130,386,95,2158
130,393,95,2154
130,392,95,2152
130,390,96,2152
130,388,98,2150
130,386,99,2150
130,391,99,2147
129,390,100,2144
129,388,102,2141
129,394,102,2140
129,391,105,2137
128,390,106,2134
129,387,109,2132
129,385,109,2128
129,394,110,2127
129,394,110,2125
129,401,110,2123
130,401,110,2120
130,406,110,2121
130,406,109,2124
131,406,108,2121
132,405,109,2119
132,404,110,2117
132,402,112,2112
132,401,113,2107
132,399,115,2106
132,402,115,2104
133,402,115,2099
133,401,115,2097
132,401,115,2095
132,406,116,2093
131,406,116,2091
131,408,116,2091
131,407,116,2089
131,406,116,2085
131,405,117,2085
131,404,118,2083
131,403,119,2081
131,402,120,2079
131,402,119,2076
131,402,119,2072
131,401,120,2071
131,401,120,2069
132,407,120,2063
132,405,122,2056
131,404,122,2053
131,410,122,2048
131,411,123,2046
132,419,122,2045
132,419,122,2045
132,419,122,2046
132,418,123,2042
132,418,123,2041
132,423,123,2041
131,423,123,2037
131,421,125,2037
131,421,124,2037
131,420,125,2036
130,419,126,2033
130,419,125,2033
130,417,126,2031
130,422,127,2031
130,421,128,2029
129,421,128,2028
129,425,130,2026
128,432,131,2024
128,433,132,2023
128,433,132,2021
127,431,133,2018
127,430,135,2015
127,429,134,2011
127,431,136,2006
127,428,139,2007
127,428,138,2004
126,428,137,2001
126,427,138,2001
126,427,137,2000
126,426,138,1997
126,427,138,1994
126,426,139,1990
126,425,140,1984
126,425,138,1981
125,425,138,1978
125,425,137,1978
125,428,137,1975
125,428,137,1973
125,427,138,1968
125,424,141,1968
125,424,141,1966
125,421,143,1964
124,425,143,1962
124,424,143,1960
124,422,144,1959
123,420,145,1952
122,424,146,1951
122,423,147,1949
123,428,148,1946
123,428,148,1945
122,427,149,1944
122,427,148,1941
123,430,147,1937
123,430,148,1929
123,429,149,1928
123,429,149,1926
123,428,149,1927
123,427,150,1925
123,434,150,1924
123,440,150,1919
123,442,153,1917
123,439,156,1915
123,439,156,1910
123,438,155,1908
123,434,157,1908
123,434,157,1905
123,440,158,1899
123,441,159,1898
121,441,159,1896
121,441,159,1892
121,440,160,1889
121,440,160,1888
121,440,160,1889
121,440,159,1885
121,445,159,1881
123,444,160,1882
123,444,159,1881
124,441,160,1880
124,441,159,1879
124,441,158,1877
125,441,158,1873
125,440,159,1870
126,439,159,1869
126,437,160,1866
126,436,160,1862
125,436,160,1855
125,435,161,1851
125,435,161,1853
125,434,161,1849
125,434,162,1849
125,438,161,1850
125,435,164,1848
125,433,167,1844
125,433,167,1843
125,438,165,1844
124,438,165,1839
125,442,163,1838
125,441,164,1839
125,441,164,1836
125,441,163,1834
125,441,162,1834
125,441,162,1832
125,440,163,1832
125,438,165,1828
124,435,168,1827
124,435,167,1823
124,444,167,1820
124,445,166,1820
124,447,166,1814
124,446,167,1813
124,444,169,1812
123,443,170,1808
123,442,171,1809
123,447,171,1806
122,447,170,1804
122,446,171,1798
122,450,172,1794
120,450,174,1792
120,448,175,1792
120,447,175,1790
119,447,174,1789
119,448,174,1789
118,455,174,1785
117,455,174,1784
117,460,176,1781
116,459,177,1782
116,456,180,1780
116,453,183,1779
116,453,183,1777
116,449,187,1776
116,449,185,1774
116,447,187,1770
117,448,187,1767
117,447,188,1763
117,446,189,1760
117,444,191,1758
116,444,188,1755
116,444,188,1753
116,442,190,1749
116,442,189,1750
116,442,188,1749
115,442,187,1745
115,442,186,1744
115,442,185,1740
115,446,185,1737
113,445,186,1735
112,444,187,1735
112,444,187,1733
112,444,186,1731
112,444,186,1730
112,443,189,1730
112,443,188,1730
112,442,189,1725
112,442,188,1722
112,440,190,1719
109,444,191,1716
109,444,190,1715
110,449,191,1711
110,449,191,1709
110,459,192,1709
110,457,193,1709
109,466,193,1708
109,466,192,1706
107,465,192,1701
107,469,192,1701
107,473,194,1696
107,472,194,1694
107,471,195,1694
108,472,197,1692
107,472,196,1691
105,471,197,1690
104,469,198,1685
104,469,196,1681
103,467,197,1681
102,469,198,1674
100,469,197,1672
100,471,196,1670
100,472,196,1667
100,473,195,1666
98,473,194,1664
98,476,195,1662
98,474,196,1660
97,472,197,1660
97,475,197,1658
97,473,198,1655
97,473,197,1655
97,481,198,1653
97,481,198,1652
96,478,200,1653
95,478,202,1652
95,482,201,1649
95,488,201,1649
95,487,202,1648
95,497,202,1646
95,500,202,1638
95,500,205,1637
95,500,205,1637
95,497,206,1635
94,496,206,1633
94,499,207,1633
94,499,206,1629
94,496,207,1628
94,496,207,1627
94,505,206,1624
94,510,207,1622
94,513,206,1621
93,521,208,1616
93,525,208,1613
93,525,207,1612
93,531,206,1610
93,530,207,1603
92,533,207,1601
92,533,206,1599
92,532,206,1595
92,531,204,1592
92,532,202,1586
92,532,202,1587
92,531,203,1584
93,547,204,1584
93,545,204,1582
92,548,204,1578
92,551,205,1578
91,552,205,1575
91,556,203,1573
91,554,205,1573
91,553,205,1571
91,552,206,1572
91,551,205,1569
91,562,204,1565
90,561,203,1561
91,561,202,1558
91,560,203,1557
91,559,203,1553
90,559,203,1552
90,557,204,1549
90,556,203,1544
90,556,203,1543
90,555,202,1542
90,559,204,1540
90,559,204,1537
90,569,203,1533
89,569,203,1531
88,571,205,1529
88,570,206,1526
88,570,205,1524
88,569,206,1522
88,569,206,1522
88,569,205,1519
88,579,204,1518
88,586,203,1513
88,590,203,1511
88,596,204,1506
88,596,204,1504
88,599,204,1501
88,602,205,1500
88,610,207,1497
88,610,208,1494
87,610,208,1491
86,621,209,1485
85,619,210,1483
84,619,210,1480
84,618,210,1477
84,616,211,1474
84,620,211,1469
84,621,210,1465
84,626,210,1462
84,638,212,1456
84,641,213,1454
85,636,216,1449
86,635,217,1446
86,637,218,1444
86,636,218,1439
85,632,220,1437
84,628,224,1434
84,627,224,1428
84,625,226,1422
83,622,229,1421
82,621,229,1419
82,619,231,1418
82,625,231,1416
82,623,233,1411
82,622,234,1408
82,619,236,1406
82,623,236,1400
82,624,235,1396
83,624,236,1393
83,622,238,1388
83,621,238,1386
82,621,237,1379
81,618,241,1377
82,617,241,1372
82,616,239,1370
82,615,238,1365
82,621,236,1363
82,623,236,1359
82,622,236,1356
81,628,236,1353
81,628,234,1348
80,628,232,1345
80,628,229,1340
80,632,231,1335
80,635,235,1332
80,634,236,1327
80,633,237,1327
80,640,235,1322
79,640,234,1320
79,638,236,1319
78,637,237,1314
78,637,237,1311
77,636,238,1310
77,639,240,1306
77,639,241,1302
77,642,242,1300
77,647,242,1298
77,646,243,1296
77,640,249,1291
76,643,250,1291
76,646,252,1286
76,649,251,1283
76,646,254,1283
76,645,252,1282
76,645,251,1277
76,643,253,1274
76,644,253,1270
75,641,256,1264
75,643,260,1262
75,639,264,1262
74,638,264,1260
74,638,263,1256
75,638,263,1252
75,646,263,1249
75,645,263,1242
75,649,263,1240
75,663,263,1236
75,663,261,1233
75,675,261,1231
75,672,263,1230
75,670,262,1225
75,672,259,1222
75,670,259,1220
74,670,260,1217
74,686,262,1211
74,683,265,1205
74,686,267,1202
73,684,269,1198
73,684,270,1194
73,682,271,1191
73,684,270,1189
73,683,269,1185
73,681,270,1184
73,679,272,1184
73,678,273,1183
73,678,272,1182
73,690,271,1177
73,689,272,1175
72,691,273,1173
72,690,274,1166
72,692,275,1165
72,691,276,1161
72,690,280,1155
71,689,281,1153
71,687,282,1149
71,687,284,1149
71,686,283,1145
70,690,286,1140
69,688,287,1133
69,687,287,1130
68,684,290,1127
68,686,292,1123
68,686,289,1118
68,692,287,1112
67,695,289,1107
67,694,290,1106
67,693,291,1104
67,693,290,1099
67,692,291,1097
67,697,293,1092
68,696,294,1090
68,694,295,1087
69,693,296,1083
69,691,298,1082
68,688,300,1079
68,687,301,1078
68,690,299,1072
68,688,300,1069
68,688,299,1068
68,694,299,1065
68,691,302,1063
68,689,304,1063
68,692,303,1062
68,691,304,1062
68,695,303,1058
67,697,302,1056
66,696,303,1052
66,700,303,1046
66,700,303,1045
67,701,304,1041
67,704,305,1039
67,708,306,1038
67,707,306,1033
67,703,306,1024
67,714,304,1024
67,714,304,1021
66,713,306,1015
66,712,307,1015
66,721,308,1013
66,717,309,1012
66,720,310,1013
66,719,310,1007
65,727,311,1005
65,733,311,1001
65,737,311,1000
65,750,311,998
65,747,316,994
65,757,314,992
65,755,314,988
66,755,318,983
66,753,319,977
66,764,319,976
66,768,319,975
66,770,320,971
66,775,320,971
66,775,320,967
66,773,320,965
66,771,321,962
66,768,322,959
65,767,323,959
65,765,324,955
65,764,325,953
65,764,325,951
65,766,326,949
64,764,328,945
64,765,330,940
64,765,328,938
63,762,329,935
63,759,330,929
63,759,329,924
63,764,328,922
63,764,329,917
63,767,330,913
63,764,333,911
63,763,335,909
63,762,334,905
63,765,334,897
63,766,331,895
63,763,333,893
63,765,331,893
63,765,329,893
63,764,329,893
63,763,329,889
62,762,330,890
62,773,329,888
62,777,330,883
63,777,330,875
63,778,332,874
63,775,334,873
63,771,341,871
63,768,343,868
63,765,346,867
63,767,346,865
63,767,344,864
63,772,344,863
63,772,341,860
62,776,340,861
62,777,340,859
62,781,341,858
62,785,340,855
62,789,338,852
62,793,341,851
62,790,342,849
61,797,341,847
61,801,341,846
60,803,341,846
60,811,341,844
60,809,342,841
59,806,347,838
58,805,346,836
58,804,346,834
57,800,349,830
57,796,351,827
57,800,352,827
57,805,349,822
57,812,350,816
56,812,350,816
56,814,349,812
56,812,349,811
56,810,349,809
56,807,350,808
56,819,348,804
56,830,348,801
56,828,347,800
56,832,347,799
56,839,346,798
56,843,348,797
56,842,349,796
56,858,349,789
56,868,349,785
55,869,350,784
56,868,349,782
56,867,349,780
55,869,349,777
53,871,346,772
53,875,347,772
53,885,346,771
53,884,345,765
53,885,348,765
52,889,349,761
52,893,351,759
52,905,348,758
51,910,350,754
50,911,352,750
50,918,352,748
50,914,355,744
50,915,357,744
50,913,359,743
50,911,359,741
50,908,362,734
50,908,362,726
50,906,364,723
50,921,363,722
50,921,363,719
50,928,364,716
50,931,366,713
49,928,369,710
49,930,373,710
49,941,371,710
49,942,375,709
49,944,374,706
49,943,375,704
49,948,378,696
49,950,377,694
49,949,376,691
49,946,380,690
49,942,382,689
49,944,383,685
49,947,382,680
49,951,385,674
49,951,383,670
49,948,385,669
47,962,385,666
47,964,388,661
47,963,386,661
47,962,385,658
47,972,388,653
47,970,389,653
47,970,388,652
47,970,388,651
47,972,389,647
47,967,394,644
47,968,395,642
46,970,398,640
46,973,397,638
46,973,397,635
46,972,398,632
46,966,403,631
46,973,401,628
46,972,402,623
45,969,403,620
45,969,406,618
45,966,409,615
45,965,408,613
45,963,410,604
45,960,411,598
45,958,413,592
44,961,415,592
44,961,411,590
44,958,412,586
44,962,414,585
44,959,422,584
44,969,421,579
44,968,422,578
44,982,426,577
44,992,428,575
44,988,431,571
44,985,433,570
44,980,437,565
44,974,442,562
45,971,445,562
45,973,444,559
44,992,448,557
44,991,450,557
44,991,455,554
44,991,452,543
44,996,452,542
44,1001,457,537
44,997,461,535
44,996,467,532
44,1000,469,532
44,998,473,530
44,995,476,527
44,991,476,527
44,997,477,525
44,999,477,523
44,999,478,522
44,996,483,521
44,988,491,516
44,994,493,515
44,996,496,512
44,989,501,510
44,990,499,507
44,987,498,504
44,985,500,501
44,978,506,498
44,972,512,493
44,968,514,487
44,967,522,484
44,966,526,483
44,964,527,482
44,965,531,481
44,963,534,480
44,957,538,477
44,959,535,474
44,962,537,472
44,962,537,470
45,971,539,467
45,973,541,461
45,968,544,459
45,966,546,456
45,975,548,451
45,970,551,447
45,965,555,444
45,966,553,438
44,962,556,438
44,967,555,435
44,968,555,432
44,966,556,430
44,965,557,427
44,962,558,427
44,961,559,425
44,963,561,423
44,958,565,422
44,956,572,419
44,953,574,416
44,951,576,414
44,951,573,410
44,947,575,409
44,952,572,407
44,949,574,406
44,960,577,406
43,958,576,403
43,961,578,402
42,965,580,400
42,968,580,399
42,971,581,398
42,974,580,399
42,974,583,399
42,972,583,392
42,965,589,387
42,962,591,384
42,961,583,382
42,967,582,381
42,965,581,378
42,973,582,374
43,972,584,372
43,973,583,370
43,976,585,371
43,975,588,369
43,980,592,369
43,982,591,367
43,984,595,364
43,982,598,361
43,981,602,359
43,980,603,357
43,980,610,357
43,978,611,353
43,977,609,351
43,974,610,349
43,974,607,347
43,969,612,345
43,967,614,344
43,971,616,343
43,966,620,340
44,965,621,336
44,970,622,336
44,966,620,335
44,972,621,333
44,982,622,331
44,979,628,329
44,976,630,327
44,975,628,323
44,974,624,323
44,976,624,320
44,971,628,317
44,974,631,317
44,973,632,316
44,978,633,313
44,980,634,311
44,978,634,310
44,985,631,305
44,982,632,300
44,978,633,301
44,982,634,299
44,976,638,297
44,979,638,296
44,978,638,294
44,997,643,292
44,995,645,290
44,1004,645,287
45,1006,647,286
45,1002,651,284
45,1007,651,283
45,1008,652,283
45,1007,651,283
45,1011,650,281
45,1015,650,280
46,1010,655,276
46,1011,651,274
46,1020,647,271
46,1020,649,271
47,1019,649,271
47,1018,652,267
48,1025,655,266
48,1024,655,265
48,1017,660,263
48,1014,662,263
48,1014,665,262
48,1018,663,260
48,1019,665,259
48,1018,670,259
48,1021,673,258
48,1017,672,255
49,1024,673,255
49,1018,676,252
49,1024,677,248
49,1026,679,246
49,1024,683,246
49,1029,685,246
49,1037,682,246
49,1034,685,244
49,1028,693,241
49,1021,697,241
49,1015,703,238
50,1014,706,236
50,1014,707,234
50,1019,706,234
49,1018,707,231
49,1014,705,231
49,1015,703,231
49,1018,704,228
49,1017,706,228
49,1010,710,227
49,1016,713,227
49,1025,713,226
48,1022,714,225
48,1011,720,224
48,1010,723,219
48,1008,725,218
48,1006,727,218
48,1004,727,219
48,1006,728,219
48,999,733,218
48,1006,738,217
48,1001,741,217
48,997,741,217
48,996,738,216
48,997,741,214
48,997,742,212
48,991,748,210
48,995,746,209
48,994,749,208
48,988,754,207
48,990,755,207
48,986,759,207
48,988,760,207
48,994,760,207
48,989,765,207
48,986,763,206
48,988,765,205
48,989,769,203
48,984,769,201
48,979,772,201
48,983,770,201
48,984,773,200
48,986,774,199
49,989,775,200
49,992,777,200
49,998,783,200
49,1001,783,199
49,1012,784,198
49,1012,784,198
49,1012,784,197
49,1027,783,196
49,1023,787,196
49,1030,786,196
49,1030,783,196
49,1025,788,196
49,1019,795,195
49,1018,800,193
49,1012,800,190
49,1017,802,189
49,1012,807,189
49,1007,811,188
49,1004,810,187
49,995,817,186
49,991,816,186
49,988,819,185
49,984,821,184
49,979,821,183
49,982,821,182
49,987,824,181
49,983,824,181
49,976,831,181
49,971,836,179
49,969,837,178
49,966,836,177
49,967,835,176
48,961,838,175
48,956,842,174
48,951,843,172
48,947,844,170
48,944,847,170
48,942,847,170
48,946,843,169
48,949,843,169
48,950,840,168
48,946,843,167
48,943,845,164
48,937,847,164
48,938,849,164
48,943,845,164
48,942,845,164
48,958,844,165
48,961,843,164
48,971,845,164
48,972,841,164
48,977,841,163
48,986,841,162
48,991,842,162
48,992,840,160
47,988,841,159
47,990,845,158
47,988,847,158
47,981,851,157
47,989,852,157
47,987,854,156
47,986,853,156
47,990,856,155
47,991,856,154
47,1003,857,155
47,1001,859,155
47,998,861,156
47,994,871,156
47,990,873,156
47,986,875,154
47,980,880,154
47,987,882,154
48,985,882,153
48,980,885,153
48,981,889,152
48,978,890,151
48,983,890,150
48,980,890,151
48,978,890,150
48,972,894,150
48,966,898,150
48,965,901,148
48,962,899,148
48,959,908,147
48,962,910,148
48,961,910,147
48,959,908,147
48,954,908,146
48,948,910,146
48,949,913,147
48,955,916,147
48,952,917,147
48,945,924,147
48,944,925,147
48,949,922,147
48,945,922,145
48,940,924,145
48,938,920,144
48,946,914,144
48,944,913,141
48,940,915,140
48,941,915,141
48,941,911,141
48,940,909,140
48,937,908,139
48,938,903,138
48,937,901,138
48,937,902,138
48,940,904,137
48,939,903,136
48,944,901,135
48,944,902,133
48,942,904,133
48,943,902,132
48,948,900,132
48,950,896,132
48,960,897,132
48,959,896,131
48,950,902,130
48,945,904,130
48,945,905,130
48,948,899,129
48,949,900,128
48,950,899,128
48,956,902,127
48,965,903,128
48,966,902,129
48,969,903,126
48,967,907,126
47,965,910,126
47,962,913,126
47,965,914,124
47,964,913,124
47,962,911,125
47,958,914,125
47,967,910,124
47,965,907,124
46,961,906,124
46,959,907,124
46,955,910,124
46,952,910,123
46,947,914,123
46,944,914,122
46,934,922,122
47,943,921,123
47,941,921,123
47,940,920,122
47,944,922,122
47,943,920,123
47,941,924,121
47,939,922,120
47,935,922,119
47,939,921,117
47,936,923,116
47,934,921,116
47,933,920,116
47,935,914,116
47,934,908,117
47,932,909,117
47,931,907,117
47,928,907,117
47,931,906,117
47,929,903,117
47,933,905,116
47,932,903,116
47,930,899,115
47,927,897,114
47,929,899,112
47,925,900,112
47,922,899,114
47,921,896,115
47,931,894,114
47,928,892,114
47,924,893,115
47,922,893,115
47,918,893,115
47,911,896,116
47,911,895,115
47,916,895,115
47,916,893,114
47,913,891,115
47,919,884,115
47,917,882,115
47,927,883,116
47,940,887,115
47,938,884,115
47,939,880,115
47,936,879,115
47,938,879,115
47,941,880,115
48,941,878,113
47,939,874,112
47,940,876,112
48,938,873,112
48,948,867,113
48,953,864,111
48,945,872,112
48,945,873,111
48,944,872,111
48,958,876,111
48,958,879,111
48,954,880,111
48,947,881,111
48,954,884,111
48,955,886,111
49,959,882,111
49,961,883,112
49,961,887,112
49,962,891,113
49,971,895,113
49,972,891,113
49,979,889,113
49,976,888,112
50,972,892,110
50,973,894,110
50,967,896,110
50,964,901,111
50,959,903,112
50,949,908,112
50,954,905,112
50,961,902,111
50,956,902,112
50,955,901,110
50,949,909,108
50,952,906,108
50,953,907,107
50,946,908,106
50,946,904,105
50,942,907,106
50,941,912,106
50,941,912,106
50,934,916,106
50,935,920,106
50,931,924,106
50,937,927,107
49,933,928,106
49,927,932,105
49,923,935,105
49,928,937,105
49,925,935,106
49,923,931,107
49,918,931,108
48,918,936,107
48,915,937,108
48,916,937,108
48,915,938,107
48,915,935,107
48,918,930,105
48,918,926,105
48,915,928,104
48,923,926,104
48,927,928,103
48,923,932,102
48,931,928,102
48,928,927,102
48,924,931,101
48,927,930,101
48,922,930,101
48,920,931,101
48,920,931,101
49,918,933,99
49,917,933,99
49,922,929,98
49,917,930,99
49,916,931,99
50,916,929,100
50,913,928,99
50,922,929,99
50,921,928,101
50,920,927,102
50,924,929,102
50,923,931,102
51,928,930,102
51,935,929,102
51,942,930,102
51,944,930,102
51,940,932,102
51,939,933,101
51,935,936,101
51,942,938,102
51,937,937,102
51,938,936,102
51,940,933,102
51,942,932,102
51,941,932,102
51,943,931,100
51,937,936,99
51,934,936,99
51,931,936,97
51,929,936,97
51,925,936,95
51,923,935,95
51,926,933,95
51,924,934,94
51,930,930,94
51,930,929,94
51,928,932,93
51,926,932,93
51,922,933,92
51,928,934,91
51,927,930,90
51,935,928,90
51,943,928,89
51,950,924,89
51,946,927,88
51,944,926,88
51,947,925,86
51,939,930,86
51,937,931,86
51,932,932,86
51,934,930,86
52,930,931,86
53,927,933,86
53,927,930,86
53,924,931,86
53,918,935,83
53,916,933,82
53,915,936,82
53,908,938,82
53,907,939,82
53,904,939,82
53,900,939,81
53,896,939,81
53,892,941,81
53,886,945,81
53,885,946,80
53,887,946,80
53,886,946,78
53,896,945,78
53,895,947,78
53,892,946,78
53,890,946,78
53,894,947,78
53,898,945,77
53,899,947,76
53,897,947,75
53,894,944,75
53,891,945,75
53,889,944,75
53,888,944,75
53,888,944,75
53,891,944,75
53,890,936,74
53,888,933,75
53,889,933,75
53,887,930,75
53,886,928,74
53,885,932,75
53,890,932,75
53,886,930,76
53,886,926,76
53,881,926,76
53,880,927,76
53,883,928,77
53,877,929,77
53,878,929,78
53,874,931,78
53,875,927,78
53,875,923,78
53,873,923,77
53,872,921,77
54,873,919,77
54,870,918,76
54,878,917,77
54,874,921,77
53,869,921,76
53,871,923,76
53,863,928,76
53,862,929,78
53,861,926,78
53,860,931,79
53,855,932,78
53,852,933,78
53,860,936,78
53,856,935,78
53,855,933,79
53,859,934,78
53,861,933,78
53,858,932,77
53,861,933,78
53,858,934,78
53,854,933,79
53,854,931,79
53,850,933,79
53,852,929,79
53,849,931,80
53,849,927,80
53,847,929,80
53,850,926,80
53,844,931,80
53,842,931,80
53,843,931,80
53,845,928,81
53,844,923,80
53,842,921,79
53,839,919,80
53,848,917,80
53,847,917,80
53,844,916,80
54,838,920,81
54,837,918,81
54,831,917,81
54,828,913,81
54,823,913,81
54,823,909,82
54,825,908,81
54,824,908,81
54,825,908,81
54,826,909,82
54,824,910,82
54,827,910,82
54,836,908,82
54,832,907,82
54,831,905,83
54,826,908,82
54,825,908,84
54,827,907,84
54,834,908,84
54,831,909,84
54,828,909,83
54,825,909,82
54,824,907,82
54,817,912,81
54,817,912,82
54,814,914,82
54,814,914,82
54,813,909,83
54,814,906,84
55,810,907,83
55,809,906,84
55,814,906,84
55,811,906,84
56,816,905,84
56,818,905,84
56,812,909,82
56,817,906,82
56,815,904,82
56,822,903,83
56,818,903,83
56,813,906,83
56,812,904,83
56,808,904,84
56,807,903,84
56,802,901,84
56,801,900,84
56,797,903,84
56,796,901,84
56,792,903,84
56,794,903,84
56,788,904,84
56,785,905,84
56,782,904,82
56,782,902,83
56,780,898,83
56,780,898,83
56,779,897,83
56,780,900,82
56,774,902,81
56,773,900,82
56,770,899,82
56,770,898,82
56,767,898,81
56,764,901,81
56,765,898,82
55,762,897,83
55,762,896,83
55,767,893,83
55,764,889,82
55,762,893,83
55,766,893,83
55,759,897,83
55,758,895,84
55,754,895,84
55,750,897,84
55,748,896,84
55,747,897,83
55,740,899,84
55,739,900,84
55,743,901,85
55,741,902,86
55,738,904,86
55,736,903,86
55,734,903,86
55,734,904,86
55,730,907,87
55,733,907,85
55,731,910,84
55,739,908,84
55,743,905,83
55,741,905,84
55,746,910,84
55,747,911,83
55,744,909,83
55,745,910,84
55,739,916,84
55,736,917,84
55,739,919,83
55,740,917,82
56,735,921,83
56,734,919,83
56,733,922,83
56,734,921,83
56,729,923,82
56,726,921,83
56,725,920,84
56,731,920,85
56,727,919,86
56,724,919,86
56,722,916,87
56,730,915,85
56,725,917,85
56,727,918,85
56,726,917,84
56,731,916,84
56,738,917,85
56,744,919,85
56,741,919,84
56,738,921,84
56,730,926,84
56,730,927,84
57,728,923,85
57,726,921,85
57,721,925,85
57,719,924,86
57,716,924,85
57,713,926,84
57,709,929,85
57,714,925,86
57,711,927,86
57,710,926,87
57,706,928,87
57,706,923,87
57,710,926,88
57,714,926,89
57,717,925,89
57,716,923,89
57,710,923,89
57,708,922,90
57,705,923,90
57,703,919,90
57,700,920,89
57,699,916,89
57,696,916,90
57,696,913,89
57,695,913,90
57,696,913,90
57,693,910,90
57,691,911,90
57,690,907,90
57,697,906,89
57,694,906,88
57,693,906,88
57,699,904,88
57,698,903,88
57,697,902,87
57,706,899,86
57,702,900,88
57,702,901,89
57,698,904,89
57,694,903,89
57,693,902,89
57,697,903,89
57,697,903,88
57,696,901,88
57,696,903,88
57,693,904,88
57,687,908,90
57,688,908,89
57,684,911,90
57,692,911,90
57,690,910,89
57,690,909,88
57,688,910,88
57,685,908,88
57,682,906,87
57,681,909,87
57,686,907,87
57,685,906,87
57,690,904,88
57,686,907,89
57,691,903,90
57,688,901,88
57,686,899,88
57,696,899,89
57,696,900,89
57,696,899,87
57,691,901,86
57,690,906,87
56,688,905,87
56,693,903,87
56,691,900,89
56,687,898,89
56,686,897,89
56,686,894,90
56,689,896,90
56,684,900,90
56,682,896,90
56,685,896,89
56,682,898,87
56,676,898,87
56,672,898,87
56,678,898,87
56,679,893,87
56,679,894,86
56,674,895,86
56,672,893,86
56,671,893,87
56,671,892,88
56,668,890,88
56,664,893,88
56,659,897,89
56,658,894,89
56,657,894,89
56,656,894,89
56,657,897,89
56,658,897,90
56,651,900,91
56,650,900,91
56,650,903,91
56,648,904,90
56,646,901,90
56,643,903,90
56,638,903,90
56,644,898,91
56,640,896,91
56,642,891,91
56,654,892,91
56,651,893,91
56,649,891,91
56,647,892,92
56,649,888,93
56,648,886,93
56,653,882,93
56,655,882,93
56,652,886,93
56,651,887,94
56,644,891,94
56,640,892,94
56,635,896,92
56,630,893,93
56,628,891,93
56,625,890,94
56,623,886,95
56,625,886,94
56,628,886,93
56,628,886,92
56,626,888,91
56,624,888,91
56,621,888,91
56,619,885,91
56,619,885,92
56,617,886,91
56,615,884,92
56,614,882,91
56,616,881,90
56,619,879,90
56,621,883,89
56,620,880,89
56,620,877,87
56,618,877,85
56,617,874,85
56,619,870,88
56,623,868,88
56,618,870,88
56,618,872,88
56,620,871,88
57,618,871,87
57,616,872,86
57,614,873,86
57,612,875,86
57,610,877,86
57,604,879,87
57,605,877,87
57,601,880,86
57,600,878,87
57,600,876,87
57,598,877,87
57,601,876,87
57,599,876,88
58,595,878,88
58,594,879,87
58,593,877,87
58,592,876,87
58,590,877,88
58,594,877,88
58,591,877,88
58,590,876,88
59,588,875,88
59,586,876,88
59,589,876,89
59,588,874,89
59,586,874,90
59,584,871,88
59,582,871,87
59,579,868,87
59,577,867,86
59,578,866,86
59,577,866,87
59,576,866,87
59,575,865,87
59,574,863,87
59,572,863,87
59,571,862,87
59,570,859,86
59,570,858,87
59,569,856,87
59,570,860,87
59,568,856,87
59,565,858,87
59,572,856,88
59,571,854,89
59,573,857,89
59,573,854,89
59,573,852,89
59,571,851,90
59,570,848,90
59,569,849,90
59,566,849,90
59,565,847,90
59,572,840,91
59,576,839,91
59,575,840,91
59,577,840,90
59,574,840,89
59,572,839,90
59,571,835,90
59,570,834,90
59,566,835,90
59,569,835,90
59,566,834,90
59,564,833,89
59,561,830,89
59,560,830,90
59,558,828,90
59,556,830,90
59,554,832,91
59,551,834,92
59,550,832,91
59,549,829,91
59,546,828,90
59,545,828,90
59,545,824,90
59,541,824,89
59,548,821,91
59,548,816,91
59,548,813,91
59,556,811,92
59,554,815,91
59,555,814,91
59,560,815,91
59,567,811,92
59,564,813,92
59,568,812,92
59,569,813,92
59,569,812,92
59,566,813,91
59,562,816,92
59,560,815,92
59,556,818,92
59,555,817,92
59,554,817,92
59,554,812,93
59,553,809,93
59,550,812,93
59,550,807,93
59,546,808,93
59,546,808,94
59,549,807,95
59,546,807,95
59,543,807,96
59,541,809,96
59,539,809,95
60,540,813,95
60,546,811,94
60,544,812,94
60,541,814,95
59,537,816,95
59,541,816,95
59,540,816,96
59,538,817,97
59,535,819,98
59,533,819,98
59,531,820,98
59,533,820,98
59,538,819,98
59,536,821,100
59,534,816,101
59,534,813,101
59,533,810,101
59,532,807,102
59,528,804,102
59,526,801,102
59,522,802,102
59,521,802,101
59,521,798,100
59,518,797,100
59,522,798,100
59,522,792,99
59,525,788,99
59,523,790,99
59,521,791,100
59,519,791,100
59,515,794,101
59,512,797,101
59,508,797,101
59,512,799,101
59,510,801,102
59,507,799,102
59,503,799,103
59,503,799,104
59,499,799,105
59,497,799,105
59,494,798,106
59,492,794,106
59,492,790,107
59,492,785,109
59,496,784,109
59,495,784,109
59,491,786,107
59,492,786,108
59,490,786,109
59,489,785,110
59,487,783,110
59,491,780,109
59,494,777,109
59,492,777,109
59,489,780,109
59,486,782,110
59,484,783,111
59,483,782,111
59,478,784,111
59,477,783,112
59,485,783,113
59,491,781,112
59,491,779,112
59,497,777,112
59,495,774,112
59,495,772,112
59,491,773,113
59,489,774,112
59,488,773,112
59,487,773,112
59,486,773,112
59,485,772,112
59,485,771,112
59,483,771,112
59,482,765,112
59,479,766,112
59,479,762,114
59,482,762,114
59,480,762,114
59,479,762,113
59,477,764,113
59,476,763,113
59,475,762,113
59,475,760,114
59,474,757,115
59,473,755,116
59,469,755,116
59,473,755,116
59,473,750,116
59,473,745,116
60,468,747,116
60,468,746,116
60,467,744,117
60,465,742,117
60,465,740,117
60,464,739,117
60,464,736,117
61,462,734,117
62,462,733,117
63,460,729,117
63,460,726,119
63,458,723,119
63,457,719,119
64,457,716,120
64,457,714,122
64,456,714,122
64,454,715,122
64,452,715,121
64,452,710,121
64,450,707,122
64,448,705,122
64,452,703,122
64,451,704,122
64,455,702,122
64,454,700,121
64,450,704,120
64,448,702,120
64,447,705,121
64,446,702,123
64,449,703,123
64,447,702,124
65,445,702,126
65,445,693,128
65,444,692,129
65,444,689,129
65,445,687,129
65,444,685,129
65,443,686,129
65,442,685,129
65,441,682,129
65,439,682,129
65,438,680,130
65,442,681,131
65,440,681,130
65,439,679,132
66,437,679,133
66,436,676,134
66,434,675,134
66,433,674,137
66,430,673,138
66,427,671,139
66,427,669,140
66,425,665,140
66,422,666,140
66,425,666,142
66,423,664,144
66,421,665,145
66,418,665,145
66,417,662,145
66,416,663,145
66,413,663,146
66,411,665,146
66,416,664,146
66,415,665,147
66,413,663,147
66,409,665,147
66,407,666,147
66,404,667,148
66,403,661,148
66,402,662,148
66,401,661,149
66,399,661,149
66,400,659,151
66,405,653,152
66,402,655,152
66,400,656,152
66,400,651,152
66,399,652,152
66,398,650,153
66,398,649,153
67,407,649,154
67,407,649,154
67,407,647,155
67,404,649,155
67,403,646,155
68,407,646,155
69,404,647,155
69,408,644,155
69,405,643,155
69,403,641,154
69,404,638,154
69,403,637,154
69,411,635,155
69,410,635,156
69,414,634,157
69,413,633,157
69,412,634,157
69,411,635,155
69,416,631,156
69,427,629,156
69,426,627,157
69,424,627,158
69,429,625,158
69,426,626,159
69,424,622,160
69,422,624,159
69,420,623,159
69,415,626,161
69,413,626,161
69,412,622,161
69,417,618,162
69,419,616,163
69,421,618,163
69,420,616,163
70,416,620,163
70,416,618,163
70,415,615,164
70,416,618,165
70,413,620,164
70,409,623,165
70,408,622,167
70,407,621,167
70,406,620,166
70,404,621,167
70,404,620,167
70,403,620,167
70,402,621,167
70,400,620,168
70,398,620,170
70,394,622,169
70,394,619,171
70,391,619,172
70,394,621,171
70,394,620,171
70,395,614,171
70,396,615,171
70,394,616,170
70,392,612,170
70,390,613,170
70,389,612,171
70,394,611,171
70,393,612,171
70,392,613,171
70,390,613,172
70,388,614,173
70,386,614,174
70,391,611,175
70,390,609,176
71,389,607,175
71,383,609,175
71,384,608,175
71,380,611,175
71,383,609,175
71,382,607,175
72,380,606,174
72,379,605,175
72,376,608,175
72,373,605,175
72,371,605,175
72,370,605,175
72,369,603,175
72,369,601,176
72,367,601,176
72,363,603,175
72,363,604,175
72,362,603,175
72,363,602,175
72,360,601,175
72,357,603,175
72,356,602,175
72,355,598,175
72,352,599,177
72,352,599,177
72,349,600,177
72,344,602,180
72,339,604,180
72,338,604,180
72,338,604,181
72,338,598,181
72,335,599,181
72,334,598,184
72,336,596,184
72,335,596,185
72,336,594,186
72,334,594,189
72,333,591,190
72,331,590,189
72,330,590,190
72,328,590,191
72,326,590,190
72,325,589,192
72,325,586,192
72,322,587,192
72,319,590,193
72,317,591,193
72,317,587,193
73,315,586,194
73,312,587,194
73,312,583,194
73,311,584,194
73,316,584,195
73,313,583,194
73,314,581,195
73,314,581,195
73,317,582,195
73,314,585,196
73,312,587,197
73,311,587,197
73,310,586,197
73,308,586,198
73,307,586,199
73,306,584,199
73,311,585,199
74,312,583,200
74,311,584,201
74,309,585,201
74,309,582,203
74,308,581,206
74,308,579,207
74,308,577,207
74,307,576,207
74,306,575,208
74,302,577,208
74,301,576,208
74,299,577,208
74,299,576,209
74,297,577,209
73,297,575,209
73,294,576,210
73,293,575,212
73,293,574,213
73,292,574,214
73,291,575,214
73,290,573,215
73,294,570,216
73,291,569,218
73,290,569,218
73,289,570,219
73,287,569,219
73,286,566,220
73,286,564,220
73,286,559,222
73,285,558,223
73,287,558,225
73,287,558,226
73,286,558,226
73,285,557,226
73,285,556,227
73,284,552,228
72,283,552,229
72,281,554,230
72,281,550,230
73,277,553,230
73,277,551,231
73,275,552,231
73,275,550,231
73,274,550,232
73,272,550,232
73,275,550,233
73,275,550,234
73,277,550,236
73,274,550,237
73,280,551,238
73,279,549,238
73,279,546,237
73,279,546,236
73,276,546,236
73,276,546,237
73,274,543,240
73,273,542,240
73,272,542,240
73,277,542,240
73,276,542,240
73,274,541,238
73,272,541,238
73,272,541,239
73,276,540,239
73,275,538,238
73,273,540,238
73,273,539,238
73,273,537,237
73,273,533,237
73,272,529,238
73,271,528,237
73,270,528,238
73,272,529,239
73,269,529,240
73,269,527,243
73,266,528,243
73,264,529,243
73,267,529,243
73,273,526,245
73,271,528,247
73,271,526,246
73,271,527,248
73,270,528,248
73,269,528,248
73,269,526,248
73,267,526,248
73,267,525,249
73,267,523,250
73,266,522,251
73,271,522,254
73,269,520,254
73,269,515,256
73,268,515,257
73,268,514,258
73,268,513,260
73,267,512,261
73,266,511,261
73,266,509,261
73,264,509,261
73,262,509,260
73,262,506,260
73,264,507,260
73,264,503,261
73,262,503,261
73,261,503,264
74,259,504,266
74,259,500,266
74,257,498,268
74,255,500,268
74,254,500,269
74,254,500,270
74,254,497,271
74,254,496,271
74,252,497,273
74,251,494,274
74,250,494,274
74,249,491,276
74,249,488,276
74,249,488,277
74,247,489,278
74,247,488,278
74,247,483,280
74,247,481,281
74,247,478,282
74,247,476,282
74,245,478,281
74,245,473,282
74,249,471,282
74,249,469,285
74,248,467,286
74,248,467,287
74,247,467,286
74,246,466,285
74,246,464,287
74,246,462,289
74,245,460,290
74,250,459,289
74,252,458,290
74,259,455,290
74,263,450,290
75,263,449,290
75,262,445,292
75,261,444,294
75,260,445,295
75,263,443,294
75,262,442,293
75,261,441,294
75,260,441,294
75,265,440,295
75,264,440,297
75,265,439,297
75,265,437,297
75,263,436,299
75,261,437,301
76,266,435,301
77,264,436,301
77,263,435,303
77,261,433,303
78,259,435,303
78,259,434,303
78,258,433,304
78,256,434,305
78,257,433,305
78,256,432,305
78,256,431,305
78,256,430,306
78,253,432,307
78,250,432,308
78,249,428,308
78,247,430,309
78,247,428,309
77,247,427,310
77,247,427,311
77,246,428,310
77,246,426,310
77,246,423,312
77,244,424,312
77,249,421,311
77,249,421,311
77,255,417,312
77,252,418,312
77,251,417,312
77,250,417,311
77,250,417,311
77,250,415,313
77,249,415,315
77,247,416,316
77,247,416,316
77,247,414,315
77,247,413,316
77,247,413,317
77,246,412,318
77,246,410,316
77,246,410,317
77,245,409,318
77,244,410,319
77,243,408,322
77,243,407,322
77,245,407,323
77,243,409,323
77,245,410,325
77,244,408,326
77,244,408,326
77,249,405,326
77,248,404,326
77,251,405,327
77,251,402,328
77,250,401,331
77,250,398,331
77,250,398,331
77,249,396,332
77,246,396,333
78,245,396,334
78,244,395,335
78,243,394,335
78,242,393,335
78,241,393,336
78,241,393,335
78,239,393,337
78,239,392,338
78,238,391,338
78,237,390,338
78,237,389,340
78,237,388,340
78,235,390,342
78,235,390,342
78,233,391,342
78,238,388,341
78,238,386,342
78,238,384,342
78,237,384,342
78,236,382,341
78,235,382,343
78,235,382,344
78,235,382,346
77,238,381,346
77,244,380,346
77,243,380,347
77,240,380,347
77,239,379,347
77,238,379,347
77,235,381,347
77,233,382,348
77,233,382,349
77,232,382,350
77,232,381,350
77,232,380,352
77,234,379,352
76,233,380,353
76,231,381,356
76,231,380,356
76,231,380,356
76,231,379,357
76,231,377,356
76,231,375,358
75,231,375,359
75,231,374,360
75,231,373,360
75,231,372,362
75,231,371,364
75,234,372,365
75,234,371,368
75,234,371,368
76,234,370,368
76,234,367,368
76,232,368,369
76,231,368,370
76,230,368,371
76,230,366,371
76,229,366,372
76,228,365,373
76,227,366,374
76,226,366,375
76,226,365,375
76,225,366,375
76,225,363,378
76,230,360,379
76,230,357,382
76,227,360,383
76,226,360,384
76,230,361,386
76,229,362,384
76,229,358,384
76,228,359,383
76,226,360,383
76,226,359,383
76,225,360,383
76,224,359,382
76,224,358,381
76,224,356,381
76,223,356,383
76,222,355,384
76,222,353,385
76,220,354,384
76,220,352,384
76,220,351,384
76,221,350,386
76,220,350,385
76,220,349,385
76,220,344,386
77,219,343,386
77,216,345,386
77,216,345,387
78,214,346,389
78,214,343,389
78,220,342,390
78,217,345,391
78,214,347,393
78,214,346,393
78,214,346,394
78,218,345,395
78,216,345,396
78,219,344,398
79,219,342,398
79,216,343,398
80,215,341,400
80,213,340,402
80,213,338,404
80,210,336,404
80,210,336,403
80,210,336,405
80,210,335,405
80,210,335,405
80,210,332,405
80,210,331,405
80,216,329,407
80,215,330,410
80,215,330,411
80,214,329,412
80,214,327,411
80,214,322,412
80,213,321,413
81,213,319,413
81,213,319,413
81,213,319,414
81,213,317,414
81,212,318,414
81,211,316,414
81,211,316,415
81,210,316,415
81,210,314,414
81,217,314,415
81,216,314,416
81,215,314,417
81,215,313,418
81,214,314,419
80,214,313,419
80,213,313,420
80,213,311,420
80,213,308,421
80,212,309,422
80,213,309,422
80,212,310,424
80,210,310,424
80,210,310,427
80,210,308,426
80,210,307,426
80,210,306,428
80,210,305,430
80,210,304,430
80,209,301,429
80,209,300,429
80,209,297,430
80,209,296,430
80,208,297,432
80,214,297,435
80,213,296,437
80,213,293,437
80,212,293,436
80,211,292,435
80,208,295,436
80,208,295,436
80,207,296,436
80,207,296,438
80,212,294,439
80,210,295,440
80,209,296,440
81,207,294,442
81,209,293,443
81,209,292,443
81,207,293,446
81,209,293,447
82,209,292,449
82,208,291,449
82,214,287,453
82,213,287,452
82,213,285,453
82,213,285,453
82,213,285,453
82,214,285,454
82,222,283,456
82,219,286,456
82,218,284,457
82,217,284,458
82,223,284,461
82,223,283,461
82,225,283,461
82,225,279,462
82,225,278,463
82,225,274,464
82,225,273,464
82,225,273,465
83,225,272,466
83,223,273,468
83,223,272,469
83,222,271,470
83,222,270,471
83,222,269,474
83,222,269,475
83,222,269,476
83,224,269,475
83,223,269,477
83,222,268,477
83,225,272,478
83,225,271,478
83,224,271,478
83,223,269,480
83,222,269,480
83,221,270,481
83,221,268,481
83,221,267,481
83,225,267,482
83,225,266,483
83,222,264,481
83,222,263,483
83,221,262,484
83,221,260,484
83,226,261,481
83,226,260,483
83,226,259,483
83,224,261,484
83,224,260,484
83,230,259,483
83,233,258,484
83,234,257,484
83,234,255,484
83,234,255,485
83,237,253,486
83,236,254,487
83,235,254,487
83,235,254,487
83,235,254,487
83,234,255,488
83,234,252,488
83,234,251,489
83,234,251,491
83,234,250,491
83,233,249,492
84,233,249,494
84,239,248,496
84,239,245,496
84,239,243,496
84,238,244,499
84,238,243,501
84,238,241,500
84,237,242,501
84,237,241,502
84,237,241,502
84,237,241,503
84,234,244,502
84,237,242,504
84,241,241,506
84,241,240,507
84,239,240,508
84,239,239,509
84,239,238,512
84,238,239,513
84,237,239,514
84,237,237,512
85,234,240,511
85,232,241,510
85,232,241,508
85,232,238,507
85,231,239,508
85,231,239,508
85,230,239,509
85,230,239,509
85,229,238,509
85,229,238,510
85,228,237,510
86,228,237,510
86,228,235,511
86,231,234,511
86,231,232,512
86,239,230,513
86,243,233,515
86,243,233,515
86,242,232,516
86,241,230,517
86,240,228,519
86,238,228,519
86,238,226,519
86,238,226,519
86,238,225,518
86,236,226,518
86,235,226,517
87,241,226,518
87,241,226,518
87,240,226,516
87,239,225,516
87,238,225,516
87,238,224,516
87,249,226,515
87,256,226,514
87,256,225,514
87,255,223,515
88,254,222,515
88,251,224,513
88,250,225,512
88,250,222,513
88,250,222,513
88,250,225,513
88,250,224,514
88,250,222,513
88,250,222,515
88,250,221,516
88,249,220,516
88,247,222,516
88,245,224,516
88,245,222,515
88,242,223,517
88,242,222,517
88,241,223,516
88,241,223,516
88,245,222,516
88,245,221,517
88,244,221,517
88,244,218,518
88,244,217,519
89,244,217,519
89,244,217,521
89,244,216,520
90,244,215,521
90,244,214,523
90,244,214,523
90,244,213,524
90,243,214,524
90,243,214,524
90,242,215,525
90,243,215,525
90,241,215,526
90,240,216,526
90,240,216,526
90,237,218,527
90,235,220,526
90,235,220,527
90,236,221,527
90,236,221,528
90,234,222,528
90,232,223,530
90,231,223,530
90,230,224,530
90,229,225,532
90,229,224,532
90,229,222,532
90,229,221,532
90,228,222,533
90,226,223,534
90,232,224,536
90,232,224,537
90,231,224,539
90,230,224,540
90,230,222,541
90,230,221,542
90,230,220,543
90,229,218,542
89,228,218,545
89,232,218,544
89,237,218,544
89,237,218,544
89,237,216,547
89,237,216,548
89,236,216,548
89,236,216,548
90,234,218,550
90,232,219,551
90,230,220,553
90,230,219,553
90,228,221,553
90,228,219,555
92,228,217,557
92,227,215,557
93,227,214,557
93,226,215,556
93,225,215,560
93,224,212,561
93,224,211,562
92,222,213,564
92,222,213,566
92,220,215,568
92,219,214,570
93,221,213,571
93,221,211,571
93,221,211,571
93,220,211,572
93,218,213,574
93,218,213,577
93,218,211,579
93,216,213,579
93,216,213,580
93,216,212,580
93,216,211,580
93,216,210,581
93,216,210,581
93,215,209,582
94,215,208,583
94,217,208,585
94,217,208,585
94,217,207,585
95,224,207,588
95,223,207,590
95,219,209,591
95,218,210,594
95,216,212,596
95,215,213,596
96,218,212,596
96,217,213,597
96,217,212,598
96,217,212,595
96,216,212,596
96,216,212,598
96,214,213,601
96,214,212,602
97,219,210,604
97,218,211,605
97,218,210,604
97,218,210,605
97,218,209,606
97,217,210,607
97,215,211,607
97,215,211,608
97,214,210,609
97,214,210,609
97,214,210,609
96,213,210,609
96,219,210,609
96,218,210,610
96,218,209,610
96,217,207,610
96,217,206,610
95,216,205,610
95,216,204,612
95,215,203,612
95,215,203,612
95,213,204,614
95,212,205,615
95,212,204,617
95,214,204,621
95,213,205,622
95,211,206,621
95,210,205,623
95,209,206,624
95,208,206,624
95,212,205,623
95,212,205,623
95,212,203,624
95,212,203,626
95,212,202,626
95,211,203,626
95,211,203,626
95,211,201,625
95,210,202,627
95,208,203,629
95,208,203,628
96,208,202,627
96,208,201,628
96,205,202,628
96,205,201,628
96,205,200,629
96,204,200,633
96,200,203,634
96,199,204,634
96,204,204,635
96,204,204,639
97,206,204,640
97,206,204,643
96,205,205,643
96,208,206,644
96,208,206,645
96,208,206,645
96,207,207,645
96,206,208,646
96,206,208,647
96,206,208,651
96,205,209,654
96,203,211,655
96,202,212,658
96,207,212,661
96,209,211,662
96,209,210,662
96,209,209,663
96,209,209,663
96,208,208,665
96,208,207,665
96,208,204,665
96,213,204,666
96,217,204,668
97,220,201,667
97,220,200,670
97,219,201,671
97,219,199,672
97,219,199,673
97,219,197,674
97,219,197,676
97,218,197,678
97,217,196,679
97,220,196,679
97,220,196,680
97,219,196,680
97,219,196,682
97,219,195,682
97,219,195,683
97,219,194,684
97,218,195,685
97,217,196,684
97,216,196,684
97,216,196,687
98,216,196,688
98,221,195,690
98,224,196,691
98,224,195,694
98,223,195,695
98,221,197,698
98,221,197,700
98,220,198,702
98,220,197,703
98,219,198,705
98,219,197,708
98,222,196,708
98,228,196,709
98,227,197,709
98,227,197,709
98,226,198,711
98,226,197,712
98,226,196,713
98,226,194,715
98,226,194,717
98,226,193,721
98,225,193,722
98,224,194,722
98,224,193,722
98,223,194,721
98,223,193,721
98,224,194,721
98,238,194,722
98,245,194,723
98,244,195,722
97,243,195,722
97,241,197,724
97,241,197,725
97,248,197,725
97,254,196,727
97,254,196,728
97,254,195,730
97,254,195,731
97,259,195,733
97,259,195,731
97,258,196,734
97,262,196,736
97,261,196,736
97,260,197,738
97,260,197,738
97,259,197,739
97,259,196,740
97,260,197,741
97,259,198,745
97,259,197,746
97,259,195,746
97,259,195,749
97,259,194,750
97,257,196,748
97,257,196,747
97,260,195,746
97,264,194,745
97,264,193,748
97,263,193,750
97,263,191,752
97,262,190,752
97,261,190,754
97,267,190,754
97,267,190,752
97,267,189,751
97,266,190,751
97,266,189,750
97,266,189,748
97,266,189,748
96,264,190,749
96,264,190,750
96,264,189,751
96,260,192,749
96,260,192,750
96,259,192,749
97,259,192,751
97,258,192,752
97,258,188,754
97,257,189,755
97,256,190,755
97,256,190,755
99,255,190,756
99,254,189,755
99,254,188,755
99,257,185,756
99,257,185,756
99,257,185,758
99,256,184,759
99,255,185,759
99,254,186,759
99,253,186,759
99,253,186,758
99,253,185,759
99,257,185,758
99,254,188,758
99,252,189,757
100,252,187,757
100,251,187,755
100,250,186,753
100,250,185,754
100,249,185,756
100,249,181,758
100,249,181,758
100,249,180,757
100,249,179,757
100,248,180,758
101,248,180,759
101,248,180,757
101,247,180,758
101,245,182,759
101,245,182,760
101,244,183,760
101,244,182,760
101,244,182,760
101,244,182,762
101,242,183,767
101,241,182,769
101,241,181,769
101,240,179,771
101,240,179,770
101,240,179,770
101,239,178,771
101,238,179,774
101,236,180,774
101,236,180,775
101,235,181,775
101,235,181,776
101,233,181,773
101,238,182,773
102,238,181,775
102,237,181,777
102,235,181,779
102,233,181,779
102,232,182,781
102,232,181,783
103,230,183,783
103,228,185,783
103,228,185,784
103,228,185,786
103,228,185,786
103,228,184,788
103,227,185,788
103,227,184,787
103,225,185,787
103,225,184,787
103,225,182,790
103,225,182,790
104,224,183,790
104,224,183,789
104,224,183,790
103,230,184,791
104,229,184,790
104,229,184,793
104,229,183,793
104,229,183,793
104,228,183,792
104,228,181,792
104,228,180,794
105,228,180,794
105,227,180,793
105,225,182,793
105,225,182,794
105,224,183,795
106,226,182,796
106,226,180,798
106,226,180,798
105,226,180,796
105,232,180,797
105,232,180,797
105,231,179,796
105,231,177,796
105,230,177,797
105,233,179,798
105,232,179,800
105,234,179,801
105,233,180,801
105,231,181,802
105,228,183,803
105,228,182,806
105,227,183,806
105,226,184,807
105,226,184,810
105,225,185,813
105,225,185,811
105,227,185,812
105,227,183,813
105,227,182,813
105,226,181,815
105,225,182,816
105,224,182,815
105,224,182,815
105,223,183,816
106,229,182,816
105,228,182,816
105,227,180,817
105,227,180,817
105,226,181,818
105,226,181,818
105,226,181,818
105,231,181,820
105,230,182,819
105,230,179,819
105,229,179,818
106,228,179,817
106,228,179,817
106,227,179,816
106,227,179,817
106,226,180,818
106,232,179,816
106,231,180,816
106,230,181,814
106,229,181,816
106,228,181,815
106,226,183,816
105,224,184,820
105,225,184,820
105,223,186,821
105,223,187,822
105,223,186,822
105,223,186,822
105,223,186,822
105,224,187,822
105,228,187,824
105,230,187,826
105,228,189,827
105,228,188,827
105,228,188,828
105,227,189,829
105,227,187,831
106,227,187,834
106,226,188,834
106,224,189,833
107,224,188,839
107,224,188,840
107,223,189,840
107,221,190,841
107,221,190,840
107,221,190,840
107,221,190,839
107,221,189,839
107,221,188,841
107,227,187,841
107,230,186,842
107,230,185,842
107,228,187,842
107,226,188,842
107,226,187,842
107,224,187,843
107,224,187,843
108,229,186,846
108,229,185,846
108,229,185,847
108,228,185,849
108,228,185,850
107,228,184,848
107,227,182,850
107,226,183,849
107,226,182,851
107,224,184,852
107,223,184,852
106,223,184,852
106,223,184,852
106,221,186,852
106,221,186,853
106,219,188,853
106,221,187,857
106,221,187,857
107,221,187,858
107,224,184,859
107,223,185,861
107,223,185,862
107,230,185,861
107,230,185,862
107,229,186,866
107,233,186,868
107,238,186,868
107,243,186,867
107,241,187,867
107,241,186,868
107,240,187,869
107,237,190,869
107,240,192,871
107,240,190,869
107,240,189,869
107,243,188,868
107,242,189,868
107,242,187,869
108,242,187,869
108,242,187,870
108,242,187,870
108,242,187,872
108,242,187,874
108,243,187,874
108,243,187,875
108,243,186,876
108,243,185,876
108,242,186,875
108,242,186,876
108,241,186,877
108,241,186,875
108,246,184,875
108,245,184,874
108,244,184,876
108,242,185,877
109,241,186,878
109,239,186,879
109,241,187,879
109,241,187,879
109,241,185,881
109,240,186,883
109,240,186,882
109,239,185,882
109,238,186,886
109,236,187,887
109,236,187,889
109,240,187,890
108,240,187,893
108,240,186,895
108,239,185,895
108,248,185,895
108,247,186,894
108,254,184,894
108,253,183,894
108,252,182,896
108,251,181,898
108,252,181,899
108,252,180,900
108,252,180,899
108,252,180,899
109,252,180,900
109,252,180,900
108,251,180,901
108,251,180,900
108,251,179,902
108,251,178,901
108,250,179,903
107,250,179,907
107,250,178,907
109,249,178,907
109,253,178,908
109,250,182,908
109,249,183,908
110,248,184,910
109,248,184,907
109,248,184,907
109,247,185,908
109,248,184,911
109,248,184,910
110,247,185,911
110,246,185,911
109,244,187,912
108,243,188,911
108,246,189,910
108,246,189,911
108,245,190,912
109,245,189,912
109,243,190,912
109,243,190,914
109,247,191,915
109,247,190,917
109,247,190,917
108,247,190,920
108,246,191,921
108,246,190,921
108,246,189,922
108,245,189,924
108,245,189,922
108,244,190,924
108,243,191,926
108,243,188,927
108,243,188,928
108,244,188,929
108,244,187,930
108,248,186,929
108,245,189,929
108,245,189,929
108,245,189,930
108,244,189,930
108,246,188,929
108,246,186,931
108,246,186,931
108,246,186,931
108,246,186,930
108,246,184,931
108,246,184,933
108,245,185,933
108,244,186,934
108,244,185,935
108,243,185,935
108,243,183,936
108,243,182,936
108,243,181,937
108,242,180,939
108,241,180,939
108,241,180,941
107,240,181,940
107,240,181,940
107,240,181,941
107,240,181,941
107,240,181,942
107,240,178,941
107,240,177,941
107,238,177,943
108,238,176,945
108,238,174,944
108,238,172,944
108,237,171,945
108,236,172,944
109,236,172,943
109,241,172,944
109,240,173,943
109,239,174,946
109,239,174,948
109,239,174,950
109,239,174,951
109,238,174,952
109,237,174,953
109,237,173,955
109,237,171,956
109,236,172,958
108,238,172,960
108,237,173,960
108,241,173,961
108,241,173,962
108,240,174,964
108,245,174,965
109,245,173,967
109,244,173,968
110,241,176,969
110,240,175,969
111,239,176,969
111,239,175,970
110,237,177,972
110,237,176,972
110,237,175,972
110,242,175,973
110,241,175,973
110,239,176,973
110,238,176,973
110,238,176,973
110,238,175,975
110,237,175,976
110,237,175,977
110,236,175,977
110,236,175,979
110,236,174,981
110,238,172,982
110,238,172,983
110,238,168,986
110,236,170,988
110,240,169,989
110,239,169,989
110,238,170,988
110,238,170,987
110,236,170,987
110,236,170,986
110,235,171,986
110,235,170,986
110,234,170,985
110,233,169,986
110,232,169,986
110,232,169,986
110,232,167,984
111,232,167,986
111,231,165,985
111,231,165,986
111,232,166,988
110,232,166,988
110,232,166,988
111,233,165,989
111,233,165,990
111,232,164,991
111,232,163,992
111,232,163,994
111,232,162,993
111,231,162,995
111,236,162,995
111,236,162,996
111,236,162,998
111,238,165,997
111,236,167,997
111,234,169,997
111,234,167,998
111,234,166,998
111,234,166,998
111,241,165,999
111,241,164,1000
111,241,164,1002
111,241,164,1002
111,240,164,1000
110,240,164,1001
110,239,165,1002
110,239,165,1002
110,239,163,1002
110,239,163,1002
110,244,163,1002
110,251,161,1001
109,250,161,1001
109,249,161,1001
109,248,162,1004
109,248,161,1005
109,248,160,1007
109,248,159,1007
108,248,158,1008
108,245,159,1009
107,254,159,1011
107,254,158,1013
106,259,156,1013
105,259,156,1014
105,258,156,1015
105,257,156,1015
106,257,156,1018
106,257,156,1020
106,257,156,1018
107,256,156,1019
107,256,156,1020
107,256,156,1021
107,259,156,1023
107,259,155,1023
108,259,154,1023
108,257,155,1024
108,257,155,1024
108,259,155,1026
108,258,155,1026
108,258,154,1026
108,263,154,1026
108,263,154,1025
108,266,155,1027
108,266,155,1027
108,266,155,1025
108,266,155,1027
108,265,156,1028
108,265,155,1028
108,262,157,1027
108,262,156,1027
108,262,156,1028
108,266,155,1029
108,266,155,1031
108,266,154,1031
108,266,153,1030
108,266,153,1028
109,265,153,1030
109,265,152,1030
109,272,152,1028
109,278,151,1030
109,277,151,1031
109,280,153,1032
109,279,153,1034
109,285,153,1033
109,283,154,1032
109,282,155,1034
109,282,155,1034
109,282,155,1033
109,281,155,1034
109,279,155,1033
109,282,153,1034
109,281,154,1034
109,280,154,1036
109,280,154,1037
109,278,154,1037
108,282,155,1038
108,281,155,1039
108,281,152,1038
108,282,150,1038
108,281,150,1037
108,281,150,1040
108,288,149,1041
108,291,147,1041
108,291,147,1043
108,296,147,1043
108,295,148,1044
108,293,148,1045
109,293,148,1045
109,293,148,1045
109,293,148,1047
109,288,152,1048
109,287,152,1051
110,287,152,1050
110,286,153,1049
110,285,153,1052
110,284,154,1053
110,283,154,1055
111,282,153,1056
111,282,153,1056
111,279,155,1058
111,279,155,1058
112,279,155,1059
112,279,155,1059
112,278,155,1060
112,285,155,1061
112,285,155,1062
111,285,155,1064
111,284,156,1064
112,283,156,1065
112,283,156,1064
112,282,157,1065
112,281,157,1068
112,281,155,1069
112,281,155,1072
112,282,158,1072
112,281,159,1072
112,279,160,1074
112,278,160,1076
112,278,158,1075
113,278,157,1077
112,277,157,1077
112,277,157,1078
112,276,158,1080
112,276,158,1083
112,276,158,1081
112,277,159,1079
112,277,159,1080
112,276,160,1078
112,275,160,1080
112,274,161,1079
112,274,161,1076
111,276,161,1076
111,275,160,1076
111,274,161,1082
111,274,161,1082
111,274,161,1082
111,275,162,1081
112,275,161,1081
111,284,161,1082
111,284,160,1083
111,284,158,1080
110,283,157,1081
111,283,156,1080
111,285,155,1079
111,284,155,1079
111,284,153,1079
111,284,153,1080
112,284,153,1080
112,283,153,1080
112,281,154,1080
112,281,154,1083
112,278,157,1083
112,278,155,1083
112,277,154,1085
112,277,154,1086
112,278,154,1086
112,278,153,1088
112,275,155,1088
112,277,155,1091
112,276,155,1093
112,280,155,1094
112,280,155,1094
113,279,156,1094
113,279,153,1098
113,284,155,1098
113,283,156,1097
113,283,155,1097
113,283,155,1098
113,289,155,1095
113,288,156,1100
113,286,157,1101
113,284,159,1101
113,284,158,1100
114,283,159,1100
114,283,158,1100
114,280,161,1100
114,280,161,1102
114,279,161,1100
114,279,161,1101
114,282,162,1101
114,284,161,1102
114,283,162,1101
114,287,162,1101
114,287,162,1099
114,286,163,1099
114,286,163,1098
114,286,163,1098
114,283,166,1098
114,290,166,1100
114,288,167,1100
114,288,166,1101
114,288,166,1102
114,293,168,1103
114,293,166,1104
114,293,163,1102
114,291,164,1101
113,295,164,1100
113,295,164,1100
113,295,163,1100
113,295,161,1101
113,295,161,1101
113,295,160,1100
113,293,162,1100
113,299,163,1102
113,298,164,1101
113,297,165,1100
113,297,165,1103
113,297,165,1102
113,296,165,1101
113,299,165,1102
113,297,166,1102
112,297,166,1099
113,297,166,1098
113,295,168,1099
113,295,168,1099
113,295,168,1101
113,295,168,1101
113,295,168,1099
113,294,169,1098
113,290,173,1099
113,289,174,1101
113,288,174,1104
113,287,175,1105
113,286,176,1106
113,286,175,1106
113,285,176,1107
113,285,176,1109
113,285,176,1109
113,284,177,1108
114,284,177,1108
114,287,177,1108
114,287,176,1111
114,287,176,1109
114,287,175,1112
114,287,174,1114
114,287,174,1116
114,282,178,1114
115,282,178,1114
115,280,179,1115
115,286,179,1118
114,286,178,1118
114,284,179,1120
114,284,179,1122
114,286,177,1122
113,286,177,1123
113,284,179,1124
113,286,179,1125
113,285,180,1125
113,284,181,1124
113,282,183,1125
113,288,183,1124
113,287,184,1124
113,287,184,1125
113,286,185,1127
113,290,184,1126
113,290,183,1123
113,289,183,1122
113,289,183,1122
113,289,182,1120
113,289,181,1121
113,289,180,1122
113,289,180,1123
113,287,182,1123
113,287,182,1121
113,285,183,1121
113,285,183,1121
113,285,179,1119
113,285,178,1119
113,291,177,1121
113,286,182,1121
113,284,182,1121
113,288,181,1121
112,288,181,1121
113,294,181,1122
113,299,181,1123
113,306,181,1122
113,305,182,1121
113,302,185,1119
113,302,185,1119
113,301,184,1119
113,300,185,1119
113,300,184,1121
113,302,182,1122
113,301,183,1124
113,301,183,1125
113,304,183,1125
113,304,182,1126
113,304,181,1125
113,308,181,1124
113,308,181,1125
113,308,179,1126
112,308,179,1129
112,308,179,1130
112,308,177,1128
112,308,178,1130
112,308,176,1131
112,315,176,1133
112,319,176,1133
112,319,175,1131
112,317,175,1131
113,318,175,1131
112,318,175,1133
112,324,176,1132
112,322,177,1134
111,322,177,1133
111,321,177,1134
111,321,176,1136
111,322,176,1140
111,322,176,1142
111,321,175,1143
111,319,176,1143
111,318,174,1145
111,318,174,1147
111,323,173,1146
111,323,173,1145
111,323,173,1145
111,323,172,1146
111,321,174,1146
111,321,173,1147
111,320,174,1149
111,320,173,1149
111,322,173,1151
111,322,173,1151
111,322,173,1152
111,320,175,1154
111,320,174,1154
111,320,173,1156
111,318,173,1158
110,318,173,1160
110,315,176,1163
110,314,175,1160
110,316,174,1158
110,322,175,1159
109,322,175,1160
109,322,175,1160
109,319,177,1160
109,318,178,1159
109,318,177,1158
110,323,176,1157
110,323,176,1159
110,322,176,1160
110,322,175,1160
110,330,176,1160
110,328,176,1161
110,328,176,1159
110,331,176,1159
110,331,176,1159
110,331,176,1157
110,330,176,1158
110,330,176,1159
111,328,177,1160
111,328,177,1161
111,328,177,1162
111,327,176,1162
111,324,179,1165
110,324,179,1163
110,323,180,1162
109,323,179,1161
109,324,179,1162
110,324,179,1161
110,324,179,1158
110,323,180,1159
110,322,181,1160
110,322,181,1161
109,321,181,1160
109,321,181,1158
109,328,180,1161
109,328,178,1164
109,328,178,1163
109,325,179,1161
109,325,178,1162
109,325,177,1166
108,323,179,1168
108,322,180,1169
108,325,180,1171
108,323,182,1172
108,323,181,1172
107,321,183,1172
107,321,183,1172
107,321,183,1169
107,322,184,1174
107,322,183,1173
107,320,185,1172
107,322,185,1173
107,322,184,1174
107,322,184,1174
107,319,186,1174
107,318,187,1172
107,317,186,1173
107,319,185,1174
107,318,188,1175
107,319,189,1176
107,318,190,1176
108,318,188,1175
108,318,187,1174
108,322,188,1173
108,328,188,1175
109,328,188,1176
110,330,189,1176
111,329,190,1178
111,331,190,1178
111,331,190,1177
111,331,190,1178
111,334,191,1178
111,333,192,1177
111,332,193,1176
111,332,193,1173
112,331,194,1170
112,332,193,1168
112,335,193,1169
112,335,192,1167
112,335,192,1169
112,335,193,1167
112,339,192,1168
112,339,191,1169
112,337,193,1167
112,336,194,1164
112,344,194,1164
112,342,194,1164
111,342,193,1163
111,342,190,1163
111,342,190,1162
111,342,188,1162
111,342,187,1161
111,342,187,1161
111,342,186,1158
111,344,189,1159
111,345,191,1160
111,345,191,1157
111,343,193,1156
111,342,193,1154
113,341,194,1155
113,340,194,1155
113,339,195,1155
113,341,195,1154
113,342,193,1155
113,341,194,1157
113,341,194,1156
113,350,193,1153
113,349,194,1153
113,348,195,1153
113,347,196,1154
113,347,195,1156
113,347,195,1157
113,347,192,1156
113,346,192,1157
113,345,192,1157
113,347,192,1159
113,348,191,1158
113,347,192,1157
113,347,191,1158
113,348,191,1156
113,347,191,1157
113,347,190,1156
113,350,194,1154
113,349,195,1153
113,349,195,1154
113,349,197,1155
113,349,197,1155
113,347,199,1152
113,354,198,1153
113,354,197,1151
112,352,198,1153
112,351,199,1154
112,351,199,1153
112,351,197,1153
112,351,196,1152
112,351,196,1153
112,351,195,1152
112,351,195,1155
112,349,197,1155
112,360,197,1156
112,360,197,1155
113,359,197,1154
113,359,196,1154
113,357,198,1153
113,357,198,1154
113,357,198,1155
113,355,200,1155
113,358,199,1155
113,359,199,1155
113,359,198,1155
113,359,198,1156
113,369,198,1156
113,368,198,1156
113,368,197,1155
113,368,196,1155
113,370,198,1155
113,370,197,1155
113,370,197,1155
113,370,196,1155
113,369,196,1155
113,372,194,1154
113,371,193,1155
113,371,193,1154
113,370,194,1156
114,371,197,1155
114,369,198,1155
114,367,200,1156
114,367,199,1157
114,364,201,1157
114,364,200,1159
114,364,200,1159
114,364,200,1159
114,363,201,1158
114,363,200,1159
113,362,201,1160
114,361,202,1156
114,360,203,1157
114,359,204,1158
114,359,203,1158
114,359,202,1157
114,359,202,1157
114,359,202,1157
114,359,198,1155
114,365,196,1155
114,365,196,1155
114,364,197,1151
114,363,198,1150
113,364,198,1147
113,371,198,1147
113,370,198,1147
114,370,198,1145
113,376,197,1143
113,376,197,1142
113,379,200,1141
113,379,199,1142
113,375,202,1142
113,378,201,1142
113,378,200,1140
113,383,202,1140
113,381,203,1140
113,382,204,1139
113,382,202,1140
114,391,202,1141
114,390,203,1140
114,388,205,1138
114,387,206,1139
114,393,204,1139
114,392,205,1138
114,391,206,1139
114,401,209,1141
114,399,210,1141
114,405,209,1141
114,405,208,1141
114,405,207,1139
114,410,207,1137
114,409,206,1136
114,405,209,1138
114,409,210,1136
114,409,210,1138
114,407,212,1134
114,407,214,1133
114,412,215,1131
115,413,217,1131
115,416,219,1131
115,414,220,1133
115,414,219,1132
115,413,220,1132
115,413,220,1131
115,411,222,1130
115,413,221,1130
115,420,221,1125
115,421,223,1126
115,419,225,1125
115,418,226,1126
115,416,228,1121
115,416,228,1121
115,415,228,1116
115,414,228,1117
115,426,229,1117
115,425,230,1120
115,422,233,1118
115,422,230,1116
115,420,232,1116
114,418,233,1116
115,417,234,1116
115,413,237,1115
115,411,238,1114
115,408,241,1116
116,409,242,1114
116,411,242,1114
116,413,240,1114
116,413,240,1112
116,413,240,1112
116,417,240,1111
115,417,238,1111
114,416,239,1110
115,415,238,1110
115,422,238,1110
115,421,239,1110
114,420,240,1109
114,425,241,1111
114,424,239,1112
114,424,239,1112
114,428,237,1109
113,424,240,1107
114,430,241,1106
114,429,241,1108
114,427,242,1107
114,426,243,1108
113,422,246,1107
113,420,248,1104
113,419,247,1104
113,418,247,1101
113,416,249,1100
113,416,248,1102
113,413,251,1102
113,412,252,1102
114,412,250,1100
114,413,251,1098
114,412,252,1098
113,411,252,1097
113,414,254,1096
113,414,253,1095
113,413,254,1096
113,417,254,1097
113,417,254,1096
113,421,255,1096
113,420,254,1095
114,418,256,1093
114,418,256,1093
114,417,255,1093
114,415,257,1094
114,414,258,1093
114,412,260,1091
114,410,261,1088
113,408,263,1089
113,406,264,1089
113,404,265,1090
113,403,266,1088
113,403,266,1088
114,403,265,1089
114,403,265,1088
115,401,266,1089
115,400,266,1088
115,397,268,1089
115,397,267,1088
115,397,267,1086
115,397,267,1085
115,396,267,1085
116,395,267,1084
116,395,267,1083
116,393,269,1082
116,391,271,1081
116,390,272,1076
116,389,273,1078
117,394,273,1077
116,398,271,1080
117,398,270,1079
118,398,270,1079
118,403,270,1080
118,403,270,1079
118,403,270,1079
118,399,273,1078
118,400,273,1078
118,399,274,1078
119,396,277,1075
119,400,275,1074
119,399,275,1075
119,400,274,1074
119,399,275,1074
119,398,273,1073
119,409,274,1071
119,407,276,1073
118,406,277,1069
118,404,279,1069
117,407,277,1069
117,407,277,1070
117,407,276,1070
117,407,276,1071
117,406,277,1072
116,406,273,1072
116,404,273,1071
116,404,272,1069
117,407,273,1069
117,406,272,1067
117,405,272,1068
117,403,272,1066
117,403,272,1068
117,409,272,1064
117,408,272,1064
117,408,272,1063
117,415,272,1061
117,411,275,1062
117,409,276,1063
117,411,276,1062
117,410,276,1063
117,409,276,1064
117,407,278,1061
117,411,280,1060
116,412,281,1060
116,419,278,1060
116,416,277,1061
116,415,277,1061
116,417,278,1058
115,418,277,1056
115,418,275,1054
114,418,274,1055
114,418,272,1054
114,417,271,1053
113,417,267,1052
113,421,266,1053
113,419,267,1053
113,419,267,1053
113,416,270,1054
113,414,271,1056
113,411,273,1058
114,411,273,1058
114,411,273,1058
114,415,273,1059
114,413,274,1057
114,420,274,1056
114,419,275,1055
114,424,276,1056
114,423,275,1058
115,428,275,1056
115,428,275,1057
115,428,276,1056
115,428,274,1057
115,428,274,1057
115,426,276,1056
115,426,275,1057
116,423,277,1055
116,421,277,1053
117,419,279,1052
116,423,282,1050
116,423,281,1049
116,422,281,1046
116,422,281,1045
116,419,282,1043
116,417,284,1042
116,423,283,1041
116,423,282,1040
116,422,281,1041
116,430,282,1040
116,431,278,1039
117,432,277,1040
117,430,278,1040
117,431,277,1039
117,429,278,1040
118,431,277,1041
118,433,281,1041
118,431,283,1042
118,430,280,1041
118,429,281,1042
118,428,282,1041
118,427,281,1038
118,426,281,1038
118,426,279,1036
119,426,277,1037
119,427,276,1033
119,426,276,1033
118,424,277,1032
118,424,273,1033
118,424,272,1034
117,428,272,1031
117,431,272,1030
117,433,273,1030
117,432,273,1029
117,438,274,1029
118,436,275,1028
118,436,274,1027
118,442,274,1026
118,441,274,1028
118,448,271,1028
118,446,272,1030
118,446,270,1030
118,445,271,1029
118,444,271,1030
118,444,271,1028
118,442,269,1025
118,445,268,1025
118,447,268,1025
118,445,270,1024
118,446,270,1024
118,445,271,1023
118,444,271,1022
118,442,271,1022
118,441,271,1022
118,440,270,1018
118,442,267,1017
118,442,267,1017
118,441,266,1018
118,449,267,1018
118,453,270,1018
118,459,270,1018
118,456,273,1017
118,456,273,1016
117,455,270,1017
117,464,272,1016
117,463,273,1017
118,468,273,1017
118,468,271,1013
118,463,276,1011
118,467,276,1009
118,467,277,1010
118,472,276,1009
117,471,277,1008
117,471,276,1006
117,471,275,1005
116,468,273,1004
116,468,272,1006
116,467,273,1006
116,473,272,1007
116,473,272,1005
116,472,271,1004
116,472,271,1005
116,472,272,1003
116,472,271,1006
116,470,271,1005
116,470,273,1007
116,467,274,1004
116,471,274,1004
116,471,273,1002
116,472,273,1001
117,471,274,1000
117,467,274,1000
117,465,276,997
117,464,275,998
117,464,277,997
117,468,277,994
117,470,279,993
117,473,279,994
117,480,278,995
118,477,281,994
118,474,283,995
118,474,283,992
118,473,282,992
118,477,281,991
118,477,281,986
118,476,282,985
118,475,283,985
117,474,284,984
117,472,286,985
117,475,286,983
117,481,286,982
117,487,285,983
117,486,286,983
117,485,286,982
117,481,288,982
117,479,289,982
118,479,289,982
118,478,290,983
118,476,291,983
118,476,290,982
118,476,289,982
118,476,290,982
117,484,290,981
117,488,290,979
117,486,290,975
117,486,289,974
117,484,286,974
116,486,286,973
116,485,286,970
117,484,285,965
117,483,284,965
117,483,287,966
116,482,287,965
116,484,286,964
116,485,284,962
116,483,286,963
116,482,287,962
116,481,288,960
116,481,286,961
116,480,286,960
116,480,286,960
116,478,286,959
116,476,287,959
116,480,289,958
116,480,289,954
116,480,287,953
115,479,286,952
115,490,287,951
115,489,288,948
115,488,289,949
115,488,287,949
114,486,289,950
114,485,287,949
114,481,290,949
114,481,289,949
114,479,289,948
114,478,289,948
113,480,289,948
114,478,290,944
114,478,290,944
114,484,291,942
114,488,291,941
114,492,291,942
114,492,290,943
113,490,289,941
113,490,288,942
113,489,289,941
113,488,290,943
114,491,289,944
114,490,289,944
115,488,289,941
114,487,290,940
115,485,291,938
115,485,289,937
115,481,290,937
116,488,289,938
116,492,288,935
116,490,288,934
116,492,288,934
116,490,290,932
116,489,291,931
116,500,289,930
116,498,291,931
115,498,292,932
115,497,293,931
115,500,292,931
115,507,290,931
115,506,291,931
115,506,291,929
115,505,290,929
115,504,289,928
115,504,289,926
115,502,289,927
115,499,291,926
115,505,290,925
115,503,292,925
115,501,294,925
115,499,296,924
115,495,299,922
115,494,296,922
115,496,295,920
115,496,293,921
115,496,293,921
115,494,293,921
115,504,292,921
115,510,290,921
115,511,291,922
115,508,293,922
115,504,296,920
115,503,294,921
116,501,295,920
116,505,297,918
116,501,299,918
116,503,299,916
116,503,296,917
116,503,294,916
116,512,294,915
116,514,295,914
116,510,299,913
116,508,301,913
117,508,304,914
118,508,304,915
119,507,303,917
119,509,301,918
119,509,300,915
119,508,301,910
119,505,303,910
119,505,306,910
118,503,307,910
118,503,305,909
118,502,305,912
118,502,304,912
118,500,304,911
118,500,304,910
118,499,304,909
118,497,306,909
117,497,306,908
117,495,308,908
117,495,308,908
117,500,306,909
117,498,305,909
117,496,305,907
117,500,305,907
117,500,305,905
117,500,305,904
117,499,306,902
117,499,303,899
117,499,302,899
117,497,304,897
117,505,305,893
117,504,305,894
117,502,306,894
116,499,308,894
116,499,306,892
116,499,305,890
116,496,308,889
116,500,310,888
116,499,310,886
116,498,311,886
116,497,312,886
116,495,314,887
116,493,312,885
116,492,313,885
116,491,314,883
116,497,312,882
117,493,314,881
116,493,314,882
116,497,314,883
116,503,313,884
116,506,313,883
116,510,311,883
116,511,311,882
116,511,311,883
115,509,313,884
115,506,316,885
115,508,314,883
115,513,314,882
115,512,315,883
115,511,314,883
115,512,317,885
115,511,318,886
115,511,318,886
115,511,322,887
115,516,322,887
115,515,321,887
115,522,320,888
115,521,320,886
115,521,320,886
115,520,320,885
115,517,324,885
115,528,324,884
115,527,325,884
116,532,326,882
116,532,325,880
115,531,324,879
115,530,325,879
115,530,324,876
115,532,324,875
115,530,325,876
115,530,324,875
116,530,323,874
116,540,326,875
116,542,324,875
116,549,322,874
115,549,321,875
115,554,318,873
115,553,320,873
115,551,322,872
115,554,322,871
113,557,320,869
112,556,319,867
112,559,320,864
112,556,321,866
112,557,320,864
112,556,320,863
112,554,319,861
112,555,321,863
112,554,321,860
111,554,321,860
111,560,320,860
111,557,323,860
111,559,322,859
111,561,325,858
111,560,325,855
111,566,325,853
111,566,324,853
111,569,322,852
110,569,321,849
110,572,321,848
109,572,320,847
109,569,323,847
109,567,325,844
109,571,327,844
109,569,326,843
109,568,327,841
109,571,327,841
109,574,327,841
109,582,325,839
109,582,323,839
109,592,322,836
109,589,325,838
109,587,323,837
108,585,324,835
108,591,324,834
108,589,324,830
109,594,325,829
109,598,325,829
109,597,325,828
109,597,323,828
109,595,325,826
109,594,325,825
109,598,322,824
109,603,323,823
109,608,322,822
109,606,323,818
109,606,322,816
109,602,326,816
109,599,328,815
109,598,328,814
110,597,326,814
110,597,325,812
111,595,327,815
111,596,327,814
111,592,330,813
111,590,330,813
111,589,330,812
111,584,334,810
112,582,334,810
112,588,334,808
113,588,334,807
113,587,334,806
113,591,333,807
113,588,335,806
113,593,334,805
113,594,333,803
113,601,332,802
113,599,334,802
113,602,334,799
113,603,335,797
113,601,337,796
112,598,340,795
112,598,339,794
112,597,339,793
112,595,341,791
113,593,343,791
113,592,342,789
113,592,343,787
113,590,344,787
113,596,342,788
113,593,344,789
113,593,343,789
113,592,342,789
113,590,344,785
112,587,346,784
112,586,346,783
112,594,346,785
112,594,345,783
111,591,348,782
111,591,347,780
111,588,348,778
111,588,348,774
110,585,350,772
110,591,350,770
110,596,350,770
110,596,349,767
110,594,350,766
110,593,349,763
109,592,350,763
110,590,351,762
110,590,354,762
110,589,355,761
110,593,352,761
110,595,355,760
110,596,355,760
110,594,355,761
110,594,354,761
110,594,349,759
110,592,350,760
109,590,352,760
109,590,352,759
109,588,353,759
109,588,352,758
110,592,353,758
110,592,353,757
109,591,354,758
109,593,352,757
109,587,357,758
109,589,357,753
109,592,359,750
109,592,358,749
109,590,357,747
108,590,357,745
108,588,358,742
108,587,359,741
108,586,360,743
108,587,364,744
108,586,364,742
108,586,362,740
109,592,361,739
109,591,362,737
109,588,364,737
109,600,364,737
109,597,367,737
109,595,366,736
109,593,365,735
109,591,366,736
109,590,366,735
109,588,368,734
109,588,368,733
109,594,368,731
109,602,368,731
109,604,368,729
109,603,369,728
109,602,370,726
109,602,370,723
108,598,374,723
108,598,372,720
108,598,371,720
108,597,372,717
108,596,372,713
108,593,374,711
108,595,376,711
108,604,377,710
108,612,376,710
109,611,376,711
108,613,374,710
108,612,374,708
109,607,378,707
109,610,381,707
109,608,380,705
109,605,383,706
109,601,383,706
109,602,382,706
109,598,386,706
109,597,386,706
109,596,386,703
109,595,385,702
109,594,385,701
109,598,388,700
109,597,389,697
109,596,389,697
109,594,390,695
109,601,386,695
108,599,387,694
108,605,385,693
108,608,384,691
108,608,381,691
108,605,384,691
108,604,382,691
108,603,382,692
108,605,380,692
108,604,381,691
108,614,381,689
108,613,380,688
108,621,380,686
109,616,382,684
108,622,382,685
108,625,385,685
108,625,388,683
108,626,388,683
108,629,386,683
108,628,387,682
106,626,389,682
106,625,389,680
106,629,388,680
106,627,390,679
106,630,385,678
106,628,387,675
107,628,385,671
107,632,384,670
107,633,386,671
107,635,388,671
107,642,389,670
107,642,388,667
107,655,386,669
107,654,387,669
107,652,388,670
107,653,386,669
107,653,385,667
107,654,386,667
107,654,385,666
107,659,385,666
107,656,387,664
107,656,384,664
107,658,386,665
107,660,388,665
107,657,390,666
106,667,388,664
106,673,390,664
106,676,387,664
107,683,385,662
108,678,389,660
108,675,390,660
108,673,392,661
108,670,393,657
108,672,394,658
106,675,396,655
106,674,395,652
106,679,395,651
106,682,399,649
106,684,398,649
106,683,396,648
106,682,395,646
106,680,395,642
106,685,397,640
106,687,398,640
106,688,399,640
107,692,398,639
107,699,401,637
107,699,401,637
107,702,400,637
107,698,402,636
107,697,403,633
107,700,402,630
107,698,404,626
107,700,404,628
107,704,403,622
107,702,405,621
107,697,406,622
107,698,406,623
107,699,407,622
107,697,408,622
107,716,411,620
107,716,414,619
107,713,416,617
107,710,416,614
107,706,419,613
107,705,418,612
107,704,419,611
107,702,421,612
107,701,419,612
107,698,420,613
107,701,420,610
107,699,421,608
107,698,422,606
107,697,422,605
107,697,422,604
107,703,421,604
106,701,423,602
106,702,423,603
106,701,422,602
106,707,421,602
106,706,420,599
106,712,420,598
106,711,420,598
106,712,419,599
106,718,420,596
106,726,422,594
106,723,424,593
105,736,427,594
105,735,428,593
105,737,427,592
105,737,428,590
105,734,430,591
105,740,427,593
105,734,433,591
106,731,434,590
106,733,435,588
105,730,437,588
105,729,439,588
105,726,442,586
105,724,448,583
105,726,449,579
105,726,446,577
105,731,446,576
105,738,449,575
105,740,450,574
105,739,451,573
106,731,459,574
107,728,459,573
107,724,462,572
107,719,465,572
107,718,464,571
107,721,466,570
107,715,470,569
107,709,475,569
107,709,472,567
107,707,474,564
107,707,474,563
107,704,474,563
107,701,475,564
107,697,477,564
107,692,480,564
107,691,478,563
107,689,480,561
107,686,483,562
107,686,484,559
107,687,488,557
107,683,490,556
108,678,494,553
108,676,493,553
107,674,493,553
106,685,493,551
106,683,493,552
106,679,496,549
106,681,495,548
106,679,493,549
106,677,492,550
105,678,492,550
105,678,492,551
105,677,492,552
105,674,491,550
105,673,493,549
105,672,495,549
105,678,497,548
106,675,498,546
106,673,500,546
106,672,499,546
105,669,500,546
105,666,503,544
105,664,503,542
105,664,500,539
105,661,503,539
105,662,504,538
105,667,505,537
105,666,507,537
105,669,506,538
105,669,504,538
105,666,505,538
105,664,507,538
105,663,508,536
105,662,509,533
105,660,509,531
105,665,510,530
105,664,510,531
105,664,509,529
105,664,508,527
105,662,508,527
106,661,508,527
106,660,506,527
105,657,508,527
105,653,509,527
105,650,512,526
105,646,515,526
105,645,515,526
105,648,512,525
105,645,512,525
104,642,515,526
104,638,517,525
104,637,514,525
104,637,511,524
104,640,509,523
103,637,510,523
103,638,508,523
103,638,507,522
103,638,506,521
104,637,505,521
104,635,504,520
105,633,502,519
105,635,504,518
105,635,502,519
104,640,502,518
104,642,504,517
104,639,506,517
105,633,511,517
105,635,512,515
105,636,511,513
105,636,509,513
105,636,512,513
105,634,514,510
105,637,514,506
105,634,517,507
105,640,513,506
105,638,515,506
105,638,515,504
105,645,511,503
105,660,510,503
105,664,511,503
105,662,513,503
103,667,512,500
102,664,515,499
102,665,514,498
102,659,516,497
102,659,517,497
102,656,519,496
102,654,520,496
101,655,520,496
101,655,518,496
101,655,517,498
100,653,518,498
100,652,515,498
101,649,517,494
101,660,515,492
101,660,514,490
101,658,515,491
101,655,515,490
101,650,519,490
102,647,521,489
102,646,522,486
102,645,523,485
102,649,523,483
102,648,522,483
102,652,525,482
102,651,524,481
101,652,529,482
101,669,527,482
101,668,528,482
101,677,528,482
101,681,529,483
101,687,533,482
101,682,537,480
101,692,536,479
101,691,536,478
101,686,538,477
101,686,540,477
101,685,540,478
101,684,540,477
101,686,540,477
101,690,542,478
101,691,545,474
101,689,545,474
100,685,547,474
100,693,546,472
100,702,547,472
101,698,546,470
102,692,549,469
102,689,551,468
102,692,551,469
102,690,552,470
102,693,552,472
102,696,555,470
102,693,554,470
102,689,559,468
102,692,559,467
102,689,562,467
102,699,562,466
102,697,561,465
102,695,562,464
103,692,564,464
103,689,566,463
103,695,567,461
103,693,566,462
103,690,568,459
103,688,569,456
103,693,568,457
103,691,570,456
103,690,569,455
103,688,568,453
103,686,570,453
103,681,572,449
103,682,573,446
103,683,574,445
103,690,571,445
103,688,570,441
103,682,573,439
103,679,574,439
103,679,576,439
103,689,574,439
103,698,573,439
102,704,574,437
102,714,575,438
102,717,576,436
101,717,579,435
100,714,580,434
100,714,577,433
100,715,579,433
100,710,581,429
100,709,578,429
100,720,577,425
100,714,580,424
100,718,578,423
100,715,582,420
100,721,583,417
100,717,585,417
100,721,586,416
100,720,586,412
100,718,585,411
100,717,584,410
100,715,585,410
100,712,586,410
100,710,586,411
99,709,585,407
99,712,587,406
100,709,588,406
100,708,587,404
100,712,588,404
100,712,591,405
100,711,587,406
100,709,590,404
100,709,589,403
100,711,589,402
100,715,586,401
100,715,586,399
101,714,585,398
101,711,588,398
101,710,588,398
101,707,591,396
101,708,591,392
101,707,592,393
101,705,589,392
101,709,588,390
101,708,588,388
101,719,585,387
101,718,583,387
101,717,580,386
101,721,582,387
101,720,581,384
102,725,579,383
102,729,580,382
101,726,582,382
102,724,580,382
102,722,580,381
102,726,581,380
102,723,583,380
102,726,582,376
102,725,583,375
102,724,583,375
102,724,583,374
103,741,584,375
103,742,583,372
103,745,579,372
104,746,581,372
104,742,580,372
104,738,581,370
104,740,582,369
104,739,582,368
104,735,583,367
104,734,583,365
104,732,583,365
104,728,583,364
104,725,582,363
103,723,585,362
103,721,586,362
103,717,588,361
103,720,588,362
103,716,590,360
103,724,592,361
103,728,591,361
103,728,588,362
103,726,590,362
103,728,590,360
103,728,587,360
102,726,587,358
102,723,586,357
102,721,586,358
102,727,585,357
102,721,589,357
102,719,588,356
102,716,590,355
102,715,589,354
102,722,592,356
102,731,592,353
102,727,595,350
102,726,594,350
101,725,593,349
102,721,595,347
103,730,594,345
103,732,597,343
103,732,593,342
103,732,597,341
103,731,595,340
103,729,596,338
103,729,593,338
103,727,592,337
103,722,596,336
104,720,597,336
104,724,597,334
104,734,595,333
104,735,599,333
104,733,599,334
104,732,594,333
104,725,600,333
104,718,601,333
104,717,598,334
104,716,601,334
105,714,602,335
105,709,604,334
105,701,610,335
105,698,611,332
106,698,610,331
106,702,611,332
106,701,609,331
106,699,609,329
106,696,608,329
106,697,609,329
106,693,613,330
106,691,613,327
106,692,613,326
106,689,610,326
106,686,608,326
107,684,609,321
107,680,612,318
107,678,607,317
108,677,606,317
108,676,606,315
108,673,605,316
107,672,606,315
107,671,606,318
107,668,609,316
107,666,607,316
107,665,606,315
107,671,605,315
107,668,605,316
106,666,605,314
107,666,605,315
107,662,608,313
107,658,609,313
107,657,610,312
107,655,609,312
107,653,611,311
107,651,613,313
107,649,614,311
107,647,614,310
107,651,615,308
107,656,615,309
106,656,614,309
106,651,615,309
106,651,615,309
106,644,618,308
106,642,619,307
106,643,618,306
106,643,613,306
106,641,617,306
106,639,618,307
106,640,617,306
106,638,618,306
106,637,617,305
106,640,619,305
106,642,621,307
106,642,618,305
106,641,621,302
106,637,623,302
106,631,627,302
105,646,629,301
105,642,632,301
104,640,634,301
104,637,633,301
105,636,631,300
105,633,632,301
105,633,630,302
105,634,632,301
105,629,635,301
105,622,639,300
105,622,639,298
105,617,641,299
105,614,640,298
106,612,641,299
106,611,641,298
106,613,647,297
106,611,646,296
106,607,649,296
106,606,649,294
105,615,651,295
105,614,654,296
105,617,650,295
105,613,650,294
105,613,648,293
105,616,646,293
104,613,645,293
104,612,644,292
104,609,645,292
104,610,644,290
104,610,642,289
104,606,643,289
104,606,643,290
105,601,642,291
105,600,640,292
107,604,639,293
106,608,639,292
106,608,638,293
106,617,638,292
106,630,636,292
106,627,638,292
106,630,640,291
106,637,641,292
105,632,647,292
105,632,654,291
105,640,653,290
105,634,657,290
105,638,657,290
105,637,657,290
105,636,660,291
105,642,657,292
105,640,654,290
105,639,654,289
105,636,655,288
105,630,660,288
105,629,661,287
105,625,662,286
105,622,662,286
105,620,664,287
106,620,664,286
106,632,662,285
106,632,660,284
106,638,659,285
106,648,656,285
106,644,657,285
105,642,656,285
105,641,649,285
103,640,648,287
103,640,649,287
103,645,645,288
103,640,643,288
103,641,646,287
103,641,644,286
103,635,650,286
103,625,657,285
103,630,656,287
103,634,655,287
103,636,653,287
103,637,653,287
103,639,652,287
103,647,653,285
103,646,654,285
103,645,651,283
103,644,650,283
103,640,652,284
103,649,653,283
103,647,654,282
103,652,653,281
103,658,649,281
103,657,649,279
104,654,649,278
104,650,652,277
104,648,652,276
104,645,654,276
104,644,652,275
104,642,652,274
104,643,653,273
104,649,652,270
104,653,653,269
104,658,651,269
104,658,650,269
104,658,648,269
104,657,649,269
102,661,650,269
102,657,651,269
102,656,648,269
102,653,648,267
102,651,648,267
102,652,644,268
102,650,646,268
102,649,646,267
102,653,647,270
102,658,647,270
102,662,644,268
102,665,645,268
103,672,642,267
103,666,646,266
102,665,648,265
102,663,645,265
102,667,648,266
103,673,650,266
103,672,650,268
103,669,651,265
103,671,648,266
103,668,647,268
104,666,646,268
104,669,645,268
104,666,647,268
104,668,645,267
104,663,647,268
104,658,651,268
104,659,651,269
104,655,655,269
104,653,654,269
103,650,653,269
103,649,653,267
103,645,656,266
103,643,654,265
103,641,653,267
103,649,652,265
103,645,654,265
103,644,651,265
103,642,652,265
103,641,652,265
103,639,652,266
103,644,650,266
103,649,647,267
104,649,652,268
104,647,652,269
104,642,652,268
105,645,652,270
106,643,650,270
106,642,650,270
106,641,650,269
106,647,650,268
106,645,649,268
106,643,649,267
106,645,646,266
106,642,649,266
106,642,648,264
106,640,645,264
106,640,644,262
106,636,647,263
106,639,650,262
106,637,649,261
106,636,648,262
106,636,645,262
106,631,648,262
106,628,648,262
106,628,642,262
106,630,639,261
106,633,639,261
106,631,641,263
105,631,640,262
105,629,639,262
105,632,639,261
105,630,640,262
105,634,637,262
106,633,635,260
106,630,637,259
107,631,639,261
107,635,638,261
107,632,639,262
107,631,637,262
107,628,638,262
107,625,639,263
107,624,640,263
107,623,638,262
107,625,635,263
107,631,636,263
107,623,640,262
107,621,646,262
107,619,645,262
107,615,646,263
107,612,647,264
107,607,650,266
107,603,651,265
107,597,655,264
107,595,654,264
107,591,655,263
107,589,656,263
107,586,657,263
107,584,656,262
107,580,659,263
107,587,656,262
107,585,654,262
107,583,654,261
107,580,655,259
107,578,654,259
107,578,656,258
107,579,653,258
107,579,648,257
108,588,649,255
108,585,647,256
108,584,646,255
108,584,647,255
108,595,645,255
108,599,643,255
108,597,643,255
108,596,641,255
108,594,642,254
108,594,638,254
108,593,637,253
108,590,639,254
108,588,638,254
108,591,638,253
108,589,637,253
108,593,638,253
108,592,636,252
108,590,637,251
108,588,637,252
108,586,636,253
108,590,631,254
108,586,635,251
108,581,639,250
108,581,639,250
108,583,639,250
108,583,637,250
108,591,639,249
108,589,640,249
108,585,640,249
108,579,640,250
108,592,640,251
108,589,642,251
109,587,643,251
109,590,644,252
109,588,645,253
109,584,644,254
109,581,644,254
109,579,645,256
109,575,649,261
109,577,646,261
109,574,648,261
109,573,645,262
108,572,646,264
108,567,653,264
108,566,654,264
109,565,654,264
109,564,654,265
109,559,656,265
109,558,653,265
109,553,656,265
109,551,657,264
109,550,655,265
109,548,653,265
110,544,653,265
110,542,652,264
110,540,652,264
110,535,654,266
110,533,653,266
110,530,654,266
110,529,651,267
110,527,652,268
110,525,653,268
110,526,653,268
110,523,654,269
111,521,654,273
111,520,652,273
111,515,654,272
111,514,653,272
111,511,654,272
111,508,654,272
111,508,656,271
111,508,653,272
111,512,654,273
111,518,649,273
111,515,648,272
112,515,648,273
112,512,645,273
112,515,648,273
112,514,644,273
112,512,643,271
112,511,643,271
112,513,647,273
112,517,646,273
112,519,644,273
111,518,643,272
111,515,642,271
111,527,641,268
111,528,642,268
111,526,641,268
111,527,640,268
111,525,638,269
111,520,642,271
111,519,641,272
111,529,641,269
111,526,641,270
111,538,642,271
111,536,643,273
111,534,643,273
111,532,642,273
111,527,646,272
111,524,648,274
111,524,646,273
111,522,645,274
111,520,644,275
111,518,645,276
110,514,646,276
110,511,643,274
110,511,640,273
110,509,638,272
110,506,640,273
110,504,638,273
111,500,639,274
111,498,635,273
111,497,634,272
111,495,635,272
111,500,635,272
111,502,635,272
111,501,633,272
111,500,634,273
111,498,635,276
111,502,636,275
111,500,635,275
111,497,636,275
111,494,636,275
111,490,638,276
111,493,641,278
111,491,642,278
111,491,641,280
111,491,640,279
111,499,638,279
111,507,637,280
111,505,637,281
111,518,635,281
111,517,636,281
111,514,637,281
111,517,636,282
111,514,635,281
110,515,635,282
110,511,634,282
110,509,634,283
110,504,637,283
110,503,638,283
110,501,638,284
110,502,640,285
110,501,636,284
110,499,634,286
109,494,633,286
109,497,633,287
109,494,631,288
109,493,629,290
109,499,633,291
110,499,631,291
111,499,629,292
112,496,630,292
113,496,630,294
113,494,629,294
113,494,628,294
113,497,623,294
113,493,623,295
112,490,626,296
111,489,625,295
111,487,626,296
111,486,629,295
112,489,629,295
112,492,631,295
112,501,629,294
112,498,630,293
113,498,629,293
113,501,629,293
113,500,629,294
113,498,631,293
113,494,632,295
113,491,633,297
113,490,631,297
113,490,628,297
113,489,627,297
113,484,633,296
113,488,634,297
113,484,637,298
113,484,637,298
113,488,636,297
113,494,634,297
113,498,632,297
113,497,630,295
113,499,628,295
113,501,627,294
113,499,625,292
113,498,625,292
113,501,623,292
113,499,622,291
113,497,622,289
113,495,623,290
113,497,622,289
113,493,621,289
113,491,621,288
113,490,621,289
113,493,617,289
113,492,616,289
113,491,615,287
113,498,612,289
113,495,613,289
113,500,611,287
113,512,605,289
113,511,605,289
113,517,604,287
113,514,601,288
113,518,602,288
113,518,606,288
113,516,603,289
113,523,601,289
113,526,602,289
113,522,604,289
114,518,606,290
114,523,607,290
114,518,610,289
114,516,610,290
114,512,608,289
114,512,605,289
114,511,601,288
114,505,606,289
114,511,605,290
114,510,603,290
114,507,605,289
114,507,605,289
114,507,604,290
114,506,604,291
114,506,601,292
114,502,604,292
114,502,602,294
113,500,600,295
113,498,601,296
113,497,602,296
114,499,601,295
115,504,600,298
115,505,600,297
116,500,602,297
116,498,597,298
116,501,597,297
115,500,597,298
115,500,594,299
115,499,592,298
115,495,592,297
115,492,593,296
115,490,591,296
115,487,591,294
116,484,590,291
116,483,590,288
116,480,592,288
116,479,593,287
116,474,596,290
116,474,594,291
116,473,593,292
116,477,592,291
116,472,596,292
116,471,596,291
116,470,595,291
116,469,594,290
116,471,593,291
116,471,592,291
115,473,589,292
115,473,588,293
116,472,587,292
116,471,586,294
116,478,583,293
115,476,582,292
115,475,583,293
115,473,583,293
115,473,583,293
115,472,583,291
116,471,582,291
116,471,579,291
116,471,579,291
116,470,580,292
116,467,582,292
115,465,581,292
115,464,579,291
115,462,577,291
115,461,575,291
115,459,575,291
115,459,575,292
115,457,575,292
115,463,573,292
114,462,569,290
114,461,566,289
114,479,567,289
114,476,568,289
114,475,566,289
114,473,568,290
114,468,573,289
114,467,573,288
114,466,573,287
114,464,573,286
114,461,574,286
114,459,575,287
113,459,573,287
112,459,572,286
112,458,569,287
113,458,569,287
113,458,566,286
113,458,567,286
113,456,568,286
113,456,568,286
113,456,565,286
113,458,565,286
114,457,566,286
114,455,564,287
114,455,559,286
114,454,559,286
114,453,559,286
114,448,561,286
114,446,561,285
114,444,559,285
114,442,559,287
114,441,560,288
114,446,560,288
115,450,556,290
116,449,554,291
116,446,555,291
117,452,553,292
116,451,553,292
116,450,549,292
115,448,550,292
115,447,549,293
115,447,549,293
115,445,550,293
115,444,549,293
115,443,548,293
114,442,547,293
114,440,547,295
114,442,547,295
114,441,547,294
114,440,548,292
114,441,547,291
114,441,547,291
114,439,548,291
114,439,550,290
114,438,551,292
114,436,553,293
114,439,551,293
114,441,547,293
114,450,548,293
114,447,549,293
114,446,548,293
115,447,548,292
115,446,547,293
115,452,546,294
115,458,546,294
115,457,546,293
115,454,545,293
115,453,544,294
115,450,544,294
115,448,544,294
115,452,543,294
115,451,541,294
115,451,539,294
115,447,538,292
115,447,538,293
115,445,535,295
115,445,535,294
115,442,533,294
115,439,535,295
115,438,534,293
115,433,537,293
115,429,539,291
115,435,539,290
115,437,540,290
115,436,539,289
115,435,537,289
115,435,535,289
115,435,537,289
115,432,537,289
115,429,539,289
115,427,540,289
115,423,543,289
115,420,543,289
115,419,542,289
115,418,542,289
115,416,541,289
115,418,542,290
115,417,542,291
115,417,539,290
115,415,540,290
116,414,540,290
116,414,540,289
116,419,540,290
116,416,542,293
116,421,541,293
116,421,539,294
116,420,538,294
117,418,538,293
118,416,538,293
118,415,537,293
119,412,540,294
119,412,537,295
119,411,535,295
119,414,536,295
119,413,535,296
119,411,537,296
119,414,535,296
119,412,534,297
120,413,533,297
119,412,531,297
119,411,529,297
119,409,526,298
119,413,527,298
119,416,526,298
119,419,526,298
119,420,526,300
119,419,525,300
119,425,522,300
119,428,522,300
119,430,523,298
119,428,524,299
119,427,523,299
119,426,521,300
120,423,522,299
120,426,520,298
120,434,518,297
120,432,518,296
120,432,516,295
120,430,518,294
120,429,518,294
121,428,518,295
121,424,520,295
121,422,519,295
121,421,520,295
121,421,518,295
121,419,519,293
121,421,518,293
121,419,519,294
121,419,515,295
120,417,514,295
120,417,512,296
120,416,512,297
120,420,512,297
120,427,514,296
120,425,513,294
120,422,514,296
121,418,517,295
121,416,518,296
121,415,515,297
121,413,514,297
121,415,512,297
121,416,510,297
121,413,511,297
121,413,506,297
121,417,507,297
122,427,508,296
122,427,507,297
122,437,508,298
123,437,506,297
123,441,504,299
122,441,501,300
122,447,497,300
122,444,499,299
122,443,499,299
122,442,498,299
122,441,497,298
122,440,495,299
122,438,496,299
122,437,495,301
122,436,495,301
122,435,495,301
122,432,498,300
122,429,499,300
122,428,500,300
122,428,498,300
122,427,496,299
122,426,496,299
122,427,495,298
122,429,494,297
122,426,491,297
122,423,493,297
122,425,491,297
122,425,487,298
121,425,484,298
121,422,487,299
121,422,484,300
121,419,484,301
121,419,479,302
122,422,478,301
124,420,480,303
124,419,480,303
124,419,479,304
125,417,480,305
125,416,486,305
125,420,485,306
125,424,485,309
125,423,484,309
125,424,488,310
125,421,490,310
125,421,492,311
125,420,493,312
125,427,492,310
125,431,490,311
125,428,491,311
125,425,490,310
126,429,488,309
126,427,489,310
126,424,491,310
126,426,490,312
126,426,488,311
126,424,489,310
126,423,487,311
126,420,491,311
126,420,488,313
126,419,488,314
126,416,488,314
126,415,489,312
126,413,489,312
126,411,489,311
127,410,490,311
127,409,489,311
127,409,488,310
127,409,482,310
127,407,480,307
127,406,480,308
127,404,478,308
127,400,480,309
127,398,477,309
127,397,477,312
127,396,478,313
127,395,475,312
127,391,477,312
127,389,476,312
127,387,478,312
127,386,478,312
127,384,478,312
127,384,478,312
127,383,476,312
127,382,475,312
127,383,478,312
127,382,477,311
127,378,481,311
127,376,482,313
127,375,481,314
127,370,482,315
127,369,481,316
127,373,481,316
127,372,481,316
127,370,482,316
127,369,480,316
126,377,479,317
126,376,479,315
126,373,479,315
125,373,476,316
125,379,477,316
125,378,477,315
125,377,477,316
125,377,474,317
125,377,473,316
125,381,474,316
125,381,474,316
125,380,475,316
125,378,476,317
125,378,475,318
124,378,475,318
124,377,475,318
124,377,472,317
124,381,473,318
124,379,471,318
124,383,472,317
124,380,473,317
124,379,473,316
125,378,473,314
125,378,470,314
125,376,470,315
125,373,472,316
125,373,472,315
125,372,471,315
125,369,472,316
125,369,469,316
125,366,470,316
125,366,470,316
125,371,468,315
125,370,468,314
125,369,467,313
125,370,469,313
125,368,470,314
125,367,468,314
125,367,468,315
125,366,467,315
125,365,467,315
125,365,463,316
125,364,460,317
125,362,458,317
125,362,456,317
125,362,456,318
125,359,454,318
125,357,455,317
125,355,456,315
125,357,454,316
125,356,454,316
125,354,453,317
126,357,453,318
126,361,453,319
126,361,450,318
127,368,449,318
127,367,448,318
127,369,448,319
127,367,445,319
127,365,443,319
127,368,444,319
127,367,443,319
127,366,442,320
127,365,443,322
127,368,441,322
127,366,442,322
127,365,442,322
127,363,444,322
127,358,449,322
127,355,451,323
127,353,451,323
128,356,450,324
128,355,450,324
128,355,447,326
128,360,447,327
128,364,446,327
128,361,447,328
128,360,448,329
128,358,446,331
128,357,445,332
128,356,445,334
128,358,444,335
128,362,443,335
128,359,444,335
128,362,445,334
128,361,444,334
128,358,444,334
128,357,444,335
128,354,446,335
128,354,443,334
128,352,443,336
128,354,444,336
128,352,446,336
128,351,445,336
128,350,445,337
128,350,445,336
127,348,448,336
127,352,450,335
126,353,450,335
126,352,449,335
126,352,447,335
126,352,446,336
126,351,447,337
126,349,446,338
127,348,447,338
127,353,442,338
129,352,443,338
129,355,443,337
129,352,445,337
129,349,447,340
129,352,449,340
130,350,448,340
130,347,450,340
130,353,450,340
131,352,448,339
131,352,447,338
131,358,446,339
131,354,445,340
131,353,444,342
131,355,445,343
131,362,443,343
131,360,443,344
131,359,444,345
131,358,441,345
131,357,442,346
131,357,439,345
132,361,436,348
132,360,435,349
132,359,434,349
132,362,435,350
133,361,436,352
133,360,434,351
134,359,433,351
134,360,435,353
134,359,436,355
133,358,434,358
134,356,432,360
134,354,434,360
134,361,432,359
135,361,431,360
135,358,434,360
135,358,432,360
135,357,432,360
135,355,433,359
135,354,430,359
135,354,433,358
135,352,433,357
135,351,430,357
135,346,432,357
135,343,435,356
135,342,435,355
135,342,435,355
135,342,432,357
135,342,431,357
135,340,433,358
135,339,433,358
135,339,430,357
135,339,430,358
135,345,431,358
136,344,428,360
136,343,429,363
136,341,433,364
136,340,434,364
137,340,431,364
137,335,435,364
138,332,438,364
138,331,439,364
138,330,436,364
138,328,436,364
138,327,436,363
138,326,437,366
138,326,436,366
138,326,435,366
138,331,436,367
138,329,438,366
138,329,437,366
138,329,435,369
139,326,438,368
139,322,439,368
140,321,438,369
140,320,438,368
140,317,439,370
140,316,439,371
140,315,441,375
140,314,442,376
140,314,439,376
140,312,439,376
140,312,438,376
141,312,438,376
141,311,439,376
141,310,439,377
141,310,436,379
141,315,437,378
142,315,436,377
142,314,435,379
142,311,436,379
142,311,435,381
142,310,435,383
142,306,436,384
142,308,435,384
142,315,435,386
142,313,435,388
142,311,437,389
142,315,435,388
142,313,433,389
142,313,430,390
143,313,428,390
143,309,431,391
142,306,430,392
142,306,428,394
142,306,426,394
142,305,427,394
142,304,426,394
142,303,425,394
142,302,423,399
142,301,425,399
143,300,424,400
143,299,419,401
144,302,420,403
145,297,422,403
145,295,423,404
147,293,423,405
147,291,423,406
148,290,422,406
148,290,421,406
148,289,420,405
149,289,421,405
149,287,423,408
149,286,423,409
149,285,424,410
150,284,422,411
150,281,424,410
150,281,423,411
150,281,422,413
150,282,419,414
150,281,416,413
150,281,413,414
150,279,414,414
150,280,414,414
150,280,411,416
150,280,408,416
150,280,405,418
150,282,403,421
150,278,407,422
150,282,405,422
150,276,408,422
150,274,407,424
150,275,407,425
150,275,406,425
150,273,408,425
150,271,410,427
150,269,409,427
151,268,410,427
151,267,410,430
151,267,408,430
151,268,408,433
151,267,408,432
151,272,406,432
151,271,406,434
151,270,405,436
151,268,407,436
151,266,409,437
151,264,411,438
151,263,410,438
151,262,408,438
151,259,408,437
150,264,407,437
150,264,403,437
151,263,401,438
151,262,401,440
152,262,398,441
153,262,394,442
153,262,393,443
153,260,394,444
153,259,392,446
153,259,392,447
153,258,392,447
153,258,391,448
153,258,388,449
154,258,388,449
155,256,389,450
155,255,387,451
155,253,389,451
155,252,390,451
155,249,391,454
155,248,391,456
155,245,391,457
155,243,393,459
155,242,393,459
155,240,393,459
155,240,392,458
155,239,393,460
155,238,394,461
155,237,393,460
155,237,393,461
155,236,392,462
155,236,392,464
155,235,391,465
155,233,392,466
156,231,388,468
156,230,386,468
156,230,385,469
156,230,385,470
156,228,387,473
156,227,387,474
156,226,386,474
156,226,387,476
156,226,385,476
156,226,385,477
156,222,389,478
156,222,384,479
156,222,383,479
156,222,382,481
156,222,381,481
156,222,382,482
156,219,385,484
156,218,384,486
156,217,383,486
156,216,381,486
156,216,379,487
156,213,379,487
156,214,380,487
156,213,381,488
156,213,379,488
156,213,379,490
156,212,379,492
156,209,380,491
156,209,379,493
156,209,379,494
156,216,378,495
156,216,378,495
156,216,374,496
156,215,374,497
156,214,373,499
156,213,372,500
156,213,372,500
156,220,371,501
156,220,371,501
156,219,372,502
156,219,371,502
156,218,372,502
156,217,371,505
156,216,367,507
156,215,367,508
156,215,366,506
156,214,367,509
156,214,366,511
156,222,367,512
157,221,367,513
157,219,367,515
157,218,364,515
158,223,362,516
158,220,363,517
158,218,364,517
158,224,363,519
158,233,363,520
158,233,361,520
158,233,360,523
158,231,361,525
158,231,357,526
158,234,354,528
158,239,355,528
158,239,354,529
159,239,353,531
159,249,352,532
159,249,349,534
159,247,351,536
159,246,352,537
159,246,352,537
159,243,354,537
159,243,349,536
159,243,350,538
159,243,346,539
159,242,346,541
159,245,347,543
159,239,350,544
159,239,349,544
159,238,348,544
159,237,349,545
159,239,350,547
159,238,349,548
159,237,348,551
159,237,348,552
159,237,346,552
160,237,344,552
159,237,342,554
159,238,341,556
159,238,340,559
160,238,338,559
160,244,334,560
160,244,333,560
160,244,329,559
160,243,330,559
160,241,330,560
160,240,330,559
160,240,329,559
160,238,331,560
160,235,332,561
160,234,331,562
162,233,331,562
163,232,329,562
163,231,329,562
164,231,327,562
164,230,328,563
164,229,329,562
165,230,328,563
165,229,329,564
165,229,327,566
165,229,326,567
165,229,325,569
165,227,323,570
166,226,324,572
166,225,324,572
166,225,323,573
166,225,323,574
166,224,321,576
166,224,319,578
166,221,319,578
166,221,318,579
166,221,317,580
166,220,316,580
166,218,316,582
166,219,313,584
166,219,312,585
166,219,310,585
166,219,309,586
166,219,310,587
166,219,309,589
166,219,308,589
166,218,308,589
167,217,309,589
167,217,308,589
167,217,304,591
167,217,304,593
168,214,306,595
168,221,303,594
168,221,301,595
168,219,302,594
168,222,302,593
168,221,302,593
168,221,302,593
168,219,303,593
168,218,301,592
168,218,296,595
168,222,295,595
168,222,294,595
168,219,296,594
169,217,296,594
170,216,296,595
170,216,295,597
170,215,293,599
170,215,291,599
170,218,290,599
170,218,288,599
172,218,287,599
173,217,286,600
173,216,287,600
173,216,286,600
173,216,285,601
173,216,285,603
173,216,284,603
173,215,284,604
173,214,285,605
173,212,286,607
173,211,287,607
174,209,288,608
174,208,289,608
173,210,288,608
173,210,287,609
173,210,286,612
173,210,285,612
173,209,285,613
173,208,284,614
173,204,286,613
173,202,288,614
173,201,288,614
173,199,289,615
173,199,288,617
173,198,287,617
174,195,290,616
174,195,289,620
174,195,288,621
174,195,286,622
174,192,288,622
174,192,288,622
174,192,287,621
174,191,287,625
174,191,287,625
176,190,288,625
176,189,289,626
176,188,288,628
176,187,288,629
176,186,287,631
176,186,286,631
175,186,286,636
175,186,286,635
175,186,285,635
175,185,284,636
175,184,285,637
175,184,283,637
175,187,283,638
175,187,280,640
175,185,280,641
175,181,283,641
175,184,282,642
175,184,282,645
175,182,282,646
174,181,282,647
174,181,278,648
175,181,276,649
176,181,274,649
176,181,273,651
176,175,278,653
176,173,278,655
176,173,275,658
176,173,275,658
176,171,275,658
177,171,274,657
177,171,274,659
177,171,272,658
177,171,270,661
177,171,269,662
177,168,270,663
177,167,270,664
177,167,269,666
177,167,267,668
177,164,268,672
178,164,266,674
178,164,264,677
178,163,264,677
179,162,265,678
179,161,264,678
179,160,263,681
179,160,262,683
179,159,263,684
179,159,263,685
179,159,262,687
179,158,260,688
179,158,260,689
179,157,258,690
179,156,258,691
179,156,257,692
178,156,257,694
178,155,255,697
178,155,254,699
178,155,252,699
178,162,252,700
178,162,251,700
178,162,250,701
178,159,253,702
178,158,254,703
178,157,255,704
178,157,255,704
178,156,252,704
178,156,250,706
178,156,248,707
178,156,247,706
179,155,247,707
179,154,247,710
179,156,246,711
179,156,246,715
179,155,244,716
178,154,244,717
178,153,245,718
178,152,246,718
178,152,246,718
178,151,244,718
179,151,244,719
179,154,245,720
179,152,243,720
178,152,241,721
178,150,242,721
178,149,241,723
177,148,239,723
177,148,238,725
177,148,237,725
176,148,237,725
175,148,234,725
175,148,234,727
175,148,234,729
175,147,235,729
175,147,235,729
175,147,235,728
175,147,234,729
175,147,234,731
175,147,232,733
175,146,232,736
175,146,232,736
175,145,231,738
175,148,230,739
175,148,230,741
175,148,229,743
175,148,227,744
175,148,229,748
175,148,228,747
175,147,229,750
175,147,229,751
175,145,230,751
175,146,228,753
175,146,226,753
175,145,225,754
175,143,227,755
175,142,227,755
175,141,227,756
175,144,228,757
175,144,226,759
175,145,226,758
174,144,225,758
174,144,224,759
174,144,223,763
174,144,220,767
174,144,220,769
175,144,219,771
175,144,218,772
175,144,218,773
175,144,217,774
175,144,217,775
175,143,216,777
175,142,215,777
176,142,210,776
177,142,210,778
177,144,208,780
178,144,209,780
178,144,209,779
178,144,209,778
178,144,208,779
178,143,209,781
180,144,211,782
180,144,210,783
179,144,207,783
179,142,208,785
179,141,208,787
179,141,207,787
179,141,204,788
180,139,205,789
179,139,204,789
179,141,201,790
179,141,200,790
179,141,200,790
179,141,200,792
179,141,199,794
179,141,199,795
179,141,199,797
179,140,198,797
179,140,198,797
179,139,197,798
179,139,197,798
179,139,196,798
180,138,197,799
180,138,196,800
180,137,197,800
180,142,196,804
180,142,195,804
180,142,195,804
180,142,193,804
180,145,193,805
180,144,194,806
179,143,192,808
179,143,192,809
179,140,195,810
179,142,195,810
179,142,194,810
179,141,195,812
179,141,193,813
179,140,193,813
179,140,192,814
179,140,191,815
180,145,190,815
180,144,191,816
180,151,190,816
180,151,189,817
180,151,188,820
180,151,187,820
180,150,188,822
180,152,188,823
180,152,188,824
180,151,189,827
181,150,188,828
181,149,188,828
181,146,191,831
181,144,192,835
181,143,192,836
181,142,192,837
181,142,192,837
181,142,192,839
181,142,191,839
181,142,189,838
181,142,189,838
181,141,188,840
181,140,189,843
181,139,190,843
181,139,190,846
181,139,187,847
181,139,187,849
181,138,187,850
181,138,185,851
182,138,185,853
183,136,185,853
184,136,185,853
184,135,186,854
184,134,185,855
184,134,185,856
184,134,185,858
184,134,185,859
184,133,184,862
184,133,184,863
184,131,186,864
185,134,187,865
187,134,186,867
188,133,187,867
189,132,188,867
189,130,189,869
189,130,189,871
189,129,189,873
189,128,190,874
189,128,189,872
189,128,188,873
189,127,188,874
189,126,188,877
189,126,188,877
189,126,187,877
189,126,186,879
189,126,185,879
189,126,183,880
189,126,183,881
190,126,182,881
190,125,182,885
190,124,181,885
190,121,184,888
190,120,183,892
190,118,184,896
189,118,183,898
190,118,182,897
190,117,183,900
190,116,184,900
190,114,186,901
191,112,187,903
191,112,186,906
190,111,186,906
190,111,183,909
190,110,183,911
190,110,182,911
190,110,181,911
190,110,179,913
191,109,179,914
191,109,178,918
192,107,178,918
192,107,176,918
192,107,176,918
192,106,175,917
192,106,173,921
192,106,173,922
192,106,173,924
192,106,173,928
192,105,174,928
192,107,172,930
192,106,173,932
192,106,173,932
193,106,172,935
193,104,173,936
193,104,172,936
193,104,172,940
193,104,171,944
192,104,170,944
192,104,169,947
192,104,168,948
192,104,168,948
193,103,167,950
193,104,167,952
193,103,168,953
193,103,168,953
194,103,168,955
194,103,167,957
194,108,167,958
194,108,166,959
194,107,166,962
194,107,165,965
194,111,165,966
193,111,165,968
192,110,166,971
192,109,167,972
192,109,166,971
192,109,166,972
192,108,165,973
192,107,165,975
192,107,164,979
192,107,161,980
192,106,161,985
192,105,162,985
192,105,161,986
192,105,160,987
192,105,160,988
192,105,159,991
192,105,159,992
192,105,158,994
192,104,159,994
192,103,159,1001
192,102,159,1002
192,102,158,1006
192,102,157,1005
192,101,157,1009
192,101,157,1010
192,101,156,1011
192,101,154,1014
192,100,155,1017
192,99,155,1017
192,97,156,1020
192,97,155,1019
192,97,153,1019
192,97,153,1019
192,97,152,1020
192,97,152,1020
192,96,153,1023
192,96,152,1024
192,96,152,1025
192,95,151,1027
193,95,151,1028
193,94,152,1028
193,93,153,1028
193,93,153,1029
193,93,153,1031
193,93,153,1032
193,93,152,1036
193,99,151,1035
193,98,152,1037
194,104,152,1040
194,110,152,1042
194,110,151,1043
194,109,152,1044
194,109,152,1044
194,108,152,1045
194,107,153,1045
194,107,152,1046
194,107,152,1049
194,107,150,1049
194,107,149,1052
194,107,148,1055
194,107,146,1055
194,106,147,1056
194,106,147,1058
194,106,147,1060
194,106,147,1062
194,106,147,1064
194,105,150,1066
194,105,150,1065
194,104,151,1067
194,103,152,1069
194,102,152,1073
194,102,152,1076
194,102,152,1077
194,101,152,1078
194,101,152,1082
196,101,150,1080
196,101,148,1083
195,101,148,1084
195,101,148,1085
195,101,148,1085
195,101,148,1087
195,101,145,1090
195,101,144,1092
195,101,143,1095
196,101,143,1097
196,101,142,1099
196,104,140,1101
196,104,140,1106
197,104,139,1108
197,103,139,1109
196,103,137,1109
196,102,138,1110
197,101,138,1111
196,101,135,1111
196,99,135,1112
196,99,135,1113
196,99,134,1114
196,99,131,1117
196,99,129,1119
196,99,128,1120
196,102,128,1123
197,101,129,1123
198,101,129,1125
198,104,127,1128
198,104,126,1129
199,111,126,1130
199,111,126,1132
199,111,126,1132
199,110,127,1132
199,109,127,1133
199,108,128,1134
199,108,128,1135
199,107,128,1138
199,107,128,1140
199,106,128,1142
199,105,128,1146
199,105,127,1150
199,105,127,1151
199,105,126,1153
199,105,125,1157
199,104,126,1161
199,104,126,1163
199,104,125,1164
199,104,124,1165
199,104,122,1168
199,104,122,1169
199,102,121,1172
199,102,117,1173
199,101,118,1175
201,101,118,1178
201,99,119,1178
201,98,120,1178
202,97,121,1180
202,96,122,1184
202,96,122,1190
202,95,122,1191
203,94,122,1192
203,94,121,1194
203,94,121,1193
203,94,118,1197
202,94,117,1198
203,93,117,1199
203,93,117,1202
203,92,118,1202
203,92,118,1204
203,92,118,1205
203,92,118,1207
203,92,118,1209
204,92,118,1209
204,92,117,1211
204,92,116,1213
204,92,116,1215
204,92,116,1218
204,91,117,1222
204,91,117,1223
204,91,115,1227
204,91,115,1228
205,91,115,1231
205,90,114,1231
205,90,114,1231
205,90,114,1235
205,92,112,1236
205,92,112,1238
205,91,112,1240
205,91,110,1241
205,91,109,1243
205,91,109,1248
205,91,109,1248
205,91,109,1248
205,91,107,1249
205,91,107,1250
205,90,108,1255
205,90,107,1258
206,93,106,1258
206,93,104,1261
206,93,102,1262
205,93,102,1264
205,92,102,1263
206,92,101,1264
205,92,101,1267
205,91,102,1268
206,91,101,1270
206,91,100,1273
206,91,100,1274
206,90,101,1275
206,89,102,1276
206,89,101,1278
206,88,101,1280
206,88,101,1281
206,88,100,1284
206,88,100,1285
206,88,99,1289
206,87,99,1290
206,86,100,1290
206,86,100,1293
205,86,100,1295
205,86,98,1295
205,84,99,1295
205,84,99,1298
205,83,100,1303
205,82,101,1303
205,81,102,1304
205,81,102,1307
205,81,102,1309
205,81,101,1315
205,81,101,1318
205,81,99,1321
205,81,99,1323
205,81,99,1325
206,81,99,1328
207,81,99,1330
207,83,98,1331
207,83,98,1333
207,83,98,1337
207,83,98,1336
207,82,99,1338
207,81,99,1339
207,81,97,1340
207,81,97,1340
207,81,97,1341
207,81,97,1344
207,81,97,1352
207,81,97,1354
206,81,97,1354
206,80,98,1355
206,79,99,1356
207,78,99,1357
207,78,97,1361
207,77,98,1361
208,75,100,1362
208,75,100,1362
208,73,102,1365
208,73,102,1368
208,73,101,1368
208,73,101,1369
208,73,99,1371
207,73,99,1372
207,73,99,1372
206,73,99,1373
207,73,99,1374
207,72,100,1374
207,72,99,1376
207,72,99,1377
207,72,99,1380
207,72,98,1382
206,74,98,1387
206,74,98,1388
206,74,97,1391
206,81,97,1395
206,81,96,1398
206,81,96,1398
207,81,96,1399
207,81,96,1402
207,88,96,1402
207,88,95,1406
208,88,94,1408
208,88,94,1411
208,88,93,1411
208,88,92,1411
208,88,92,1411
208,88,92,1411
208,88,92,1411
208,88,92,1413
208,88,92,1416
208,88,87,1419
208,88,86,1421
208,88,86,1422
208,88,86,1427
208,88,86,1432
209,88,85,1435
209,88,85,1437
209,88,85,1439
209,88,85,1442
209,88,85,1446
210,88,85,1446
210,88,84,1447
210,88,84,1453
210,90,83,1455
210,90,83,1456
210,89,84,1457
210,89,83,1461
210,89,83,1465
210,89,82,1467
210,89,81,1471
210,89,80,1474
210,89,80,1476
210,93,80,1480
210,93,80,1480
210,93,80,1480
210,92,80,1480
210,92,79,1481
210,92,79,1487
209,92,77,1488
209,91,77,1490
209,91,76,1490
209,91,76,1494
209,90,77,1495
209,90,76,1495
209,90,76,1496
209,90,75,1497
209,90,75,1498
209,90,74,1500
209,90,74,1500
209,90,74,1501
210,90,73,1505
210,90,73,1508
210,89,74,1510
210,89,74,1514
210,89,74,1514
210,89,74,1513
210,89,74,1516
210,89,73,1517
210,89,73,1518
210,89,73,1519
210,89,73,1520
210,88,73,1519
210,88,72,1519
210,88,72,1524
210,88,72,1525
210,88,72,1529
210,87,72,1529
210,87,72,1532
210,92,72,1534
210,92,70,1536
212,92,70,1537
213,92,70,1539
213,91,71,1541
214,91,70,1542
214,91,69,1543
214,91,69,1545
214,91,69,1547
214,90,70,1547
214,90,69,1549
215,90,68,1553
215,90,68,1555
215,89,69,1557
215,89,68,1558
215,89,68,1561
215,89,67,1564
215,89,67,1565
215,88,67,1567
215,88,67,1570
215,88,67,1570
215,87,67,1569
215,87,67,1572
215,87,67,1571
216,87,67,1571
216,87,67,1576
216,87,67,1579
216,93,67,1582
216,96,66,1584
218,96,65,1584
218,96,64,1585
218,96,62,1585
218,96,62,1588
219,95,63,1590
219,95,61,1590
219,95,61,1590
219,95,60,1592
219,95,60,1593
219,94,61,1596
219,92,63,1600
219,91,64,1601
219,90,65,1604
219,90,65,1607
220,90,65,1612
220,90,65,1617
220,90,65,1617
220,90,64,1617
219,90,64,1618
219,90,64,1620
219,90,64,1624
219,90,64,1627
219,90,63,1629
219,90,63,1631
220,90,63,1632
220,90,62,1635
220,90,62,1636
220,90,62,1637
220,90,62,1641
221,90,61,1645
221,90,60,1650
221,89,60,1652
222,89,60,1656
222,89,60,1663
222,89,60,1665
222,96,60,1668
221,96,60,1670
221,96,59,1671
221,95,60,1672
221,95,60,1674
221,95,60,1676
223,96,60,1679
223,96,60,1680
223,95,60,1683
223,95,60,1684
223,95,60,1684
223,95,60,1687
223,95,60,1689
223,95,60,1691
223,95,60,1693
222,95,59,1693
222,95,59,1694
222,94,60,1694
222,93,58,1695
223,93,57,1696
223,93,56,1699
224,92,57,1702
224,92,57,1705
224,92,57,1706
224,92,56,1707
224,91,57,1707
224,91,57,1710
224,98,56,1712
224,98,56,1715
224,98,56,1719
224,98,56,1721
224,98,55,1724
224,98,54,1729
224,98,54,1731
224,98,54,1732
225,98,54,1732
225,97,55,1733
225,97,55,1735
225,97,55,1734
226,97,55,1737
226,97,54,1738
226,97,53,1739
227,97,53,1740
227,97,53,1741
227,97,53,1742
228,97,53,1744
228,97,53,1746
228,97,53,1747
228,97,52,1748
228,96,53,1749
228,96,53,1752
228,96,53,1754
228,96,53,1756
227,96,53,1760
227,96,52,1761
227,96,52,1761
227,96,52,1763
228,96,51,1764
231,96,51,1770
231,96,50,1771
231,94,52,1773
231,94,52,1772
232,94,51,1775
232,94,51,1777
232,94,51,1778
232,93,52,1781
232,93,52,1782
232,93,52,1783
232,93,51,1785
232,93,51,1785
233,92,52,1788
233,92,52,1792
233,92,51,1796
233,95,50,1796
233,95,50,1798
233,95,50,1801
234,95,50,1802
234,95,50,1803
234,95,50,1808
234,94,51,1811
234,94,49,1813
234,94,49,1814
234,94,49,1818
235,94,49,1822
235,95,49,1824
235,95,49,1826
235,95,49,1826
235,95,49,1831
235,95,49,1834
235,95,49,1838
235,95,49,1842
235,95,49,1843
236,95,49,1843
236,95,49,1845
237,95,49,1847
237,95,48,1851
237,95,47,1852
237,94,48,1854
237,94,48,1855
238,94,48,1856
238,94,48,1856
239,94,46,1859
239,93,47,1863
239,93,47,1864
239,93,45,1867
238,93,45,1873
238,93,45,1876
238,93,45,1878
238,93,45,1880
238,93,45,1881
238,93,45,1882
238,93,44,1884
238,93,44,1886
238,92,45,1890
238,91,46,1893
238,91,45,1896
238,91,43,1898
237,91,43,1898
237,90,44,1903
237,90,44,1904
237,90,44,1903
237,90,44,1903
237,90,44,1905
237,90,44,1908
237,90,44,1910
237,95,44,1911
237,100,44,1915
237,100,44,1916
237,101,44,1919
237,100,44,1923
237,99,45,1923
238,99,44,1928
238,99,44,1929
238,98,44,1930
238,98,44,1932
238,98,44,1934
238,98,44,1937
238,98,44,1936
238,98,43,1943
239,98,43,1941
240,98,43,1943
240,103,43,1945
241,103,43,1951
241,104,43,1953
241,104,42,1955
241,104,42,1955
241,104,42,1956
241,104,42,1956
241,104,42,1956
242,104,42,1955
242,108,43,1956
242,106,45,1958
242,105,46,1959
243,105,46,1961
243,105,46,1962
243,105,46,1964
244,105,46,1963
244,105,46,1965
244,105,46,1968
244,105,46,1970
244,105,46,1971
244,105,46,1972
244,105,46,1974
244,105,46,1975
244,105,45,1980
244,105,45,1983
244,105,45,1986
243,111,44,1989
243,110,45,1991
243,110,45,1993
243,110,45,1996
243,110,45,1997
243,110,45,1999
243,110,45,2001
243,110,45,2007
243,110,44,2009
243,110,44,2011
243,110,44,2015
243,110,44,2019
243,110,44,2021
243,110,44,2023
243,110,44,2025
243,110,44,2026
244,109,45,2027
244,109,45,2029
244,109,45,2035
244,109,45,2036
244,109,45,2036
244,109,45,2037
244,109,45,2037
244,111,45,2040
244,110,45,2044
245,110,45,2044
246,110,45,2049
246,110,45,2052
246,110,45,2057
246,110,45,2058
246,110,45,2059
246,110,45,2060
245,110,44,2062
245,110,44,2062
245,110,44,2064
245,110,44,2066
245,110,43,2068
245,110,43,2071
245,110,43,2075
245,110,43,2081
245,110,43,2084
245,110,43,2085
245,109,44,2085
245,108,45,2086
244,108,45,2085
244,108,45,2085
244,107,45,2086
244,107,45,2088
245,107,44,2091
245,107,43,2092
245,107,43,2093
245,107,43,2095
245,107,43,2096
245,107,43,2097
245,107,43,2099
245,107,42,2101
245,106,43,2101
244,106,42,2101
244,106,42,2102
244,106,42,2103
244,106,41,2107
245,106,39,2109
245,106,39,2113
246,106,39,2115
246,106,39,2117
246,106,39,2117
246,106,39,2120
246,105,39,2122
246,105,39,2123
246,105,39,2124
246,105,39,2126
246,105,39,2125
246,105,38,2129
246,105,38,2130
247,105,38,2130
247,105,38,2131
247,105,38,2130
247,105,38,2132
247,105,38,2136
247,105,38,2140
247,109,38,2141
247,116,38,2146
247,116,38,2148
247,116,38,2150
247,116,38,2151
248,116,38,2154
248,116,38,2155
248,116,37,2160
248,116,37,2161
248,116,37,2164
248,116,37,2164
248,116,36,2167
248,116,36,2168
249,120,36,2170
248,120,36,2172
248,120,36,2172
248,119,37,2174
249,118,37,2180
250,118,37,2182
249,124,37,2183
249,123,37,2184
250,123,37,2184
250,122,37,2187
250,122,37,2190
251,122,37,2190
251,122,37,2192
252,122,37,2196
252,121,38,2197
252,121,38,2197
252,121,38,2199
252,121,38,2202
252,121,38,2205
252,121,38,2207
252,121,38,2209
252,121,38,2210
252,121,38,2212
252,124,38,2214
252,124,38,2214
252,123,39,2217
252,123,39,2216
252,123,39,2217
252,123,38,2218
252,123,38,2221
252,123,38,2223
252,123,37,2225
252,123,36,2226
252,123,36,2226
252,123,36,2225
252,123,36,2223
252,123,36,2226
252,123,36,2227
252,123,36,2228
252,123,35,2226
253,123,35,2227
253,122,36,2225
253,121,37,2227
254,121,35,2228
255,121,35,2230
255,121,35,2233
256,122,36,2236
256,121,37,2237
256,120,38,2238
255,120,38,2238
255,119,39,2235
257,119,39,2235
257,118,40,2236
257,118,40,2238
257,118,40,2239
257,118,40,2244
257,118,40,2246
257,118,40,2244
257,118,40,2247
257,118,40,2250
257,118,40,2250
259,117,41,2250
259,117,41,2251
259,116,41,2258
260,116,40,2258
260,116,40,2258
260,116,40,2263
260,116,40,2264
260,118,40,2265
261,118,40,2266
260,117,41,2266
260,117,41,2267
261,117,41,2267
261,117,41,2267
261,120,42,2269
261,120,42,2273
262,120,42,2272
263,119,43,2275
263,119,43,2277
263,116,46,2278
262,116,46,2280
263,116,46,2281
263,116,46,2280
264,116,46,2281
264,116,46,2282
263,115,47,2282
262,126,47,2281
262,126,47,2284
262,126,47,2285
262,126,47,2287
264,130,48,2289
264,130,47,2292
264,129,48,2294
264,128,49,2298
264,129,49,2299
264,129,49,2301
264,129,49,2305
263,129,49,2304
262,129,49,2304
262,129,48,2307
262,129,48,2310
263,129,47,2313
263,129,46,2315
263,129,46,2312
263,129,46,2314
263,129,46,2316
263,134,46,2316
263,134,46,2319
263,133,47,2319
263,133,47,2320
263,131,49,2321
263,131,48,2323
263,131,48,2326
263,131,48,2328
263,131,48,2331
263,130,49,2332
263,130,49,2334
264,130,49,2335
264,132,50,2336
265,135,50,2338
265,133,52,2341
265,133,52,2345
264,133,52,2348
264,133,52,2348
264,132,52,2351
264,132,52,2351
264,132,52,2351
264,132,52,2352
264,131,52,2354
264,130,53,2356
264,129,54,2359
264,128,54,2360
264,128,54,2362
265,128,54,2362
266,126,55,2365
266,126,55,2366
266,126,55,2367
267,126,55,2370
267,126,54,2374
269,126,54,2376
270,126,54,2378
270,126,54,2381
270,126,54,2384
270,126,53,2386
270,127,54,2388
270,126,55,2391
270,126,55,2395
271,126,54,2396
271,126,54,2398
271,126,54,2401
272,126,54,2398
273,126,54,2399
273,125,55,2400
272,125,55,2407
271,125,55,2407
270,125,54,2409
270,125,54,2414
270,134,54,2415
270,138,54,2418
270,138,54,2419
269,138,54,2423
268,138,53,2425
268,138,53,2429
268,138,53,2432
268,138,52,2434
268,138,52,2437
268,137,53,2439
268,135,55,2441
268,135,55,2439
268,135,55,2440
268,134,56,2443
268,138,56,2444
268,138,56,2446
268,138,56,2448
268,138,55,2448
268,138,55,2451
268,144,55,2452
268,144,53,2452
268,143,54,2453
268,142,55,2454
268,143,54,2455
268,143,54,2457
269,143,52,2460
269,143,51,2461
269,143,51,2460
269,143,51,2461
269,143,51,2461
269,143,51,2460
269,143,51,2460
269,143,50,2460
268,143,49,2460
268,143,49,2460
268,143,49,2462
268,143,49,2464
268,142,48,2464
268,142,48,2469
268,145,49,2468
268,145,48,2471
268,143,50,2473
268,143,50,2473
268,142,51,2473
268,142,51,2474
268,142,51,2475
268,149,51,2478
268,149,51,2477
269,149,50,2479
269,149,50,2479
269,149,50,2481
269,150,50,2483
270,150,50,2486
270,150,50,2490
270,150,50,2490
271,150,50,2492
271,150,50,2493
272,148,51,2492
272,148,51,2491
272,148,51,2495
272,148,51,2497
272,148,51,2497
272,148,51,2498
272,147,51,2496
272,147,51,2497
272,147,51,2500
272,147,49,2500
272,147,49,2499
272,147,49,2499
272,147,49,2500
272,147,49,2499
272,147,49,2498
272,147,48,2500
273,146,49,2499
273,146,49,2501
273,146,48,2501
273,145,49,2501
273,145,49,2501
274,150,49,2501
274,150,49,2498
274,150,48,2499
274,148,50,2498
274,148,49,2499
274,150,49,2498
275,150,49,2499
274,156,49,2498
274,156,49,2498
274,155,50,2500
273,155,50,2500
273,155,50,2499
274,155,50,2499
274,155,49,2502
274,155,49,2500
274,155,49,2497
274,154,49,2499
274,154,49,2501
274,154,49,2499
274,154,49,2502
274,154,49,2501
274,154,49,2499
274,152,50,2500
274,151,51,2499
274,151,51,2499
275,150,52,2503
275,150,52,2500
274,149,53,2498
274,149,53,2499
274,149,52,2498
274,149,52,2499
274,149,52,2499
274,148,53,2502
274,148,53,2502
274,148,53,2500
275,147,54,2499
275,147,53,2504
275,147,53,2502
275,147,53,2501
275,147,53,2501
275,147,53,2500
275,147,53,2499
276,147,53,2499
276,150,52,2498
276,150,52,2501
277,150,51,2500
277,150,51,2498
278,150,51,2497
278,150,51,2497
278,150,51,2498
279,150,51,2497
280,150,51,2500
281,149,52,2499
282,153,52,2500
282,153,52,2499
282,153,52,2498
282,153,52,2500
282,153,52,2500
283,152,53,2497
283,158,53,2496
283,158,53,2495
283,158,52,2495
283,158,52,2499
283,157,52,2498
283,157,52,2499
284,157,52,2500
284,157,52,2500
284,157,52,2500
284,157,52,2499
284,156,53,2499
284,156,53,2500
284,156,53,2500
284,156,53,2500
284,156,53,2500
285,155,54,2500
285,161,54,2499
285,161,53,2500
285,161,53,2499
284,161,53,2503
284,160,54,2502
284,158,55,2502
284,160,54,2502
284,159,55,2501
285,159,54,2500
285,159,54,2500
285,159,54,2500
285,159,54,2499
285,159,53,2500
285,159,53,2499
285,159,53,2502
285,159,53,2501
285,159,52,2501
286,159,52,2501
286,164,51,2499
286,164,51,2500
286,163,52,2499
286,163,51,2498
286,163,51,2499
286,163,50,2499
286,163,50,2499
286,163,50,2499
286,163,50,2499
286,163,49,2499
286,163,49,2501
286,163,49,2500
286,163,48,2500
287,162,49,2499
287,162,49,2503
287,162,49,2503
287,162,48,2503
287,162,47,2501
287,162,47,2498
288,161,48,2501
289,161,47,2500
289,161,47,2499
289,161,47,2506
289,167,47,2506
289,167,47,2505
289,167,46,2502
290,167,46,2502
290,167,46,2501
290,167,46,2501
291,167,45,2500
290,167,45,2500
290,167,45,2498
290,167,45,2498
290,167,45,2499
290,170,45,2500
290,170,45,2500
290,170,45,2499
291,170,45,2498
291,170,44,2499
291,172,44,2500
291,172,44,2496
291,172,44,2498
290,172,43,2499
291,172,43,2501
291,173,42,2500
291,172,42,2499
291,172,42,2498
290,172,42,2500
290,172,42,2499
290,172,42,2500
290,172,42,2499
290,178,42,2501
290,178,42,2501
292,178,42,2499
292,178,42,2495
292,178,42,2495
292,178,42,2496
292,177,43,2496
292,177,43,2497
292,177,43,2498
292,177,43,2498
292,177,41,2499
292,180,41,2498
293,180,40,2498
293,180,40,2496
293,179,41,2499
293,183,40,2501
294,183,39,2498
294,183,39,2499
294,191,40,2498
294,189,42,2498
294,191,43,2501
296,197,44,2500
297,197,44,2498
297,197,44,2499
298,197,43,2497
298,197,43,2497
298,196,44,2496
299,201,44,2495
299,200,45,2498
299,200,45,2495
299,202,44,2493
299,202,44,2493
298,202,44,2494
298,202,44,2495
298,202,44,2494
298,201,45,2494
298,201,45,2494
297,201,45,2492
297,200,46,2491
297,200,45,2488
297,200,45,2487
297,199,46,2484
297,197,47,2483
297,197,46,2480
297,196,47,2479
298,196,47,2478
299,195,48,2478
300,196,49,2478
301,196,49,2479
301,196,49,2482
302,196,49,2481
301,195,50,2483
301,195,50,2486
302,195,50,2486
302,204,50,2485
303,204,50,2486
303,204,50,2486
303,204,50,2488
303,204,50,2488
304,204,51,2490
304,204,51,2491
303,204,51,2488
304,204,50,2488
304,204,50,2489
304,204,50,2490
304,204,50,2493
304,210,50,2493
304,210,50,2494
304,210,50,2494
304,209,51,2494
303,209,51,2495
303,209,51,2496
303,208,52,2495
303,212,51,2495
303,212,50,2493
303,212,50,2496
303,215,50,2495
303,221,50,2494
303,223,50,2495
303,223,50,2496
303,223,49,2493
304,223,49,2490
304,221,51,2489
304,223,49,2490
304,223,49,2490
304,223,49,2488
304,223,49,2488
304,223,49,2485
304,223,49,2485
304,222,49,2484
304,222,49,2484
305,221,49,2485
305,221,49,2483
305,225,50,2483
305,225,50,2483
306,225,50,2484
306,225,50,2484
306,224,51,2482
307,230,51,2481
307,244,51,2480
307,245,51,2481
307,244,52,2479
307,246,52,2479
307,245,53,2481
307,245,53,2481
307,247,53,2483
308,247,53,2484
308,247,53,2484
308,247,53,2487
308,247,53,2486
308,247,53,2488
307,247,53,2487
308,247,51,2488
308,247,51,2487
308,246,52,2487
308,245,53,2486
307,245,53,2488
308,245,53,2488
309,245,53,2488
310,244,54,2488
310,244,54,2487
310,244,54,2488
310,248,53,2492
311,248,52,2494
311,248,52,2493
311,248,52,2491
311,247,53,2492
311,247,53,2489
311,246,54,2485
311,245,55,2484
311,244,56,2482
311,244,56,2482
310,244,56,2482
310,244,56,2481
310,244,56,2481
310,243,57,2482
310,243,57,2482
310,241,59,2481
310,239,61,2480
310,238,62,2479
310,237,63,2477
310,237,63,2475
310,237,63,2472
310,237,63,2473
311,237,62,2474
311,238,61,2475
312,238,61,2476
312,238,60,2473
312,238,60,2474
312,242,60,2475
313,242,60,2475
314,242,60,2474
314,242,60,2474
314,240,62,2471
314,240,62,2471
314,239,63,2472
314,238,64,2471
314,237,65,2471
314,237,65,2472
314,242,66,2472
315,241,66,2473
315,240,66,2474
315,242,66,2475
315,242,66,2473
316,242,66,2470
316,241,66,2471
316,241,65,2472
316,241,65,2473
316,241,65,2472
316,240,66,2471
316,240,65,2470
316,243,65,2469
316,243,65,2470
316,243,65,2471
316,243,65,2470
316,243,64,2468
315,243,64,2468
315,243,64,2466
314,243,63,2463
314,243,63,2461
314,243,63,2461
314,242,64,2464
314,242,64,2463
314,242,63,2462
314,242,63,2463
314,243,63,2462
313,243,63,2462
313,243,63,2462
313,246,63,2457
314,246,62,2459
314,252,62,2460
314,250,64,2458
314,250,64,2458
315,254,63,2460
315,253,64,2461
315,255,65,2462
315,257,65,2463
316,257,65,2462
316,256,66,2461
316,255,67,2460
316,255,67,2461
316,254,67,2459
316,254,65,2456
316,254,65,2457
316,253,66,2456
317,253,66,2458
317,252,67,2457
317,252,67,2454
317,251,68,2454
317,249,69,2455
317,249,69,2452
318,249,69,2451
318,249,69,2452
318,248,70,2451
318,254,70,2449
317,254,68,2450
317,254,68,2450
317,251,71,2447
317,254,71,2445
317,254,71,2444
318,253,72,2444
317,259,72,2446
319,258,73,2445
318,258,73,2443
318,258,71,2441
318,258,71,2441
319,264,72,2443
320,263,72,2443
320,263,72,2444
320,263,72,2443
320,263,72,2445
320,263,72,2446
319,263,72,2449
319,261,74,2449
319,261,74,2449
319,261,74,2450
320,261,73,2449
320,261,73,2451
320,261,72,2449
320,260,73,2449
320,260,73,2444
320,259,74,2443
318,259,74,2441
318,257,75,2437
318,256,76,2436
318,258,77,2435
318,258,77,2438
318,258,77,2437
318,257,78,2436
318,266,77,2433
319,265,78,2433
319,264,79,2433
320,264,79,2433
321,263,80,2429
321,266,80,2429
320,265,82,2429
320,264,82,2428
320,271,83,2429
320,270,84,2429
322,270,84,2427
322,275,85,2426
321,275,85,2427
321,275,86,2426
321,273,88,2423
319,272,89,2422
319,271,88,2420
319,277,87,2418
320,278,88,2416
320,278,88,2416
319,276,90,2412
318,276,89,2410
318,275,90,2408
318,273,92,2405
319,270,95,2406
319,267,98,2407
319,264,101,2405
319,263,102,2409
319,263,102,2412
320,262,103,2414
320,262,103,2413
320,265,101,2411
319,264,102,2413
319,264,102,2413
319,270,102,2412
319,270,101,2406
318,270,100,2405
318,270,100,2406
317,282,102,2406
317,282,101,2408
317,282,101,2406
317,287,102,2405
317,285,104,2404
317,287,105,2403
317,286,106,2402
317,286,106,2401
318,286,106,2401
318,284,108,2401
317,282,109,2403
316,282,108,2402
316,287,108,2401
315,287,108,2402
315,287,108,2396
316,291,109,2394
316,290,110,2393
317,290,110,2394
317,288,112,2394
317,295,111,2394
316,295,110,2396
316,295,108,2395
316,295,108,2391
316,295,107,2390
316,295,106,2390
316,294,104,2389
314,293,104,2386
313,291,105,2386
313,290,106,2386
313,296,106,2383
313,296,106,2380
314,296,105,2377
314,300,105,2375
314,304,105,2374
315,303,105,2373
315,298,110,2372
317,295,113,2371
316,295,113,2370
316,294,113,2372
317,294,113,2371
318,294,113,2371
318,293,113,2367
319,292,114,2366
318,292,112,2364
318,292,112,2364
318,292,111,2363
318,292,111,2359
318,292,111,2360
317,296,114,2362
317,297,114,2364
317,299,113,2361
317,306,112,2361
319,312,112,2359
319,310,114,2359
318,312,114,2359
318,310,115,2360
318,309,115,2362
317,308,115,2361
317,308,114,2360
317,307,113,2360
317,306,112,2359
317,306,110,2358
317,304,110,2358
317,307,110,2360
317,307,110,2360
316,309,111,2359
316,310,111,2357
316,309,112,2355
316,307,114,2354
317,307,115,2350
317,304,118,2347
317,303,119,2348
316,301,120,2344
317,299,120,2345
319,299,120,2344
319,299,120,2343
319,298,121,2341
319,298,121,2340
319,298,117,2337
319,297,118,2336
319,295,120,2335
319,295,119,2335
319,294,120,2332
320,292,122,2328
319,292,121,2328
319,289,123,2324
320,289,123,2324
320,288,124,2318
320,288,124,2316
319,287,125,2315
319,286,126,2316
319,285,126,2315
319,288,126,2314
319,286,128,2314
320,286,127,2313
320,285,127,2311
320,285,126,2312
320,285,126,2310
319,284,126,2309
319,288,127,2310
319,293,127,2310
319,292,128,2307
320,291,128,2306
319,291,128,2306
319,291,128,2305
319,291,127,2304
318,290,127,2304
317,290,127,2303
316,289,127,2302
317,289,126,2303
316,289,125,2304
316,288,125,2304
315,289,125,2304
315,288,124,2303
316,287,125,2302
318,290,125,2302
317,289,126,2302
318,287,128,2302
319,287,128,2301
320,286,128,2300
321,286,128,2299
321,286,127,2298
320,286,125,2296
321,285,126,2296
320,292,126,2291
320,292,126,2288
320,292,126,2287
319,291,127,2288
319,289,128,2283
319,289,127,2282
319,289,127,2283
319,288,128,2282
319,290,128,2281
320,290,128,2278
320,289,129,2280
320,294,129,2281
320,294,129,2281
321,294,129,2280
321,293,128,2279
320,293,127,2275
320,292,128,2273
320,292,128,2270
320,292,126,2271
320,291,127,2273
320,291,127,2273
319,291,127,2271
319,297,127,2272
319,296,127,2271
319,295,128,2270
320,295,128,2267
320,295,128,2262
320,295,126,2260
320,301,126,2262
320,301,126,2263
319,301,125,2262
319,299,128,2261
319,297,129,2258
319,297,129,2258
319,296,129,2257
318,296,128,2258
318,296,127,2257
319,295,128,2255
317,295,128,2252
316,295,128,2248
317,295,128,2249
317,295,126,2251
317,293,128,2251
317,294,129,2251
318,294,128,2250
317,299,128,2249
317,299,127,2248
317,297,128,2246
317,296,128,2248
318,295,129,2249
319,298,131,2248
318,298,131,2246
319,298,129,2245
319,298,128,2242
318,297,129,2242
318,300,131,2242
318,300,131,2243
318,300,129,2241
317,300,129,2239
317,299,130,2239
317,299,130,2237
317,297,132,2237
317,297,132,2237
317,296,133,2235
316,302,133,2235
316,301,134,2233
316,298,134,2232
317,298,134,2231
317,297,135,2223
318,297,135,2223
318,297,134,2221
317,297,133,2221
317,299,133,2219
318,298,133,2219
319,296,135,2218
319,296,134,2215
319,296,134,2217
319,302,134,2216
318,302,134,2215
318,302,134,2213
318,305,133,2213
317,304,134,2216
317,303,135,2217
317,302,136,2217
317,301,137,2218
317,302,137,2216
319,301,138,2213
319,306,138,2211
319,305,138,2209
319,304,138,2208
319,304,138,2207
319,302,140,2206
319,301,140,2209
318,301,140,2208
318,307,141,2207
318,307,141,2204
319,306,141,2204
319,308,141,2203
319,309,141,2199
318,315,144,2198
317,316,144,2194
317,316,144,2192
316,322,144,2189
317,322,144,2190
317,322,144,2191
317,327,143,2191
317,333,144,2191
317,333,143,2194
316,338,142,2191
316,337,143,2189
316,335,145,2187
315,337,145,2186
314,342,146,2186
313,341,148,2184
312,343,148,2182
312,343,148,2178
312,343,148,2177
311,343,147,2175
311,342,147,2175
311,341,147,2173
311,341,146,2174
311,343,147,2174
311,349,146,2173
312,348,146,2170
312,347,147,2168
312,347,146,2168
312,345,147,2166
311,348,147,2164
311,347,148,2161
311,347,147,2162
311,347,147,2162
310,350,147,2160
310,350,147,2161
310,349,146,2158
311,348,146,2156
311,346,147,2155
312,348,150,2156
312,348,150,2154
312,348,149,2155
311,348,149,2152
312,348,149,2146
312,345,151,2146
311,344,152,2142
310,342,152,2141
311,345,152,2141
311,343,154,2139
311,345,155,2136
310,345,154,2135
310,344,155,2132
310,349,156,2129
310,348,157,2126
310,349,160,2121
309,348,160,2120
309,350,160,2120
309,350,160,2119
309,350,159,2116
309,350,159,2113
308,347,161,2112
307,346,159,2112
308,347,159,2112
307,353,159,2113
306,352,159,2113
306,358,160,2110
305,357,160,2105
305,356,161,2101
305,355,162,2097
305,354,162,2094
305,357,162,2089
305,357,161,2089
304,357,160,2087
304,357,159,2085
303,356,160,2084
303,354,161,2080
303,354,160,2079
303,354,158,2077
303,354,158,2079
302,354,158,2080
302,357,158,2078
302,356,158,2072
301,363,158,2071
301,363,158,2068
300,363,158,2068
300,363,158,2068
299,366,159,2067
300,364,161,2065
299,363,161,2064
299,363,160,2064
300,360,163,2060
299,360,161,2060
299,363,161,2060
300,363,161,2060
301,362,162,2059
301,364,161,2058
301,363,161,2056
301,363,159,2053
301,363,158,2051
302,363,157,2047
302,363,157,2045
302,363,155,2047
302,363,154,2044
302,363,154,2045
301,363,155,2045
301,368,152,2044
301,366,154,2044
301,364,156,2043
301,362,158,2039
302,362,155,2037
302,360,157,2036
302,360,158,2035
302,360,157,2034
302,359,157,2034
302,359,157,2033
302,361,159,2032
302,367,159,2030
302,367,159,2028
300,367,159,2023
301,366,159,2020
301,365,160,2016
303,363,161,2015
305,359,165,2013
304,365,165,2011
304,362,168,2010
305,361,169,2009
306,361,169,2008
306,359,171,2006
305,358,170,2005
305,358,170,2002
305,357,171,2000
305,356,170,1996
305,361,170,1994
305,359,172,1994
305,358,172,1991
306,358,170,1991
306,357,170,1989
305,357,169,1987
305,356,168,1986
305,368,169,1985
304,375,169,1985
303,375,169,1986
303,384,170,1985
302,382,170,1982
301,387,170,1981
301,387,169,1980
302,387,169,1977
302,386,170,1973
302,386,170,1966
300,386,170,1966
300,384,172,1964
301,385,173,1962
301,384,174,1963
302,386,175,1963
301,390,175,1957
300,394,175,1954
301,394,176,1951
300,392,178,1949
301,390,180,1947
301,390,178,1947
301,388,180,1943
303,385,182,1938
303,382,185,1939
303,380,186,1938
303,379,185,1934
303,376,188,1934
304,375,188,1929
303,374,188,1927
302,373,189,1924
302,372,189,1922
302,371,189,1921
302,370,189,1920
301,370,189,1919
301,367,188,1916
301,367,188,1916
300,364,190,1918
299,362,191,1917
298,362,191,1915
298,367,191,1912
299,367,189,1909
299,366,189,1908
299,371,190,1908
299,377,189,1907
300,376,189,1905
299,374,191,1903
299,375,192,1899
298,373,194,1896
297,378,193,1895
297,377,194,1893
297,375,195,1893
296,375,194,1892
296,373,196,1892
296,375,196,1890
293,375,194,1887
293,375,193,1885
292,374,194,1883
293,374,194,1880
293,376,197,1876
293,376,196,1874
294,382,197,1871
294,387,197,1870
293,386,198,1868
293,385,198,1867
293,383,200,1864
291,384,200,1866
290,384,200,1864
290,383,201,1862
290,380,202,1862
290,386,202,1859
290,385,203,1858
290,385,202,1858
291,386,202,1853
291,386,201,1850
292,386,200,1849
291,388,199,1846
292,387,200,1845
291,387,200,1843
290,385,202,1844
289,381,204,1843
289,381,202,1841
290,380,203,1840
289,379,204,1841
290,376,207,1838
291,376,205,1836
292,376,205,1831
291,375,204,1828
291,375,202,1827
288,375,201,1827
290,374,200,1826
290,374,199,1826
290,374,199,1825
290,384,199,1824
291,384,199,1822
290,391,200,1814
292,391,200,1811
292,394,200,1809
293,392,202,1808
292,391,203,1809
292,388,203,1804
292,387,200,1803
294,386,201,1802
294,385,202,1798
294,385,202,1793
294,386,204,1794
294,386,204,1791
294,389,203,1790
294,389,201,1788
294,388,201,1785
293,387,202,1785
292,387,201,1783
291,387,200,1784
291,386,201,1784
291,385,202,1785
291,387,204,1783
290,386,205,1783
290,392,204,1783
289,391,204,1781
290,390,205,1780
292,390,203,1779
292,390,203,1780
292,396,203,1778
291,394,203,1778
290,392,205,1776
289,390,204,1775
289,397,204,1775
289,398,204,1774
289,397,205,1774
289,397,204,1771
290,394,205,1770
289,393,204,1770
290,392,206,1769
290,392,206,1767
291,392,206,1767
291,391,207,1766
291,390,207,1763
292,393,208,1764
292,392,209,1764
292,390,210,1762
292,390,208,1756
292,390,207,1755
292,388,211,1753
291,386,212,1753
290,386,211,1754
290,385,212,1753
291,387,213,1753
291,387,212,1750
291,390,212,1750
288,388,212,1750
288,388,207,1749
288,387,207,1748
288,384,208,1745
288,383,209,1745
288,390,208,1744
288,388,210,1744
288,392,211,1742
290,390,212,1739
291,389,212,1738
290,396,212,1736
289,394,213,1735
288,396,212,1734
288,403,212,1730
288,407,213,1729
288,407,213,1726
288,412,216,1725
288,412,217,1724
288,411,218,1726
287,408,220,1725
286,409,223,1720
286,407,223,1717
286,406,223,1716
286,403,224,1716
286,402,225,1717
286,400,227,1712
284,397,228,1714
284,397,227,1712
284,396,228,1709
284,396,228,1708
284,397,228,1706
284,397,227,1701
284,398,226,1699
284,403,223,1696
284,403,223,1694
284,407,223,1695
283,405,225,1692
284,404,225,1687
284,403,226,1685
283,403,224,1684
283,403,224,1684
284,405,225,1682
283,405,224,1681
283,404,225,1679
283,403,223,1676
283,402,223,1675
283,409,221,1672
281,406,224,1672
281,406,224,1669
282,408,225,1667
282,408,223,1666
282,406,225,1665
283,406,224,1663
283,406,223,1661
283,407,223,1658
282,409,222,1660
283,407,223,1657
283,406,224,1655
283,411,224,1654
283,416,221,1653
282,412,225,1650
281,415,223,1649
281,413,225,1646
281,412,224,1644
281,412,224,1642
281,412,221,1640
281,412,221,1637
281,410,221,1638
281,410,220,1636
280,410,219,1634
280,414,220,1634
279,413,220,1635
279,411,219,1633
279,412,218,1630
279,411,218,1625
279,410,219,1625
279,410,219,1623
279,409,218,1623
279,407,220,1623
278,407,218,1623
277,416,218,1621
277,416,217,1619
277,414,218,1620
278,413,218,1619
280,413,217,1616
280,412,216,1607
280,419,213,1607
280,421,215,1602
279,419,217,1599
279,416,219,1598
279,418,219,1597
277,418,218,1596
277,417,219,1592
275,416,218,1593
275,414,220,1594
275,411,222,1593
275,408,225,1593
274,407,225,1593
274,407,225,1593
274,406,224,1593
274,404,225,1594
273,402,227,1592
272,401,226,1592
272,400,226,1589
272,399,226,1590
272,404,227,1589
272,405,227,1588
273,407,229,1588
274,406,230,1587
275,411,229,1588
277,411,229,1587
278,408,231,1586
277,406,231,1585
276,404,232,1585
277,402,233,1584
277,401,234,1583
277,407,235,1579
277,404,237,1579
277,403,237,1577
276,403,236,1578
277,402,236,1577
278,400,236,1573
278,399,237,1573
278,403,238,1571
277,401,240,1570
277,401,237,1570
277,405,236,1568
277,404,236,1565
277,402,238,1566
277,402,241,1566
277,400,242,1565
277,401,243,1565
277,405,244,1559
277,405,243,1557
277,403,244,1558
276,404,245,1556
276,400,248,1550
276,399,249,1551
276,398,250,1551
276,397,251,1551
276,397,251,1551
276,395,252,1548
275,398,252,1549
275,396,250,1550
274,396,248,1546
274,395,245,1546
274,394,246,1546
273,396,246,1543
273,395,246,1539
273,393,247,1539
273,392,247,1536
273,389,250,1535
273,386,252,1533
274,386,250,1530
273,386,249,1530
273,384,250,1528
273,384,249,1529
273,383,250,1527
273,385,249,1525
274,384,248,1523
275,383,249,1524
274,383,249,1525
274,382,250,1527
274,382,250,1527
274,382,248,1527
274,382,248,1527
275,381,248,1524
275,388,247,1525
275,386,249,1520
275,390,249,1521
275,390,248,1519
275,389,250,1518
274,388,250,1516
273,395,248,1514
274,395,245,1513
275,394,245,1514
275,394,245,1513
275,392,247,1514
275,389,250,1514
275,388,251,1514
274,391,250,1515
273,400,249,1515
272,399,250,1514
271,397,252,1515
270,401,250,1515
270,400,250,1515
270,398,251,1513
270,405,249,1512
269,404,250,1509
269,405,251,1508
269,405,249,1506
269,404,249,1506
269,403,250,1505
270,402,251,1503
269,401,250,1503
267,400,251,1503
267,399,252,1506
267,406,250,1505
267,405,250,1504
266,407,251,1504
266,406,252,1501
266,402,255,1502
266,408,255,1502
266,406,257,1502
267,403,255,1501
267,401,255,1501
266,400,256,1502
266,400,257,1499
266,403,258,1497
266,407,258,1498
265,409,257,1496
266,416,257,1492
267,413,258,1493
267,415,260,1490
267,415,259,1488
266,414,260,1488
266,413,258,1490
266,411,259,1493
267,415,259,1490
265,415,259,1489
265,414,258,1489
265,414,257,1487
266,411,259,1487
266,411,258,1487
266,413,259,1486
266,411,258,1485
266,416,259,1483
266,416,258,1483
266,416,257,1481
266,415,258,1479
266,415,258,1476
266,415,256,1476
266,413,257,1478
267,409,259,1478
267,410,260,1477
267,410,260,1477
267,410,260,1476
267,408,262,1476
265,407,262,1474
265,412,263,1472
265,410,264,1470
265,408,266,1472
266,407,266,1472
266,407,268,1472
265,407,267,1473
265,406,266,1474
265,406,266,1474
265,404,268,1476
265,406,267,1475
266,408,267,1476
266,408,267,1475
267,407,268,1475
268,405,270,1473
268,407,271,1474
268,410,275,1474
269,412,277,1474
269,408,280,1473
269,408,278,1472
268,407,277,1471
268,411,277,1467
268,409,277,1467
268,409,277,1471
269,410,278,1472
269,411,279,1471
270,411,277,1470
270,408,280,1470
270,407,282,1469
270,417,282,1467
270,415,282,1464
270,422,284,1462
270,426,284,1461
271,438,285,1459
271,436,286,1457
272,439,283,1457
272,443,285,1455
272,439,289,1455
272,436,291,1453
273,434,291,1454
274,432,292,1455
274,441,292,1453
274,440,292,1448
275,443,294,1446
275,443,291,1444
275,442,291,1446
275,442,290,1442
274,441,291,1442
274,441,291,1443
274,441,290,1443
274,440,290,1438
273,446,290,1434
274,445,291,1433
274,450,291,1432
275,447,294,1429
274,445,294,1427
273,444,295,1426
273,441,298,1425
272,439,299,1426
272,441,299,1426
272,440,299,1425
272,441,300,1424
273,440,298,1423
271,440,298,1422
271,442,298,1419
270,445,298,1413
271,447,299,1412
271,445,299,1410
271,443,301,1404
271,441,300,1403
271,434,306,1402
271,433,306,1401
271,432,307,1396
271,431,308,1399
273,435,307,1398
272,441,306,1398
272,444,309,1397
271,442,310,1397
272,441,309,1396
272,440,308,1395
272,440,308,1393
270,444,308,1392
270,443,308,1389
270,453,307,1389
269,449,310,1387
269,449,308,1389
270,447,310,1389
270,444,311,1387
269,441,312,1387
268,442,312,1386
267,441,313,1382
267,441,310,1381
268,436,314,1382
268,434,316,1381
267,432,317,1377
267,435,315,1375
267,434,315,1376
266,433,315,1376
267,431,316,1378
267,431,313,1377
267,430,312,1376
267,428,314,1375
266,428,312,1373
266,427,309,1369
266,427,309,1367
266,425,310,1369
267,422,313,1366
268,419,314,1365
268,420,314,1365
267,423,314,1363
267,420,316,1362
267,423,316,1361
268,426,313,1360
268,424,313,1358
268,422,312,1359
268,421,312,1360
268,419,313,1360
267,418,312,1359
268,414,314,1358
268,412,315,1358
269,412,314,1358
269,411,314,1357
269,410,313,1354
269,410,312,1353
267,411,313,1353
266,411,312,1352
266,409,312,1354
266,410,313,1353
266,409,313,1350
267,407,313,1351
268,411,314,1351
267,417,314,1351
266,415,315,1349
266,410,318,1346
266,420,320,1344
266,418,322,1341
266,416,323,1340
267,414,325,1337
267,413,325,1336
267,412,325,1335
267,414,326,1335
267,414,326,1332
267,413,325,1333
267,412,324,1332
267,410,323,1332
267,410,321,1331
267,415,321,1327
266,415,318,1327
266,415,316,1322
267,411,320,1320
267,410,320,1320
267,414,321,1319
267,414,320,1319
266,413,319,1319
266,414,321,1319
266,412,321,1318
266,412,320,1317
266,415,322,1315
266,417,324,1314
266,414,326,1315
265,414,325,1315
264,418,327,1315
264,417,327,1313
266,415,329,1311
266,416,328,1310
266,415,329,1310
266,413,329,1310
266,412,327,1308
267,407,331,1310
267,404,334,1312
267,402,336,1310
267,400,338,1311
268,399,337,1309
269,399,337,1307
269,398,338,1308
269,398,338,1306
269,397,338,1305
270,394,339,1302
269,392,341,1300
269,391,341,1299
269,388,342,1299
269,387,343,1297
269,385,344,1298
269,385,344,1297
270,383,345,1297
269,381,345,1296
269,381,344,1298
270,383,344,1298
270,383,343,1297
269,383,342,1295
269,384,345,1293
268,382,346,1294
268,382,346,1294
268,386,347,1294
268,384,349,1295
268,383,350,1295
267,378,355,1296
267,375,358,1297
267,372,360,1295
267,371,361,1295
266,370,361,1294
265,372,361,1293
266,374,360,1294
265,374,360,1296
265,377,361,1293
265,376,362,1293
265,375,362,1293
265,375,362,1294
265,374,361,1290
264,373,362,1289
263,372,359,1288
263,369,358,1286
263,373,359,1287
263,371,361,1286
263,371,360,1286
263,371,360,1287
263,370,360,1287
263,369,359,1287
263,365,362,1291
263,371,360,1291
263,382,361,1291
264,381,362,1291
264,381,360,1289
264,381,359,1287
264,381,357,1287
264,382,355,1287
264,384,356,1285
264,382,357,1282
265,379,360,1282
264,378,360,1281
264,380,360,1279
265,379,359,1280
265,387,360,1279
265,384,361,1278
265,383,363,1277
266,380,362,1278
266,377,362,1277
266,383,361,1277
267,383,361,1276
266,382,362,1276
266,381,362,1275
266,379,362,1273
266,377,363,1271
266,375,364,1272
267,374,362,1274
266,373,361,1275
266,377,362,1274
266,377,360,1272
266,376,361,1272
266,374,363,1271
266,379,363,1271
266,378,362,1271
266,382,361,1271
266,381,362,1271
266,380,361,1268
266,379,361,1269
265,379,359,1270
264,377,361,1270
264,375,360,1273
265,375,360,1275
265,375,362,1275
265,374,360,1275
265,383,360,1272
263,383,357,1272
263,383,357,1269
263,382,356,1268
263,381,357,1268
262,380,356,1269
262,380,356,1268
262,380,356,1266
262,378,356,1265
262,379,355,1262
262,386,353,1259
261,388,353,1256
261,400,350,1254
261,398,350,1255
262,407,350,1253
263,413,349,1252
262,412,350,1251
262,411,350,1250
261,412,355,1248
261,417,355,1244
261,415,354,1242
261,417,353,1240
261,411,357,1238
261,413,358,1244
261,412,357,1244
261,409,358,1244
261,416,356,1240
260,417,357,1239
260,413,358,1238
260,411,359,1239
259,412,357,1237
259,410,358,1238
259,410,357,1238
259,411,359,1238
258,415,360,1237
258,415,359,1236
258,414,359,1235
258,413,360,1238
258,410,360,1236
258,409,359,1236
259,407,361,1237
260,407,361,1234
259,407,361,1234
260,409,360,1233
260,412,361,1234
260,411,359,1234
260,408,360,1233
260,406,361,1234
260,405,359,1236
260,404,359,1234
260,404,357,1232
260,403,358,1231
260,404,357,1231
259,403,358,1229
258,403,355,1229
259,403,353,1229
258,408,354,1228
258,408,354,1226
258,411,351,1223
258,418,351,1223
257,416,352,1222
257,421,349,1223
257,420,349,1224
256,419,346,1223
256,419,345,1222
256,418,345,1221
256,417,346,1221
257,417,346,1219
257,417,345,1219
257,417,346,1217
258,417,345,1217
259,418,346,1218
258,421,347,1218
258,424,348,1218
257,423,348,1218
259,422,349,1217
259,420,349,1218
259,428,350,1218
259,431,351,1221
258,429,352,1220
258,430,352,1219
257,428,352,1220
257,426,351,1219
256,423,354,1218
256,422,356,1217
256,422,356,1218
256,422,355,1218
256,420,357,1215
256,417,358,1215
256,415,357,1214
256,412,359,1216
256,411,359,1216
256,411,357,1215
256,415,359,1213
257,414,359,1211
257,413,359,1209
257,410,358,1208
257,422,357,1204
257,417,360,1205
257,416,359,1204
258,418,357,1204
258,422,357,1202
258,421,355,1204
258,427,355,1203
258,425,356,1202
258,423,355,1201
259,423,355,1200
259,422,352,1198
259,422,349,1197
258,421,350,1196
258,420,352,1196
259,418,354,1197
260,414,355,1196
261,413,354,1194
261,409,358,1194
261,406,358,1194
262,404,359,1196
262,404,358,1195
262,403,359,1194
261,403,358,1193
261,411,357,1192
261,409,355,1191
261,409,352,1192
260,409,350,1192
261,406,352,1191
262,405,350,1191
263,405,350,1194
263,403,351,1193
263,402,352,1193
263,402,348,1193
264,400,350,1192
264,399,350,1191
264,398,348,1192
264,395,351,1193
263,398,354,1194
263,397,355,1195
263,392,358,1197
264,390,356,1197
265,387,359,1197
266,384,361,1199
265,382,362,1200
265,380,363,1200
266,380,361,1200
266,378,363,1201
266,376,364,1201
266,375,362,1201
266,375,358,1200
267,375,357,1199
267,377,356,1200
266,376,355,1199
266,380,355,1197
266,385,351,1198
265,386,350,1198
265,384,350,1197
266,382,351,1198
266,379,354,1198
266,377,350,1197
266,376,350,1198
266,374,351,1198
267,372,353,1197
267,370,355,1196
266,369,354,1195
266,369,354,1195
266,368,355,1195
264,368,353,1196
264,370,353,1195
263,370,352,1198
263,369,350,1198
263,366,352,1199
263,366,351,1199
263,370,352,1198
263,367,353,1199
262,363,357,1200
262,362,357,1201
262,361,358,1200
261,363,358,1199
261,367,358,1198
261,367,357,1198
261,367,355,1198
261,366,356,1198
261,365,354,1199
262,364,351,1200
262,362,350,1199
263,362,349,1201
262,362,347,1201
262,360,349,1202
262,360,349,1199
261,360,346,1200
260,362,349,1200
260,360,350,1202
260,358,353,1201
260,358,351,1202
260,358,350,1201
260,358,349,1203
260,356,349,1203
260,355,349,1204
260,354,349,1204
260,353,347,1204
260,352,346,1203
260,353,345,1204
258,353,344,1206
258,353,344,1207
258,352,343,1206
258,354,342,1206
258,357,342,1206
258,356,342,1209
258,353,345,1210
259,352,345,1211
259,356,341,1213
259,362,341,1213
259,357,344,1213
259,357,342,1215
260,357,341,1215
260,356,340,1215
260,353,343,1217
260,353,343,1215
260,353,340,1214
260,360,338,1215
260,360,336,1215
261,363,335,1214
261,365,337,1214
261,361,339,1214
262,364,338,1214
262,364,337,1215
263,363,335,1217
263,362,333,1217
263,361,332,1216
264,358,335,1217
264,357,335,1222
264,355,335,1220
264,354,335,1220
264,352,336,1220
264,349,336,1223
264,348,335,1223
264,347,334,1224
264,346,335,1224
264,348,334,1225
264,352,335,1225
264,349,338,1224
264,349,337,1225
264,348,336,1226
264,348,336,1226
264,345,336,1226
263,344,336,1226
263,344,334,1226
262,343,332,1226
262,341,334,1224
262,341,333,1223
262,347,333,1222
260,347,332,1220
260,347,332,1219
260,347,330,1218
260,345,332,1220
260,349,330,1220
259,347,332,1221
259,345,334,1220
259,347,331,1218
259,344,334,1217
259,344,334,1217
259,341,337,1219
259,340,337,1220
259,340,337,1223
260,339,338,1222
259,338,338,1221
258,336,338,1219
258,334,340,1217
258,334,339,1217
258,333,339,1218
258,332,338,1219
258,331,337,1219
258,331,336,1219
258,343,338,1221
258,342,337,1221
258,342,336,1220
257,342,336,1221
257,341,337,1220
256,340,337,1220
256,343,335,1220
256,347,334,1222
256,347,334,1222
256,347,329,1223
256,347,326,1222
256,351,328,1224
256,351,330,1223
256,350,331,1223
256,352,332,1223
257,350,332,1223
257,349,331,1223
256,349,328,1222
256,354,330,1221
256,354,328,1222
256,353,328,1223
257,351,330,1222
257,349,332,1220
257,348,332,1219
257,346,334,1219
257,346,332,1224
257,343,335,1224
256,344,333,1223
257,343,333,1222
257,344,332,1223
257,351,335,1224
257,354,335,1225
257,354,334,1225
257,353,334,1224
257,350,333,1225
257,348,334,1225
257,348,333,1226
257,348,331,1227
256,347,337,1228
256,347,335,1229
256,347,333,1229
256,345,335,1228
256,354,336,1229
256,353,336,1228
256,350,339,1229
255,353,341,1232
255,355,340,1232
256,353,340,1233
256,356,341,1233
256,351,340,1232
256,352,340,1233
257,350,341,1234
257,348,343,1233
257,345,346,1229
257,342,348,1230
257,341,348,1232
257,339,349,1230
257,339,346,1230
257,338,347,1231
257,337,346,1230
257,335,347,1231
258,332,349,1230
258,330,350,1230
258,334,350,1232
258,334,350,1232
259,333,351,1233
262,332,351,1233
263,332,347,1234
265,331,347,1234
266,330,347,1234
266,330,345,1234
266,329,344,1234
267,328,343,1236
268,327,344,1237
267,327,342,1237
267,324,343,1237
267,323,344,1240
267,320,345,1239
267,318,344,1240
267,318,343,1243
267,315,345,1243
267,314,344,1240
268,314,342,1241
268,310,346,1241
268,312,349,1241
268,312,349,1241
267,311,348,1242
267,308,350,1242
268,307,349,1241
268,307,346,1242
267,307,345,1242
267,306,344,1242
267,307,344,1243
268,307,342,1242
267,305,344,1242
268,305,344,1243
267,305,343,1245
267,304,344,1244
267,304,342,1244
267,306,344,1244
267,306,342,1244
267,305,343,1245
267,302,344,1245
269,301,344,1246
269,301,344,1245
269,300,345,1242
270,301,347,1242
270,297,351,1242
270,300,347,1242
272,300,345,1243
271,299,346,1243
271,297,347,1242
271,301,350,1242
271,301,349,1243
270,300,347,1241
270,296,351,1241
270,295,351,1242
270,292,353,1242
269,292,350,1242
269,292,348,1242
270,292,348,1242
270,292,347,1243
270,294,348,1245
270,293,348,1246
268,293,345,1246
268,293,343,1245
268,292,341,1245
268,291,340,1247
269,291,340,1248
269,293,339,1244
270,294,340,1241
270,292,342,1240
270,289,345,1240
271,285,349,1241
271,283,350,1239
270,280,352,1239
270,277,352,1240
270,277,350,1240
270,277,350,1240
270,277,349,1240
270,276,349,1241
270,284,349,1242
270,284,347,1245
270,284,345,1244
270,283,346,1243
270,289,345,1242
271,286,348,1243
271,283,350,1244
271,281,351,1246
270,280,351,1247
271,279,351,1248
271,279,350,1250
271,279,349,1249
271,280,350,1251
271,280,350,1251
272,279,350,1252
272,279,350,1253
274,279,347,1256
274,277,347,1257
276,275,348,1258
276,274,346,1258
277,270,349,1259
277,270,346,1261
277,270,346,1263
277,269,346,1264
277,269,344,1264
277,272,344,1266
276,275,344,1265
276,275,342,1266
276,274,343,1265
276,279,344,1266
276,279,343,1267
276,279,340,1270
276,278,339,1270
275,278,338,1270
275,279,340,1271
275,278,339,1270
275,278,338,1271
275,277,338,1271
274,276,339,1271
275,281,338,1270
275,281,336,1271
275,281,336,1270
276,280,334,1270
276,282,335,1271
276,282,335,1272
276,281,336,1272
276,281,336,1276
275,281,334,1275
275,281,333,1273
275,280,330,1274
275,280,327,1272
275,279,328,1273
275,288,326,1274
275,288,324,1275
275,288,324,1275
276,288,321,1277
275,286,323,1277
275,285,323,1277
275,284,324,1277
274,286,324,1278
274,284,324,1276
274,284,323,1277
274,281,325,1276
274,286,324,1276
274,285,323,1277
274,285,321,1278
274,284,320,1280
274,283,321,1283
274,283,319,1282
273,283,319,1283
273,283,319,1284
273,282,320,1284
274,281,318,1284
274,281,316,1286
274,279,314,1288
276,278,315,1287
276,277,315,1287
277,276,314,1286
277,276,314,1287
277,276,314,1288
278,278,313,1288
278,278,314,1287
278,276,315,1288
278,276,315,1287
278,276,313,1286
279,275,314,1286
278,280,312,1284
278,280,311,1284
278,279,310,1284
278,277,310,1283
278,275,311,1284
278,274,311,1283
278,272,312,1283
279,272,311,1281
279,271,311,1281
278,278,311,1282
278,277,311,1280
278,274,312,1281
279,274,312,1279
278,274,310,1278
278,274,306,1280
277,278,302,1279
277,276,304,1279
277,279,304,1279
277,279,303,1278
277,278,301,1280
277,282,300,1279
277,281,299,1279
277,278,302,1280
277,276,303,1280
279,274,304,1283
278,272,306,1283
278,271,306,1284
279,271,306,1283
279,270,306,1285
279,269,307,1284
279,268,306,1282
279,268,305,1280
279,267,306,1279
279,274,306,1279
279,274,305,1282
279,278,306,1282
279,284,307,1282
280,283,307,1282
280,282,306,1285
280,280,307,1286
280,278,308,1286
280,283,309,1289
280,283,308,1291
280,282,310,1290
281,282,309,1290
281,282,304,1291
281,281,304,1292
281,280,305,1291
282,280,302,1291
283,282,301,1293
283,282,299,1294
283,280,300,1295
283,280,297,1297
284,280,296,1296
284,280,295,1297
284,279,296,1296
284,279,293,1297
284,278,294,1299
284,277,292,1300
284,276,291,1298
284,275,290,1299
284,274,289,1299
284,272,287,1299
284,270,288,1298
284,270,287,1298
284,274,285,1298
284,274,284,1299
285,274,282,1299
285,273,281,1299
285,271,280,1299
285,278,279,1297
285,278,278,1300
285,276,279,1301
285,275,279,1299
284,280,278,1301
285,278,279,1302
285,277,279,1302
285,277,278,1303
285,276,278,1305
285,276,276,1304
285,283,275,1304
285,283,273,1305
285,282,273,1305
286,281,273,1308
286,284,271,1308
286,284,269,1307
287,283,267,1308
287,282,268,1310
287,281,269,1310
287,281,267,1311
286,278,269,1309
286,281,269,1309
286,279,271,1307
286,279,271,1309
287,278,272,1308
287,277,273,1308
287,277,272,1307
287,277,271,1309
287,276,271,1309
287,276,271,1309
287,274,269,1310
287,274,269,1309
287,272,270,1309
287,275,269,1309
287,274,270,1308
287,279,271,1308
287,290,270,1311
287,289,271,1311
287,289,267,1310
287,299,268,1309
287,297,269,1309
287,296,268,1310
287,294,270,1310
287,293,270,1310
287,293,268,1311
288,290,270,1312
288,290,267,1314
288,290,267,1315
288,289,268,1315
288,288,269,1314
288,287,268,1315
288,286,268,1315
289,286,267,1318
288,287,266,1316
288,287,264,1316
288,286,263,1315
288,284,264,1316
288,282,265,1315
288,281,264,1313
287,280,264,1312
287,278,265,1312
288,275,266,1312
288,273,267,1313
288,272,268,1315
288,279,267,1314
288,279,266,1312
288,277,268,1311
288,275,269,1310
288,277,267,1313
288,279,267,1314
288,279,267,1319
288,278,267,1322
287,277,266,1322
287,277,264,1323
287,277,260,1324
287,277,259,1324
287,276,260,1324
287,275,261,1324
287,275,259,1322
288,280,258,1322
289,279,259,1323
289,279,258,1322
289,278,258,1322
290,278,258,1323
290,285,257,1324
290,284,256,1324
290,283,256,1323
290,282,256,1325
290,281,254,1325
291,280,254,1324
290,280,254,1323
291,278,256,1324
290,278,256,1324
290,277,257,1324
289,274,259,1323
291,274,259,1323
291,274,258,1325
290,274,258,1326
290,274,257,1323
290,273,257,1323
290,274,257,1326
290,272,258,1326
290,271,258,1327
290,271,256,1326
291,271,255,1327
292,274,255,1326
292,274,255,1327
292,272,256,1330
292,273,255,1330
293,273,255,1333
293,272,255,1335
294,272,254,1336
294,271,252,1337
294,269,254,1338
294,268,254,1337
294,268,251,1337
294,267,250,1337
294,266,249,1335
294,264,250,1337
294,265,253,1340
295,267,253,1341
295,266,253,1343
295,265,253,1344
295,265,252,1344
294,265,252,1346
295,265,251,1344
295,265,251,1342
295,265,250,1344
295,263,251,1345
295,263,251,1347
294,262,252,1349
294,261,253,1349
293,260,253,1348
293,260,252,1349
293,259,249,1351
294,258,249,1351
294,258,249,1353
294,257,250,1353
294,259,249,1353
294,264,251,1352
294,262,253,1354
295,260,253,1356
295,263,252,1357
296,260,255,1358
296,259,255,1360
298,259,252,1360
298,261,251,1358
300,261,250,1359
300,263,248,1361
301,263,247,1363
302,261,249,1362
303,260,249,1362
303,260,248,1362
303,260,248,1364
303,259,248,1365
303,256,250,1366
303,256,249,1367
303,255,248,1367
303,255,247,1366
303,261,248,1367
302,260,248,1367
302,260,246,1367
303,262,246,1366
302,267,246,1365
303,265,247,1367
303,268,248,1368
304,274,248,1369
305,273,248,1369
305,273,248,1368
305,273,247,1367
305,272,247,1367
305,272,245,1370
304,272,244,1370
304,272,243,1370
304,271,243,1371
304,269,245,1370
305,269,243,1371
305,269,241,1372
305,269,241,1373
304,268,240,1374
304,268,239,1375
304,267,240,1375
305,272,241,1374
305,272,239,1375
305,271,238,1375
305,269,239,1376
305,269,238,1376
305,268,238,1376
302,270,238,1378
302,269,239,1378
302,269,238,1377
303,268,239,1376
303,266,240,1377
303,266,237,1376
303,266,237,1379
303,265,237,1381
303,266,238,1381
303,265,239,1384
303,263,241,1381
304,268,240,1381
304,267,240,1380
304,271,242,1383
304,266,244,1383
304,264,245,1383
304,264,243,1382
304,263,244,1384
303,262,245,1387
303,261,244,1387
303,263,244,1387
303,261,244,1388
304,261,242,1389
303,261,240,1390
303,261,239,1395
302,258,241,1397
302,258,240,1398
303,258,238,1400
303,258,237,1400
303,258,233,1399
303,257,234,1399
303,257,233,1399
303,257,232,1404
303,257,230,1404
303,257,230,1405
303,255,232,1405
303,252,235,1403
303,258,235,1402
303,256,235,1402
303,256,234,1405
303,255,235,1405
303,254,235,1403
303,253,235,1404
302,250,237,1405
302,250,235,1406
302,249,235,1407
302,253,235,1407
302,253,235,1408
302,251,237,1407
302,251,236,1407
302,250,234,1409
302,249,234,1411
302,249,234,1412
302,249,234,1413
300,249,233,1416
300,247,231,1417
300,247,230,1418
300,247,229,1420
301,247,229,1422
301,246,229,1422
302,246,229,1422
302,247,231,1423
302,249,229,1425
302,251,228,1426
302,251,227,1427
303,248,230,1427
303,247,231,1429
303,245,232,1430
304,244,232,1433
306,243,233,1433
306,241,233,1432
307,242,233,1431
307,242,231,1432
307,241,232,1434
307,241,231,1434
308,241,231,1435
309,241,230,1439
309,237,234,1441
308,244,232,1444
310,244,231,1447
311,244,231,1447
310,242,233,1447
311,240,235,1448
312,240,235,1447
312,240,234,1447
312,245,233,1451
311,244,231,1454
312,243,232,1456
312,243,230,1458
312,242,230,1458
312,242,229,1458
312,241,227,1459
312,241,226,1461
312,240,227,1463
313,238,227,1462
313,241,228,1463
313,241,230,1464
312,239,232,1466
312,238,233,1468
312,236,233,1468
312,236,232,1468
311,234,234,1467
311,233,233,1467
311,231,235,1467
311,230,235,1467
311,234,233,1468
311,237,232,1469
311,237,231,1469
311,237,229,1470
311,240,231,1469
310,240,231,1470
310,239,230,1473
310,237,231,1474
310,241,230,1476
309,240,229,1476
309,239,229,1475
310,239,227,1478
310,237,227,1478
311,242,227,1480
311,242,226,1480
311,241,225,1481
311,238,227,1482
311,235,230,1483
311,234,231,1481
312,233,232,1481
312,232,232,1480
312,232,232,1480
313,231,232,1482
315,229,234,1481
316,228,232,1479
316,226,234,1480
316,225,234,1480
316,225,233,1481
316,222,236,1483
317,221,236,1483
317,221,236,1483
316,221,235,1483
316,220,235,1484
316,219,236,1485
316,218,237,1487
316,216,236,1489
316,215,236,1487
316,214,236,1488
315,217,236,1488
315,217,236,1488
315,215,237,1491
316,215,234,1491
316,214,233,1494
317,212,233,1496
317,212,232,1494
317,212,231,1493
318,212,230,1493
318,210,231,1492
318,209,229,1491
318,208,230,1492
318,207,229,1492
318,206,228,1494
318,203,231,1496
318,200,233,1498
318,200,233,1499
317,204,233,1499
317,209,232,1498
317,209,231,1500
316,208,232,1501
316,207,232,1502
316,204,234,1503
316,203,235,1503
316,203,235,1505
316,203,235,1509
316,203,233,1509
316,202,234,1511
316,201,233,1514
316,199,235,1519
317,198,234,1520
317,202,233,1521
317,201,232,1522
317,197,236,1522
316,193,238,1521
316,193,237,1521
316,191,238,1522
316,191,237,1524
319,191,237,1524
319,190,238,1523
319,193,237,1523
319,195,238,1525
319,192,240,1524
319,189,241,1525
321,188,241,1527
321,188,240,1527
321,187,241,1528
321,185,241,1530
321,184,241,1530
323,183,240,1532
323,183,240,1533
323,182,241,1536
323,182,241,1538
323,181,242,1538
323,181,242,1540
324,181,242,1542
323,181,241,1542
324,181,240,1544
324,180,237,1547
324,178,239,1548
324,178,238,1549
325,178,238,1551
326,178,237,1552
326,179,237,1552
325,180,237,1556
324,180,237,1557
324,180,237,1558
326,178,238,1557
326,178,237,1557
326,177,237,1558
326,177,237,1560
326,176,236,1563
326,176,235,1565
327,175,236,1566
327,173,237,1567
327,172,235,1567
327,171,236,1568
327,171,236,1568
327,175,235,1570
327,174,236,1570
327,174,235,1571
327,173,236,1571
327,173,236,1573
327,173,235,1577
327,172,233,1576
327,172,233,1576
327,171,233,1580
327,175,233,1582
327,175,233,1582
327,175,233,1581
327,173,235,1581
328,173,235,1584
328,173,232,1583
328,179,233,1584
328,179,232,1587
328,184,232,1586
328,185,231,1588
328,185,230,1589
328,185,229,1590
328,181,233,1591
328,181,231,1593
328,180,232,1596
329,180,232,1596
329,180,231,1597
329,180,230,1598
329,180,230,1600
329,180,229,1603
329,180,229,1604
329,186,228,1607
329,186,227,1609
329,186,226,1609
329,185,226,1613
330,185,226,1613
330,184,227,1612
330,183,228,1614
330,183,228,1614
330,182,228,1613
330,181,229,1618
330,180,228,1620
329,187,227,1620
331,186,228,1622
331,186,228,1623
331,182,229,1625
331,181,228,1627
331,177,231,1626
332,177,230,1628
332,175,232,1630
332,174,232,1631
332,174,230,1631
332,173,231,1633
333,171,232,1634
333,169,234,1633
333,174,236,1635
334,173,237,1638
335,173,237,1638
335,173,234,1637
336,173,234,1638
336,173,234,1640
336,173,232,1641
336,171,233,1641
336,170,234,1645
337,168,234,1645
337,175,234,1644
336,174,233,1647
337,174,232,1646
337,173,231,1645
337,178,230,1649
337,176,232,1648
337,175,233,1650
337,175,232,1653
337,174,232,1652
337,174,231,1651
337,174,230,1652
337,174,230,1651
337,175,229,1651
337,174,229,1654
337,172,231,1656
338,171,231,1656
338,171,230,1657
339,171,228,1657
339,170,227,1657
339,170,226,1660
339,170,225,1660
339,170,225,1659
339,169,226,1659
340,169,225,1658
340,169,224,1661
340,167,225,1663
340,166,224,1666
340,165,225,1668
340,165,225,1671
340,165,225,1673
340,165,224,1674
340,163,226,1676
340,162,226,1676
340,162,226,1676
340,162,226,1677
341,164,225,1679
341,164,224,1679
341,164,224,1680
341,162,225,1680
342,162,224,1680
342,162,223,1680
342,162,221,1682
342,160,221,1683
342,160,221,1684
342,160,219,1685
342,160,218,1686
342,160,218,1687
342,160,218,1687
343,160,217,1687
343,160,215,1688
344,158,216,1688
344,157,216,1688
344,157,215,1687
344,157,213,1688
344,157,213,1691
344,155,215,1692
344,155,213,1694
345,155,213,1697
345,154,213,1698
345,154,212,1699
345,154,211,1702
346,154,210,1706
346,153,211,1708
346,153,210,1708
346,151,208,1710
347,150,208,1712
348,149,209,1713
347,149,207,1714
347,149,207,1714
346,148,207,1715
346,147,208,1716
346,147,208,1717
346,151,208,1719
347,151,208,1719
346,150,209,1722
346,150,209,1722
346,150,209,1724
346,150,209,1726
347,150,208,1727
348,150,207,1727
349,149,207,1728
350,149,206,1729
351,149,205,1730
351,148,206,1730
351,148,206,1732
351,146,208,1731
351,143,211,1732
351,143,211,1731
351,143,210,1732
351,143,210,1735
351,143,206,1738
351,145,205,1741
351,145,204,1742
351,144,203,1742
351,144,200,1744
351,144,200,1743
351,143,196,1744
351,143,195,1746
351,143,193,1746
353,143,192,1746
355,143,191,1747
355,142,190,1750
355,142,190,1750
356,142,189,1751
355,142,187,1751
355,141,188,1752
355,140,187,1752
355,140,186,1753
355,139,185,1754
355,139,185,1755
356,150,183,1757
356,150,183,1758
355,149,184,1758
355,155,184,1756
355,155,184,1756
355,160,183,1756
355,161,182,1756
356,160,182,1756
356,160,181,1760
356,160,180,1765
356,160,180,1767
356,164,178,1767
356,169,177,1768
357,171,177,1767
358,171,176,1767
358,169,176,1768
358,169,176,1767
358,172,175,1769
357,170,177,1772
357,170,176,1773
357,169,176,1781
357,169,176,1782
357,168,173,1782
357,167,174,1783
357,166,175,1788
358,164,176,1788
358,164,175,1787
358,164,173,1786
358,164,173,1789
358,164,172,1794
358,164,172,1795
359,162,170,1796
359,162,169,1797
359,162,167,1798
359,162,167,1796
359,161,167,1800
359,160,168,1800
358,159,167,1801
358,159,165,1802
358,159,164,1804
358,159,164,1806
357,158,165,1806
357,158,165,1809
357,156,165,1809
357,156,164,1807
357,155,164,1807
356,153,166,1805
356,153,165,1806
356,152,166,1807
356,151,166,1808
356,151,164,1809
356,156,165,1808
356,156,164,1809
356,154,166,1810
356,154,165,1812
357,154,164,1813
358,153,163,1815
358,154,164,1818
358,153,164,1818
359,153,164,1819
359,152,165,1818
359,156,166,1816
360,156,165,1819
359,153,167,1821
361,153,167,1821
361,153,166,1823
361,153,164,1822
361,152,163,1824
360,152,161,1823
360,151,161,1824
360,150,162,1826
360,150,161,1826
360,150,160,1827
361,149,159,1827
361,149,159,1827
361,148,160,1828
361,148,160,1829
361,148,157,1830
362,147,157,1833
362,146,157,1835
362,145,158,1837
362,145,158,1838
362,144,159,1839
362,144,159,1842
362,144,159,1843
363,144,159,1844
363,144,157,1846
363,143,158,1848
363,143,158,1847
364,143,157,1846
365,142,157,1846
365,142,156,1846
365,142,155,1845
365,141,156,1848
365,140,156,1849
366,140,154,1851
366,140,153,1853
366,140,153,1853
366,140,152,1852
366,138,150,1854
366,138,150,1855
366,138,149,1856
366,138,148,1856
366,135,151,1859
366,135,151,1859
366,134,151,1860
367,134,151,1859
367,133,152,1862
367,132,153,1864
369,132,152,1865
369,131,153,1868
369,131,149,1868
369,131,147,1867
369,131,146,1870
370,131,146,1872
371,131,145,1873
371,131,144,1875
371,130,145,1873
371,129,146,1873
371,129,143,1877
371,129,143,1878
371,129,142,1880
371,129,139,1881
371,129,138,1882
371,133,137,1882
371,132,138,1884
371,133,136,1887
372,132,137,1889
372,131,137,1891
372,131,138,1894
372,131,137,1894
372,130,138,1897
372,129,139,1898
373,129,139,1896
373,129,139,1898
373,129,139,1899
374,129,139,1900
374,129,139,1903
374,129,137,1904
374,129,135,1907
374,128,135,1909
374,127,135,1911
374,127,131,1914
374,127,130,1915
374,127,130,1921
374,127,130,1922
375,126,130,1923
375,129,130,1923
375,129,130,1922
375,131,129,1924
376,131,128,1924
376,131,127,1926
378,129,129,1926
378,128,130,1928
379,128,130,1928
380,128,130,1929
380,128,130,1929
380,128,129,1928
380,128,129,1929
380,127,129,1933
380,127,130,1935
379,124,133,1938
379,124,132,1939
380,124,132,1941
380,123,132,1942
382,123,132,1943
382,123,129,1944
382,122,130,1945
382,122,130,1946
382,121,131,1950
382,121,131,1952
382,121,130,1953
382,121,130,1953
382,120,131,1955
382,120,131,1956
381,119,132,1957
382,118,133,1959
383,118,132,1963
382,117,132,1967
382,116,133,1965
382,115,133,1967
382,115,132,1967
382,115,132,1971
384,115,132,1974
384,115,131,1976
384,114,132,1978
384,114,132,1978
385,114,132,1979
385,113,133,1980
385,113,132,1981
385,113,130,1986
386,113,130,1987
386,113,130,1987
386,113,130,1986
386,111,132,1988
386,111,131,1989
386,110,131,1991
385,110,130,1994
385,110,129,1995
386,110,128,1996
387,110,128,1997
387,114,128,1998
387,113,128,1999
387,113,126,2001
388,120,125,2002
388,119,126,2002
388,119,125,2003
388,119,125,2003
389,118,126,2003
389,117,127,2005
389,117,127,2009
390,117,127,2012
390,117,127,2013
390,117,125,2016
390,117,124,2015
390,117,124,2016
391,117,124,2017
391,117,121,2019
391,117,121,2020
391,117,121,2020
391,120,121,2021
391,120,120,2022
391,120,120,2023
393,120,119,2024
394,120,119,2026
394,119,118,2027
395,118,119,2029
395,118,118,2033
395,118,116,2034
396,118,116,2035
398,117,114,2040
398,117,114,2039
398,118,114,2040
399,120,114,2040
400,119,114,2041
400,124,116,2041
401,124,116,2040
401,123,117,2038
401,123,117,2040
402,123,116,2040
402,123,116,2042
402,122,117,2045
402,122,117,2047
402,121,118,2049
400,121,117,2051
400,121,117,2052
401,121,116,2056
402,121,116,2060
402,121,115,2060
402,121,114,2061
402,121,114,2064
403,121,113,2066
404,121,113,2069
405,121,113,2071
405,120,114,2074
405,120,113,2075
405,120,110,2077
406,119,111,2076
407,119,111,2077
408,119,110,2078
408,119,110,2079
408,119,109,2082
408,124,109,2084
408,124,109,2087
408,123,110,2093
408,122,109,2099
409,122,109,2101
409,122,109,2105
409,126,108,2106
411,125,108,2108
410,124,109,2110
410,123,110,2111
410,123,109,2113
410,123,108,2114
410,123,108,2113
410,124,108,2117
412,124,108,2117
412,123,109,2118
413,123,108,2120
412,122,108,2125
413,122,108,2125
413,122,108,2125
412,122,108,2127
412,128,108,2127
412,128,108,2131
413,128,106,2134
413,128,106,2136
413,128,106,2135
414,126,108,2137
414,126,108,2137
413,132,107,2137
415,132,107,2140
416,131,108,2138
415,131,107,2139
414,131,107,2140
415,131,107,2141
416,131,107,2142
416,130,108,2141
415,130,108,2142
415,130,108,2141
415,128,109,2141
415,132,109,2140
414,132,108,2140
414,132,106,2139
415,131,103,2141
415,131,102,2141
415,137,102,2139
415,137,101,2141
415,140,101,2144
415,139,102,2146
415,139,101,2149
415,141,100,2148
415,142,100,2148
415,142,100,2148
415,142,98,2147
414,142,98,2147
413,142,97,2150
412,141,98,2150
412,140,99,2152
413,140,99,2152
413,138,100,2152
413,138,100,2155
414,138,100,2154
415,138,100,2154
414,137,101,2154
414,136,101,2155
414,139,101,2156
415,139,100,2157
415,139,100,2157
415,139,100,2157
415,139,99,2157
415,139,99,2158
415,138,100,2157
415,137,101,2160
415,137,101,2159
415,137,100,2162
415,137,100,2160
415,137,99,2162
415,137,99,2160
415,136,99,2163
415,136,99,2163
415,136,99,2163
415,136,99,2165
416,135,100,2167
416,135,100,2168
416,135,100,2167
416,135,100,2169
416,134,101,2169
416,139,101,2172
416,139,100,2172
417,138,100,2172
419,138,100,2173
421,136,100,2176
422,135,100,2177
422,135,100,2177
423,135,100,2180
423,135,99,2183
423,135,99,2184
423,133,101,2184
423,133,99,2183
423,133,99,2181
423,133,99,2182
423,133,99,2181
423,133,99,2186
423,133,98,2186
424,133,97,2189
424,132,98,2189
424,132,98,2189
423,132,97,2191
424,132,96,2192
425,131,97,2193
425,130,97,2195
425,130,96,2195
425,135,96,2194
426,135,96,2193
426,135,96,2193
426,135,95,2197
428,135,94,2197
428,135,94,2199
428,135,93,2202
428,135,93,2202
428,135,91,2202
428,135,90,2203
428,134,91,2205
428,134,89,2207
429,134,89,2208
429,134,89,2209
429,134,87,2210
429,140,87,2210
429,140,87,2213
429,140,87,2216
429,139,87,2215
428,139,86,2218
428,139,86,2219
428,139,85,2219
428,139,84,2220
428,138,85,2221
428,137,84,2220
429,138,84,2221
430,138,84,2219
430,138,84,2218
430,137,85,2220
431,136,85,2225
431,136,85,2226
431,135,85,2228
432,135,85,2228
434,135,85,2229
434,135,85,2231
434,135,85,2233
434,134,86,2234
434,133,87,2236
436,131,88,2236
436,130,89,2239
437,130,89,2240
437,130,88,2241
437,130,87,2242
437,130,86,2245
437,129,87,2245
437,129,87,2247
437,129,87,2246
437,128,88,2247
438,128,88,2245
438,128,88,2245
438,128,88,2248
438,126,90,2247
439,126,90,2251
439,132,90,2256
439,132,89,2256
438,132,88,2258
438,132,88,2261
439,132,88,2263
439,132,87,2265
439,132,85,2264
439,132,85,2264
438,132,85,2264
438,132,85,2264
439,132,85,2268
439,132,84,2269
439,132,84,2270
439,132,84,2272
439,132,84,2273
439,130,85,2274
439,130,84,2275
439,130,84,2277
440,130,81,2280
440,129,82,2282
440,129,82,2282
440,129,82,2284
440,129,82,2282
440,129,82,2282
440,129,80,2280
441,129,80,2279
441,129,80,2277
441,127,80,2279
441,127,79,2279
440,127,78,2278
440,126,79,2276
440,126,79,2278
440,132,79,2276
439,132,79,2278
440,135,78,2281
441,135,78,2284
441,134,77,2287
442,133,77,2288
442,133,76,2288
442,133,76,2287
443,133,76,2287
443,133,75,2287
443,133,75,2290
443,133,75,2290
443,136,74,2292
443,135,74,2296
443,134,75,2299
443,134,74,2303
443,133,75,2304
443,133,75,2304
443,132,73,2306
444,132,73,2307
444,130,75,2307
445,130,75,2307
445,126,78,2309
445,126,78,2312
445,123,81,2314
445,122,82,2316
445,122,82,2317
445,121,83,2318
445,121,82,2320
445,120,83,2320
445,119,84,2323
445,119,84,2323
445,125,84,2323
446,125,83,2324
446,125,83,2325
445,131,83,2328
445,130,83,2332
445,130,83,2335
444,130,83,2336
445,129,84,2336
445,129,84,2341
445,130,83,2342
445,130,82,2343
445,130,82,2346
445,129,82,2347
445,129,82,2347
445,131,82,2351
446,130,83,2354
445,136,83,2353
445,136,83,2355
446,136,83,2356
445,136,83,2356
447,136,83,2357
448,136,82,2361
448,136,82,2362
448,135,83,2361
448,134,84,2362
448,134,84,2362
448,134,84,2362
448,140,84,2364
447,139,85,2366
447,139,85,2368
447,139,85,2369
448,139,85,2370
448,138,86,2372
448,137,87,2372
448,135,89,2375
448,135,89,2375
448,135,88,2374
448,135,88,2376
448,139,89,2378
448,139,89,2379
448,139,89,2381
448,137,91,2383
449,137,89,2392
449,137,89,2393
449,137,89,2394
448,137,89,2395
449,142,88,2397
449,142,88,2396
450,141,88,2397
450,141,88,2398
450,138,91,2399
451,137,91,2397
451,136,91,2401
451,136,91,2402
451,135,92,2404
453,135,91,2404
452,135,89,2402
452,135,89,2403
453,135,89,2405
453,135,89,2404
454,135,88,2404
452,135,88,2404
452,141,88,2403
452,141,88,2404
451,141,88,2407
452,147,89,2409
453,147,89,2409
453,146,89,2410
452,146,87,2413
452,145,88,2415
453,145,88,2416
453,145,87,2417
453,144,88,2418
453,144,88,2418
454,144,88,2419
455,144,86,2421
456,143,87,2420
457,139,91,2421
457,139,90,2421
457,139,90,2421
457,139,90,2421
457,139,89,2424
457,138,90,2427
458,136,92,2427
459,136,91,2427
461,136,90,2428
462,135,89,2425
461,135,89,2422
463,134,89,2420
463,134,89,2420
463,134,87,2424
463,133,88,2424
463,133,88,2427
462,133,86,2428
462,132,86,2430
462,132,84,2431
463,132,84,2433
463,132,84,2432
463,132,83,2431
463,132,83,2431
464,130,85,2428
465,129,86,2428
465,129,86,2428
465,131,86,2429
466,131,86,2429
467,136,86,2429
467,136,85,2431
467,135,86,2433
467,135,83,2433
469,135,84,2434
471,135,84,2434
471,135,83,2436
471,135,83,2438
471,135,83,2437
471,135,83,2440
471,135,83,2441
471,135,83,2441
471,135,83,2444
471,135,83,2443
471,133,84,2444
470,133,84,2446
470,139,83,2446
470,139,83,2445
472,139,82,2448
472,139,82,2449
472,139,82,2447
472,139,82,2447
472,139,82,2447
472,139,81,2447
472,138,81,2447
473,138,78,2449
473,138,78,2449
474,137,79,2449
474,136,80,2447
473,143,80,2448
473,143,80,2451
474,142,81,2452
474,142,81,2454
473,142,81,2452
472,142,81,2453
471,141,81,2453
472,140,81,2458
472,139,82,2457
472,139,82,2458
471,139,81,2460
471,139,81,2462
471,139,80,2463
471,138,81,2463
471,138,79,2464
471,141,78,2467
471,141,78,2469
474,141,78,2471
475,145,78,2472
475,145,77,2473
475,145,76,2475
475,145,76,2475
474,143,77,2475
475,143,77,2480
475,143,76,2481
476,143,76,2483
476,143,76,2485
476,142,77,2484
475,142,77,2485
474,142,77,2485
475,142,76,2485
477,142,76,2486
477,142,76,2488
478,142,74,2489
478,142,74,2492
478,142,73,2494
477,142,73,2496
477,142,73,2497
479,142,72,2497
479,141,73,2497
479,139,75,2500
479,139,73,2498
479,139,72,2500
479,139,72,2497
479,139,72,2498
479,138,73,2498
479,138,73,2498
479,143,73,2497
479,143,72,2497
479,143,72,2497
479,143,72,2497
479,143,72,2503
479,144,71,2502
479,144,71,2500
480,143,71,2499
480,143,71,2502
480,142,72,2501
479,141,73,2500
480,142,73,2500
480,142,70,2499
479,141,71,2499
479,141,71,2501
479,140,72,2500
479,140,72,2499
479,139,73,2500
479,139,72,2497
480,139,72,2500
480,139,71,2499
479,139,71,2499
479,138,72,2500
480,138,70,2499
481,138,69,2500
481,138,68,2500
481,138,68,2499
482,138,68,2502
482,137,69,2500
482,137,68,2500
483,137,68,2499
483,136,68,2497
484,136,68,2497
486,136,68,2496
486,136,67,2497
486,135,67,2498
487,135,67,2497
487,134,68,2498
487,133,69,2499
487,133,69,2496
488,133,68,2498
488,133,68,2498
488,133,68,2498
489,132,67,2503
489,135,67,2501
490,135,67,2500
489,134,68,2498
489,133,69,2499
489,133,68,2500
490,132,69,2499
490,138,69,2500
489,138,68,2500
491,144,67,2497
491,144,67,2498
491,144,67,2500
492,144,67,2499
493,143,68,2502
493,143,68,2502
493,142,69,2502
493,142,68,2502
494,142,68,2501
494,142,68,2499
495,141,68,2498
496,141,67,2499
496,141,67,2501
496,141,67,2500
497,140,68,2498
497,139,69,2498
497,138,70,2500
497,138,70,2500
497,138,70,2500
497,137,71,2499
497,137,71,2502
497,135,73,2502
498,135,73,2501
497,135,72,2501
498,134,72,2500
499,133,72,2498
499,133,72,2501
500,133,72,2501
500,133,71,2501
500,132,71,2500
502,132,71,2498
502,131,71,2496
503,131,71,2497
504,131,70,2498
504,131,70,2500
504,131,71,2499
505,131,71,2501
505,132,73,2501
505,131,74,2499
505,129,76,2503
505,129,76,2503
505,129,76,2503
505,129,76,2503
505,129,76,2501
504,129,75,2501
504,128,76,2501
504,128,76,2500
504,128,76,2498
504,128,76,2498
504,128,76,2498
504,127,77,2497
504,127,77,2498
504,127,77,2499
505,127,77,2498
505,126,78,2501
505,126,77,2500
505,125,78,2500
505,125,78,2498
507,125,78,2497
508,124,79,2497
508,124,78,2498
508,124,78,2501
508,123,79,2501
508,123,79,2499
509,121,81,2499
509,120,81,2499
509,119,82,2501
509,121,80,2500
509,121,79,2498
510,121,79,2498
511,121,79,2500
512,120,80,2499
512,120,80,2501
512,119,81,2500
511,119,80,2499
511,119,79,2500
511,119,79,2500
511,126,79,2498
511,126,79,2498
510,125,79,2499
510,125,79,2500
509,124,80,2498
509,122,81,2498
509,121,82,2500
510,121,82,2500
510,120,83,2500
510,120,83,2499
510,119,84,2500
509,119,84,2499
508,119,84,2499
508,119,83,2500
508,118,84,2499
509,118,84,2498
509,117,85,2499
509,116,86,2502
510,116,86,2501
510,114,87,2501
510,114,87,2500
513,114,87,2499
514,114,86,2500
514,113,87,2499
516,111,89,2498
516,111,89,2498
515,110,89,2500
514,109,89,2499
514,109,89,2499
514,109,89,2500
515,108,90,2498
515,109,91,2499
515,114,91,2499
515,112,92,2499
515,112,92,2500
517,114,94,2500
517,112,96,2500
518,111,97,2499
519,111,97,2497
520,109,98,2496
520,109,98,2495
521,109,96,2495
521,109,96,2496
521,108,97,2495
520,108,97,2494
521,108,97,2495
521,108,95,2497
521,108,94,2497
521,108,94,2500
521,108,94,2500
521,108,94,2498
522,108,94,2498
524,107,94,2499
525,111,94,2499
525,111,92,2500
527,110,92,2499
527,116,92,2503
527,115,93,2501
527,114,94,2501
527,113,95,2500
528,113,95,2500
529,113,95,2500
530,113,95,2500
532,118,96,2498
533,118,95,2497
534,118,95,2499
534,118,94,2499
536,118,94,2501
536,118,94,2499
536,118,93,2498
537,118,91,2496
537,118,91,2497
538,118,91,2498
538,118,91,2497
539,118,91,2500
540,118,90,2499
541,117,91,2500
541,117,90,2500
542,117,90,2500
542,117,89,2499
542,117,89,2497
542,116,90,2497
542,114,91,2501
543,114,91,2499
542,114,91,2499
542,112,92,2499
543,111,93,2498
543,111,93,2499
544,110,93,2502
545,110,93,2502
546,110,93,2502
547,110,92,2501
547,109,93,2501
547,109,93,2498
548,109,93,2499
548,109,93,2498
549,109,93,2499
549,109,93,2499
550,109,93,2500
550,109,92,2500
550,109,91,2499
550,109,91,2500
550,109,91,2500
550,109,90,2499
549,109,90,2499
549,107,92,2499
550,107,92,2498
549,107,91,2500
550,106,92,2500
549,104,93,2500
549,110,94,2499
549,110,94,2497
549,110,93,2499
549,110,93,2501
549,110,93,2501
549,110,93,2499
549,110,93,2501
549,110,93,2501
549,110,93,2497
549,110,93,2499
549,109,94,2499
549,109,94,2497
550,108,95,2493
551,108,94,2493
549,107,95,2494
550,106,94,2496
551,110,94,2500
551,109,95,2499
552,108,96,2497
552,115,96,2496
552,115,96,2496
553,114,97,2495
554,113,97,2495
554,112,97,2494
554,112,97,2494
554,112,96,2493
554,111,96,2493
553,111,95,2494
553,110,95,2496
553,109,96,2496
554,108,97,2497
554,108,97,2497
554,108,97,2499
554,107,98,2498
554,107,97,2499
554,107,97,2500
555,107,95,2498
555,106,96,2498
556,105,97,2500
557,104,98,2500
556,104,98,2500
557,104,97,2499
557,103,97,2499
557,103,97,2500
557,102,98,2499
558,101,99,2498
559,101,98,2498
561,101,97,2499
561,101,97,2498
561,101,96,2500
561,100,96,2500
562,99,97,2500
562,99,96,2499
562,99,96,2497
563,99,96,2497
563,99,96,2499
564,99,96,2502
562,99,95,2501
561,99,93,2499
561,99,93,2500
561,98,94,2499
561,98,94,2501
561,98,94,2500
561,98,94,2499
561,98,94,2501
561,98,94,2501
562,98,94,2501
563,97,95,2501
563,97,95,2501
564,102,96,2500
563,101,96,2500
564,100,97,2500
564,99,98,2500
564,102,96,2500
564,100,98,2498
564,99,98,2498
564,98,98,2497
565,97,98,2499
565,97,96,2498
565,96,97,2497
565,96,97,2498
565,95,98,2496
567,94,99,2499
567,94,99,2501
569,94,98,2499
571,94,98,2498
572,94,98,2499
573,94,98,2500
574,100,97,2500
575,100,97,2500
575,99,98,2497
578,99,97,2499
577,98,97,2501
577,97,95,2501
579,97,93,2500
579,97,92,2500
580,96,92,2500
580,96,92,2500
580,96,92,2497
580,94,93,2496
580,93,93,2497
581,93,93,2499
581,94,94,2501
581,96,94,2501
581,95,94,2500
581,95,93,2500
581,95,93,2500
582,94,93,2499
582,94,93,2499
583,94,92,2499
583,94,92,2498
583,94,92,2496
583,93,93,2495
584,93,93,2493
584,92,93,2494
584,91,93,2495
583,91,91,2495
583,94,91,2496
583,92,93,2497
585,92,93,2498
586,92,92,2496
586,92,89,2497
587,91,90,2498
588,90,91,2499
588,90,90,2500
589,90,89,2498
589,88,91,2500
591,88,90,2499
590,87,90,2499
591,87,89,2499
591,87,89,2499
591,87,87,2499
594,87,87,2499
595,87,85,2500
595,87,84,2498
595,86,85,2498
595,86,83,2498
596,86,81,2499
597,86,80,2499
598,86,80,2499
601,85,80,2499
602,85,80,2499
602,84,81,2498
602,84,80,2498
603,83,81,2498
603,83,80,2498
603,83,80,2497
603,83,79,2497
604,83,79,2498
604,82,80,2498
605,82,79,2498
606,81,80,2500
607,81,79,2500
608,81,79,2498
608,81,79,2499
608,80,80,2498
609,80,80,2497
610,80,79,2497
609,80,78,2497
611,80,78,2496
612,80,78,2497
613,80,77,2497
613,80,76,2497
614,80,76,2496
615,80,76,2496
616,80,76,2496
616,79,75,2497
617,79,75,2499
617,79,75,2499
618,79,75,2499
619,82,75,2499
620,82,75,2501
621,82,75,2500
621,82,72,2500
621,82,72,2500
622,82,72,2500
622,81,72,2500
622,80,73,2500
622,80,73,2500
623,80,72,2500
622,79,73,2500
622,78,74,2500
622,78,73,2499
623,78,73,2501
623,78,72,2500
623,77,72,2499
623,76,73,2497
622,76,72,2498
623,76,72,2497
622,76,72,2498
622,76,71,2497
622,76,70,2496
623,76,70,2496
624,76,70,2496
624,76,70,2497
624,76,68,2496
625,82,68,2497
626,81,68,2495
626,81,67,2494
626,81,67,2494
626,82,67,2494
628,82,66,2496
629,82,66,2496
629,81,67,2497
629,81,66,2498
630,80,67,2498
630,79,68,2499
630,79,68,2499
630,78,69,2500
631,78,68,2499
631,78,68,2499
631,78,67,2499
632,78,67,2498
632,78,67,2498
632,80,67,2497
633,79,68,2496
633,78,68,2497
634,78,67,2497
634,77,66,2499
635,75,68,2499
635,74,68,2500
637,73,68,2499
637,72,69,2499
637,72,67,2498
637,72,66,2497
637,72,66,2497
636,72,66,2496
636,72,66,2494
636,72,66,2497
636,71,67,2497
636,71,67,2499
637,71,67,2499
637,71,66,2501
638,71,65,2501
638,71,65,2501
637,71,65,2501
637,71,65,2498
637,71,64,2497
637,71,64,2498
638,71,64,2497
638,71,64,2497
638,71,64,2497
638,71,63,2499
638,71,62,2498
638,71,62,2497
638,71,62,2498
638,70,63,2499
639,70,63,2499
639,70,63,2499
637,70,61,2499
638,70,59,2500
638,70,58,2500
639,70,58,2498
640,70,56,2499
640,70,56,2499
641,72,56,2501
641,72,56,2500
641,71,57,2500
640,71,56,2500
640,71,55,2499
641,71,54,2499
642,71,54,2500
642,71,54,2500
643,71,54,2500
643,71,54,2499
643,71,54,2498
643,71,54,2500
643,71,53,2500
644,71,52,2499
644,70,52,2498
644,70,51,2499
645,70,51,2500
645,70,51,2500
646,70,51,2500
646,70,50,2497
646,70,50,2499
646,70,50,2498
647,70,50,2499
647,70,49,2498
647,74,49,2499
648,74,49,2500
650,74,49,2498
652,73,49,2499
650,73,48,2499
650,75,48,2500
650,73,50,2499
650,73,50,2499
651,73,50,2500
651,73,48,2500
651,72,49,2497
653,71,50,2499
654,71,48,2499
653,71,48,2499
654,71,47,2499
654,70,48,2499
654,70,48,2501
656,70,45,2500
656,70,45,2500
655,70,44,2500
655,69,45,2498
655,69,45,2498
656,69,44,2497
656,69,43,2498
656,69,43,2498
657,69,42,2499
657,69,41,2499
658,69,40,2500
658,68,41,2500
658,68,41,2500
658,74,41,2500
659,74,40,2500
659,73,41,2500
659,73,41,2499
659,73,41,2499
659,73,41,2500
659,72,42,2500
659,72,41,2500
659,71,42,2500
659,69,44,2498
659,69,44,2499
660,69,42,2499
661,69,42,2500
661,69,40,2500
663,69,40,2499
663,69,40,2501
663,68,40,2500
663,68,40,2500
665,68,40,2499
666,68,40,2499
667,68,40,2501
667,68,40,2500
667,68,39,2499
668,67,40,2500
670,72,40,2499
672,72,40,2501
674,72,40,2501
674,71,41,2501
676,71,41,2501
676,70,41,2501
677,70,41,2500
677,70,41,2498
676,69,41,2500
677,68,41,2499
680,68,41,2499
681,67,42,2498
681,67,42,2497
681,66,42,2498
681,66,41,2497
681,65,42,2495
681,65,42,2497
681,71,42,2497
681,71,42,2497
682,71,42,2496
682,71,41,2497
681,71,40,2497
681,71,40,2498
682,69,41,2500
682,69,41,2500
682,70,41,2499
682,70,41,2499
684,70,41,2497
686,69,42,2497
687,69,42,2497
687,69,42,2497
688,76,42,2498
691,76,42,2499
691,76,41,2499
691,76,41,2500
692,75,41,2500
692,75,41,2499
693,75,41,2499
693,76,41,2499
693,75,42,2500
695,75,42,2500
696,75,42,2499
696,74,42,2498
697,74,41,2497
697,74,41,2495
697,74,41,2494
696,74,41,2494
696,74,41,2492
696,74,41,2492
698,74,39,2493
698,74,39,2493
698,74,38,2492
699,73,39,2493
700,73,39,2492
700,73,39,2491
700,73,39,2490
700,73,39,2491
700,73,39,2490
702,73,38,2491
702,73,38,2490
702,73,37,2489
702,73,37,2488
702,73,36,2489
701,73,36,2487
700,72,37,2488
704,72,36,2489
704,72,36,2490
705,72,36,2491
704,72,36,2491
705,72,36,2490
705,71,37,2491
706,71,37,2490
707,76,37,2490
707,76,37,2493
707,76,37,2493
707,76,35,2493
707,76,35,2494
711,76,35,2494
711,75,36,2496
710,75,35,2496
711,75,35,2497
711,75,35,2497
711,75,35,2498
712,75,35,2499
712,75,35,2499
715,75,35,2500
715,75,35,2500
715,74,36,2500
714,74,36,2500
714,74,34,2496
716,74,34,2495
716,73,35,2494
718,73,35,2494
718,73,34,2496
718,73,33,2496
719,73,33,2497
719,72,33,2498
721,72,32,2498
721,72,32,2498
722,72,32,2498
722,72,32,2499
722,72,32,2499
723,72,32,2497
724,71,33,2495
724,70,33,2496
724,70,33,2499
724,70,33,2499
725,70,33,2499
726,70,33,2501
725,70,32,2501
726,71,32,2501
725,71,31,2501
726,70,32,2501
726,69,33,2501
726,69,32,2499
726,69,32,2499
728,69,32,2497
728,68,33,2498
728,66,35,2497
729,66,35,2500
730,66,35,2500
731,66,35,2500
730,66,35,2500
731,65,36,2499
732,65,36,2499
732,65,36,2500
731,65,36,2500
731,65,36,2500
731,64,37,2500
731,64,37,2499
731,64,37,2498
731,64,37,2498
733,64,37,2498
733,63,37,2501
733,62,37,2499
732,61,38,2499
732,61,38,2498
733,61,37,2499
733,61,37,2499
733,61,37,2499
733,61,34,2499
733,58,37,2499
734,58,37,2499
734,57,38,2500
735,57,38,2499
735,57,37,2500
737,57,37,2499
739,56,38,2497
739,56,38,2497
739,55,39,2496
741,55,38,2496
742,55,38,2495
742,55,38,2495
743,55,38,2496
743,55,38,2496
745,55,38,2496
746,54,39,2496
746,53,40,2495
747,53,40,2495
749,53,39,2496
749,53,37,2495
749,53,37,2496
749,52,38,2495
748,52,38,2495
748,52,38,2496
748,52,38,2496
748,51,39,2495
748,51,38,2495
748,50,39,2496
748,50,39,2496
748,50,38,2497
747,50,38,2497
748,50,38,2496
748,50,37,2496
748,50,37,2497
749,50,37,2498
748,50,36,2498
748,50,36,2498
748,50,36,2500
748,50,36,2500
747,50,36,2499
748,50,36,2498
749,50,36,2498
749,50,36,2498
749,50,35,2500
750,50,34,2500
751,50,34,2499
751,50,34,2501
751,49,35,2501
751,49,35,2501
751,49,35,2501
751,49,35,2500
751,48,36,2500
752,47,37,2500
752,47,36,2499
752,47,36,2500
752,47,36,2500
752,47,36,2499
753,47,36,2498
753,47,36,2498
754,46,37,2498
754,46,37,2498
754,46,36,2500
754,46,36,2500
754,46,36,2500
756,46,36,2499
756,45,37,2499
756,45,37,2499
756,45,37,2499
757,45,37,2500
757,45,37,2499
758,45,37,2499
759,44,38,2498
760,44,38,2497
761,44,38,2497
761,43,39,2498
761,43,39,2497
761,43,39,2498
762,43,39,2498
763,42,40,2497
762,42,39,2497
763,42,39,2497
763,42,39,2496
763,41,40,2494
763,41,40,2493
764,41,40,2494
764,41,39,2493
764,41,39,2492
764,41,39,2494
765,40,39,2494
765,40,38,2495
765,40,38,2498
764,40,38,2499
765,40,37,2499
765,40,37,2499
766,40,37,2501
765,40,37,2501
766,40,37,2501
766,40,37,2501
767,40,37,2501
769,40,37,2501
770,40,37,2501
770,40,37,2500
771,40,37,2500
773,40,35,2500
773,40,35,2499
774,40,35,2497
774,40,35,2498
774,40,34,2499
776,40,34,2500
777,40,34,2500
777,40,34,2499
778,40,33,2497
780,40,32,2498
781,40,32,2499
783,39,33,2502
784,39,31,2502
784,39,31,2501
784,38,31,2501
784,38,31,2501
784,38,31,2501
783,38,31,2501
782,38,31,2500
783,38,31,2499
784,38,31,2499
783,37,31,2500
784,36,32,2500
784,36,32,2500
784,36,31,2499
785,36,31,2500
785,36,31,2500
785,36,30,2500
785,36,30,2499
785,37,29,2499
785,37,29,2500
785,37,29,2500
786,37,29,2500
785,37,28,2500
785,37,28,2500
787,36,29,2500
787,36,29,2499
788,36,29,2499
790,36,29,2500
790,41,29,2500
791,41,29,2500
793,41,28,2500
792,41,28,2499
792,41,28,2499
792,41,27,2502
793,41,27,2502
793,40,28,2502
793,40,28,2502
793,40,28,2502
794,40,28,2502
794,40,28,2501
796,40,28,2501
797,40,27,2501
797,40,27,2501
797,39,28,2501
797,39,28,2501
796,39,28,2500
797,38,29,2500
797,43,30,2500
799,43,30,2500
801,43,30,2500
801,43,29,2500
802,42,29,2500
801,42,29,2500
802,42,27,2500
803,42,27,2499
803,42,27,2499
804,42,27,2499
804,42,27,2500
804,41,28,2500
804,41,28,2500
804,41,28,2500
804,41,26,2499
804,41,26,2499
805,41,26,2499
806,41,26,2499
806,41,26,2501
807,41,26,2501
807,41,26,2501
807,41,26,2501
807,41,26,2498
808,41,26,2498
810,41,26,2498
809,41,26,2500
809,40,27,2500
809,39,28,2500
809,38,29,2500
808,38,29,2500
808,38,29,2499
808,38,29,2500
808,38,29,2500
808,37,30,2500
808,37,30,2500
808,37,30,2500
808,37,30,2499
808,37,30,2499
809,36,31,2499
809,36,30,2499
810,36,29,2502
809,36,29,2502
809,35,30,2502
809,35,30,2501
809,35,30,2501
811,34,30,2500
812,33,30,2500
812,33,30,2500
812,32,31,2499
812,32,31,2499
812,32,31,2499
812,32,30,2499
812,32,30,2500
812,32,30,2500
812,32,30,2500
812,32,30,2500
812,32,30,2500
813,31,31,2500
813,30,32,2500
813,29,33,2499
814,28,33,2499
815,28,33,2499
816,28,33,2500
817,28,33,2500
818,27,34,2500
818,26,35,2500
820,26,35,2499
820,26,35,2499
822,26,35,2500
822,26,35,2499
823,26,34,2499
826,26,34,2499
827,25,35,2500
826,25,35,2500
827,25,35,2500
827,25,35,2500
827,25,35,2499
827,25,34,2499
827,25,33,2500
827,25,32,2500
827,25,32,2500
827,25,31,2500
827,25,31,2500
827,25,31,2500
829,25,31,2500
830,25,30,2500
830,25,30,2500
830,25,30,2499
830,25,29,2500
830,25,29,2500
830,25,29,2500
831,25,29,2500
831,25,29,2500
830,25,29,2500
830,25,29,2500
830,25,29,2500
830,25,29,2499
830,25,29,2499
830,25,29,2500
830,24,30,2500
830,25,30,2500
830,25,30,2500
831,25,30,2500
831,25,30,2499
831,25,30,2500
833,25,30,2500
832,25,30,2500
832,25,30,2500
832,25,30,2500
832,25,30,2500
834,25,30,2500
835,25,30,2500
835,25,30,2500
835,25,30,2500
835,25,30,2500
837,25,30,2500
837,25,30,2500
838,25,29,2500
838,24,30,2500
838,24,30,2500
838,24,29,2500
839,24,29,2500
840,24,29,2500
840,24,29,2500
840,24,29,2500
841,24,29,2500
841,23,30,2500
841,23,30,2500
842,23,30,2500
843,23,30,2500
843,23,30,2500
843,23,30,2499
843,23,30,2500
843,23,30,2500
843,23,28,2500
843,23,28,2499
844,23,28,2499
845,23,27,2501
845,23,26,2501
845,23,26,2500
846,23,24,2500
848,23,24,2498
848,23,24,2498
848,23,24,2498
848,23,24,2496
848,23,23,2497
848,23,23,2498
848,23,23,2498
848,23,23,2498
848,23,23,2499
850,23,22,2499
850,23,22,2499
850,23,21,2499
851,23,21,2500
851,23,21,2499
851,23,21,2499
851,22,22,2499
851,22,22,2499
850,22,22,2500
850,22,22,2500
850,22,22,2500
851,22,22,2500
851,22,20,2500
852,22,19,2500
853,24,19,2500
854,24,19,2500
855,24,19,2500
856,24,19,2500
856,24,19,2499
858,23,20,2499
858,23,20,2498
859,23,20,2498
859,23,20,2498
859,23,20,2497
860,23,19,2497
860,23,19,2498
860,23,19,2500
861,23,19,2500
861,23,19,2500
862,23,19,2500
862,23,19,2499
862,23,19,2499
862,23,19,2500
862,23,18,2500
862,23,18,2500
863,22,19,2500
863,22,19,2500
864,21,20,2499
864,21,20,2499
864,21,20,2499
864,21,20,2499
864,21,20,2498
868,21,20,2499
868,21,20,2500
868,21,20,2500
868,21,19,2499
868,21,18,2499
868,21,18,2499
868,21,18,2500
869,21,18,2500
868,21,18,2500
868,21,17,2500
868,21,17,2500
868,21,17,2500
868,21,17,2500
868,21,17,2500
868,21,17,2500
868,21,17,2500
868,21,17,2500
868,21,17,2500
868,21,17,2500
868,21,17,2500
868,21,17,2500
868,21,17,2500
868,23,17,2500
868,23,17,2500
868,23,17,2500
869,23,17,2500
869,23,17,2500
870,23,17,2500
870,23,17,2500
870,23,17,2499
870,23,16,2499
871,23,16,2499
873,23,16,2498
873,23,16,2499
874,23,16,2500
874,23,16,2500
874,23,16,2500
874,23,16,2499
874,23,16,2500
874,23,16,2500
874,23,16,2500
875,23,16,2498
876,23,16,2498
876,23,15,2497
876,23,15,2497
876,23,15,2495
876,23,15,2495
876,23,15,2496
877,23,15,2496
878,23,15,2496
878,23,14,2496
879,23,14,2496
879,23,14,2496
880,23,14,2496
880,23,14,2496
880,23,14,2496
880,23,14,2497
880,23,14,2497
880,23,14,2499
880,23,13,2499
880,23,13,2499
880,23,13,2500
880,23,13,2500
880,23,13,2500
880,23,13,2500
880,23,13,2500
881,23,13,2500
881,23,13,2500
881,23,13,2499
881,23,13,2500
882,23,13,2500
882,23,13,2500
882,23,13,2500
882,23,13,2500
882,23,13,2500
883,23,13,2499
883,23,13,2499
884,23,12,2498
884,23,12,2498
884,23,11,2498
884,22,12,2499
884,22,11,2499
884,22,11,2499
885,22,11,2499
885,22,11,2499
884,22,11,2499
884,22,11,2500
884,22,11,2500
884,22,11,2500
884,22,11,2500
885,22,11,2500
885,21,12,2500
885,21,11,2500
886,21,11,2499
886,21,11,2499
887,21,11,2499
886,20,12,2499
886,20,11,2500
887,20,11,2500
887,20,11,2500
887,19,12,2500
887,19,11,2500
887,19,11,2499
887,19,11,2500
889,19,11,2500
890,19,11,2500
891,19,11,2500
891,19,11,2500
892,19,11,2500
892,19,10,2500
893,19,10,2499
894,19,10,2499
894,19,10,2499
894,24,10,2499
893,24,10,2499
892,24,10,2500
892,23,11,2499
892,23,11,2499
896,23,11,2499
896,22,12,2500
895,21,13,2500
897,21,13,2500
898,21,13,2500
898,21,13,2500
898,21,13,2500
898,21,13,2500
898,21,12,2500
897,20,13,2500
897,20,13,2500
897,20,13,2500
898,20,13,2500
898,20,13,2500
899,20,13,2500
899,20,13,2500
900,20,13,2500
900,20,13,2500
899,20,13,2500
899,20,13,2500
900,20,13,2500
900,19,14,2500
900,19,14,2500
900,19,14,2500
900,19,14,2499
900,19,14,2499
901,19,14,2498
901,19,14,2499
901,19,14,2499
900,19,14,2499
901,19,14,2499
901,18,15,2499
902,18,14,2500
902,18,14,2500
901,18,14,2498
901,18,13,2498
902,18,13,2498
902,18,13,2498
902,18,13,2499
902,18,13,2500
902,18,13,2500
903,18,13,2500
903,18,13,2500
902,18,13,2500
902,18,13,2500
903,18,13,2500
903,18,13,2500
903,18,13,2499
904,18,13,2499
904,18,13,2500
903,18,13,2500
903,17,14,2500
903,17,14,2500
903,16,15,2500
903,16,15,2499
903,16,15,2500
903,16,15,2499
903,16,15,2499
903,16,15,2500
903,16,15,2500
904,16,15,2500
904,16,15,2500
904,16,15,2500
904,16,15,2500
904,16,15,2500
904,15,16,2500
904,15,16,2499
904,15,16,2501
904,15,16,2501
906,15,16,2501
906,15,16,2501
905,15,15,2501
905,15,15,2500
905,15,15,2500
906,15,15,2500
906,15,15,2499
906,15,15,2499
906,15,15,2499
906,15,14,2499
906,15,14,2499
906,15,14,2500
906,15,14,2500
906,15,14,2500
906,15,14,2500
906,14,15,2500
907,13,16,2500
908,13,16,2500
907,13,16,2500
907,13,15,2500
907,13,15,2500
907,13,15,2499
907,13,15,2499
907,13,14,2500
908,13,14,2500
908,13,14,2500
908,13,14,2500
908,13,14,2500
908,13,14,2500
908,13,14,2500
908,12,15,2500
908,12,15,2500
908,12,15,2500
908,12,14,2500
908,12,14,2500
908,12,14,2500
908,12,14,2500
908,12,13,2500
908,12,13,2500
908,12,13,2500
908,12,13,2500
909,12,13,2500
909,12,13,2500
909,12,13,2500
909,12,13,2500
909,12,13,2500
909,12,13,2500
909,12,13,2500
909,12,13,2500
909,12,13,2499
909,12,13,2499
909,12,13,2499
909,12,13,2499
909,11,14,2499
908,11,14,2499
910,11,14,2499
910,11,14,2499
909,11,14,2499
909,11,14,2500
909,11,14,2500
909,11,14,2500
909,11,14,2500
909,11,14,2500
908,11,14,2500
908,11,14,2500
908,11,14,2499
908,11,14,2499
908,11,14,2500
909,11,14,2500
909,11,14,2499
908,14,14,2501
908,14,14,2501
907,14,14,2501
907,14,14,2501
907,14,14,2501
907,14,14,2501
907,13,15,2501
907,13,15,2501
906,13,14,2501
905,13,14,2501
905,13,14,2501
905,13,14,2501
905,13,14,2501
905,13,14,2501
905,13,14,2501
907,13,13,2501
907,13,13,2501
907,13,13,2501
907,13,13,2501
908,13,13,2501
908,13,13,2501
908,13,13,2501
908,13,13,2501
908,13,13,2501
909,13,13,2501
909,13,13,2501
910,13,13,2501
910,13,13,2501
910,13,13,2501
910,13,13,2501
910,13,13,2501
910,13,13,2501
910,13,13,2501
909,13,13,2501
909,13,13,2501
909,13,13,2501
908,13,13,2501
910,13,12,2501
910,12,13,2501
910,12,13,2501
910,12,13,2501
910,12,13,2501
910,12,13,2501
911,12,13,2501
911,12,13,2501
911,12,13,2501
911,12,13,2501
911,12,12,2501
911,12,12,2501
911,12,12,2501
911,12,12,2501
911,12,12,2501
911,12,12,2501
911,12,12,2501
911,12,12,2501
911,12,12,2501
911,11,13,2501
911,11,13,2501
910,11,13,2501
910,11,13,2501
910,11,13,2501
910,11,13,2501
912,11,13,2501
913,11,13,2501
913,11,13,2501
913,11,13,2501
913,11,13,2501
913,11,13,2501
914,11,13,2501
915,11,13,2501
915,11,12,2501
915,11,12,2501
915,11,12,2501
915,11,12,2501
915,11,12,2501
915,11,12,2501
915,11,12,2501
916,11,12,2501
916,11,12,2501
916,11,12,2501
916,11,12,2501
916,11,12,2501
916,11,12,2501
916,11,12,2501
916,11,12,2501
916,11,12,2501
916,11,12,2501
916,11,12,2501
916,11,11,2501
916,11,11,2501
916,11,11,2501
917,11,11,2501
917,11,11,2501
917,11,11,2501
918,11,11,2501
917,11,11,2501
917,11,11,2501
917,11,11,2501
918,11,11,2501
919,11,11,2501
919,11,11,2501
919,11,10,2501
920,11,10,2501
920,11,10,2501
920,11,10,2501
920,11,10,2501
920,11,10,2501
920,11,10,2501
920,11,9,2500
920,11,9,2500
920,11,9,2500
920,11,9,2500
920,11,7,2500
920,11,7,2500
920,11,7,2500
920,11,7,2500
920,11,7,2500
920,11,7,2500
920,11,7,2500
920,10,8,2500
920,10,8,2500
920,10,8,2500
920,10,8,2500
919,10,8,2500
919,10,8,2500
919,10,8,2500
919,10,8,2500
919,10,8,2500
919,10,8,2500
919,10,8,2500
919,10,8,2500
919,10,8,2500
921,10,8,2500
922,10,8,2500
924,10,8,2500
925,10,8,2500
926,10,8,2500
926,10,8,2499
926,10,8,2499
926,10,8,2499
926,10,8,2499
926,10,8,2500
926,10,8,2500
926,10,8,2500
926,10,8,2500
926,10,8,2500
926,10,8,2500
925,10,7,2500
925,10,7,2500
925,10,7,2500
925,10,7,2500
925,10,7,2500
925,10,7,2500
925,10,7,2499
926,10,7,2499
927,10,7,2499
928,10,7,2500
928,10,7,2500
928,10,7,2500
928,9,8,2500
927,9,8,2500
927,9,8,2500
927,9,8,2500
927,9,8,2500
927,9,8,2500
927,9,8,2500
927,9,8,2500
926,9,8,2500
926,9,8,2500
926,9,7,2500
926,9,7,2500
926,9,7,2500
926,9,7,2500
926,9,6,2500
926,9,6,2500
926,9,6,2500
925,9,6,2500
925,9,6,2500
925,9,6,2500
925,9,6,2499
925,9,5,2500
925,9,5,2500
925,9,5,2500
926,9,5,2500
926,9,5,2500
926,9,5,2500
925,9,5,2500
925,9,5,2500
924,9,5,2500
924,9,4,2500
924,9,4,2500
924,9,4,2500
924,9,4,2500
924,9,4,2500
924,9,4,2500
924,9,4,2500
924,15,4,2500
925,15,3,2500
925,15,3,2500
925,14,4,2500
924,14,4,2500
923,14,4,2500
924,14,4,2500
924,14,4,2500
924,14,4,2500
924,14,4,2500
925,14,4,2500
925,14,4,2500
925,13,5,2500
925,13,5,2500
925,13,5,2500
925,13,5,2500
925,13,5,2500
926,13,5,2500
926,13,5,2500
926,13,5,2500
925,13,5,2499
925,13,5,2499
925,13,5,2500
925,13,5,2500
925,13,5,2500
925,13,5,2500
925,13,5,2499
925,13,5,2500
925,13,5,2500
925,13,5,2500
925,13,5,2500
925,13,5,2500
925,13,5,2500
926,13,5,2500
927,13,5,2500
927,13,5,2500
926,13,5,2500
926,13,5,2500
926,13,5,2500
926,13,5,2500
927,13,5,2500
927,13,5,2500
928,12,6,2500
928,12,6,2500
928,12,6,2500
928,12,6,2500
928,11,6,2500
928,11,6,2500
928,11,6,2500
928,11,6,2500
928,11,6,2500
928,11,6,2500
927,11,6,2500
927,11,6,2500
927,11,6,2500
926,10,7,2500
926,10,7,2500
926,10,7,2500
926,10,7,2500
926,10,7,2500
926,10,7,2500
927,10,7,2500
927,10,6,2500
927,10,6,2500
927,10,6,2500
927,10,6,2500
927,10,6,2500
927,9,7,2500
928,9,7,2500
928,9,7,2500
928,9,7,2500
928,9,7,2500
928,9,7,2500
928,9,7,2500
928,9,7,2500
928,9,7,2500
928,8,8,2499
928,8,8,2499
928,8,8,2499
929,8,8,2499
928,8,8,2500
928,8,8,2500
929,8,8,2500
929,8,8,2500
929,8,8,2500
929,8,8,2500
929,8,8,2500
929,7,9,2500
929,7,9,2500
929,7,9,2500
929,7,9,2500
929,7,9,2500
929,7,9,2500
929,7,9,2499
929,7,9,2499
928,7,9,2499
928,7,9,2499
927,7,9,2500
927,7,9,2500
927,7,9,2499
927,7,9,2499
927,6,10,2499
927,6,10,2500
929,5,11,2500
930,5,11,2500
929,5,11,2500
929,5,11,2500
929,5,11,2500
930,5,11,2500
930,5,11,2500
930,5,10,2499
930,5,10,2500
930,5,10,2500
930,5,10,2499
930,5,10,2499
930,5,10,2499
930,5,10,2499
930,5,10,2500
929,5,10,2500
929,5,10,2500
929,5,10,2500
929,5,10,2500
930,5,9,2500
930,5,9,2500
930,5,9,2500
930,5,9,2500
931,5,9,2500
931,5,9,2500
931,5,9,2500
931,5,9,2500
931,5,8,2500
931,5,8,2500
931,5,8,2500
931,5,8,2500
930,5,8,2500
930,5,8,2500
930,5,8,2500
931,5,7,2500
931,5,7,2500
933,5,7,2500
933,5,7,2500
934,5,6,2500
934,5,6,2500
934,5,6,2500
935,5,6,2500
936,5,6,2499
936,5,6,2499
936,5,6,2499
936,5,6,2499
936,5,6,2500
936,5,6,2500
936,5,6,2500
937,5,6,2500
937,5,6,2500
936,5,6,2500
936,5,6,2500
936,5,6,2500
936,5,6,2499
936,4,7,2499
935,4,7,2499
935,4,7,2500
935,4,7,2500
935,4,7,2500
935,4,7,2500
935,4,7,2500
935,4,7,2500
935,4,7,2500
934,4,7,2500
935,4,7,2500
935,4,7,2500
935,4,6,2500
935,4,6,2500
935,4,6,2500
935,4,6,2500
935,4,6,2500
935,4,6,2500
935,4,6,2500
935,4,6,2500
935,4,6,2500
935,4,6,2500
935,4,6,2500
935,4,6,2500
936,4,6,2500
936,4,6,2500
936,4,6,2500
936,4,6,2500
936,4,6,2500
936,4,6,2500
936,4,6,2500
937,4,6,2500
938,4,6,2500
940,4,6,2500
940,4,6,2500
941,4,6,2500
941,4,6,2500
941,4,6,2500
941,4,6,2500
941,4,6,2500
941,4,6,2500
941,4,6,2500
941,4,6,2500
942,4,6,2500
942,4,6,2500
942,4,6,2500
942,4,6,2500
942,4,6,2500
942,4,6,2500
942,4,6,2500
942,4,6,2500
942,4,6,2500
942,4,6,2500
942,4,6,2500
942,4,6,2500
942,4,6,2500
942,4,6,2500
941,4,6,2500
941,4,6,2500
941,4,6,2500
941,4,6,2500
941,4,6,2500
941,4,6,2500
941,4,6,2500
941,4,6,2500
941,4,6,2500
942,4,6,2500
942,4,6,2500
942,3,7,2500
942,3,7,2500
942,3,7,2500
942,3,7,2500
942,3,7,2500
942,3,7,2500
942,3,7,2500
942,3,7,2500
942,3,7,2500
941,2,8,2500
941,2,8,2500
941,2,8,2500
943,2,8,2500
943,2,8,2500
943,2,7,2500
943,2,7,2500
943,2,7,2500
942,2,7,2500
943,2,7,2500
943,2,7,2500
943,2,7,2500
943,2,7,2500
943,2,7,2500
943,2,7,2500
942,2,7,2500
942,2,7,2500
942,2,7,2500
942,2,7,2500
942,2,7,2500
942,2,7,2500
942,2,7,2500
942,2,7,2500
942,2,7,2500
941,2,7,2500
941,2,7,2500
941,2,7,2500
941,2,7,2500
941,2,7,2500
940,2,7,2500
939,2,7,2500
939,2,7,2500
938,2,7,2500
938,2,7,2500
940,2,7,2500
940,2,7,2500
940,2,7,2500
941,2,7,2500
941,2,7,2500
941,2,7,2500
941,2,6,2500
941,2,5,2500
942,2,5,2500
942,2,5,2500
941,2,4,2500
941,2,4,2500
942,2,4,2500
942,2,3,2500
942,2,3,2500
941,2,3,2500
942,2,3,2500
942,2,3,2500
942,2,3,2500
942,2,3,2500
942,2,3,2500
941,2,3,2500
941,2,3,2500
941,2,3,2500
941,2,3,2500
940,2,3,2500
940,2,3,2500
940,2,3,2500
939,2,3,2500
939,2,3,2500
939,2,3,2500
940,2,2,2500
940,2,2,2500
940,2,2,2500
940,2,2,2500
940,2,2,2500
940,2,2,2500
940,2,2,2500
940,2,2,2500
940,2,2,2500
940,2,2,2500
940,2,2,2500
940,2,2,2500
940,2,2,2500
940,2,2,2500
940,2,2,2500
940,2,2,2500
941,2,2,2500
940,2,2,2500
940,2,2,2500
940,2,2,2500
939,2,2,2500
939,2,2,2500
939,2,2,2500
938,2,2,2500
938,1,3,2500
